# theta[deg]	neutral_n1	plasma_n1	neutral_n2	plasma_n2	neutral_n3	plasma_n3	neutral_n4	plasma_n4
0.00000000e+00	5.62908497e-01	8.92448742e-12	3.05508422e-01	6.86907557e-01	4.88636364e-01	1.99843960e-01	3.05508422e-01	6.93829928e-01
1.00000000e-01	5.62636166e-01	9.21186863e-12	3.07125194e-01	6.84260022e-01	4.87373737e-01	2.01401195e-01	3.07125194e-01	6.91287373e-01
2.00000000e-01	5.62363834e-01	9.50831610e-12	3.08756045e-01	6.81609228e-01	4.86111111e-01	2.02967629e-01	3.08756045e-01	6.88742862e-01
3.00000000e-01	5.62091503e-01	9.81410970e-12	3.10401057e-01	6.78955290e-01	4.84848485e-01	2.04543263e-01	3.10401057e-01	6.86196526e-01
4.00000000e-01	5.61819172e-01	1.01295377e-11	3.12060311e-01	6.76298327e-01	4.83585859e-01	2.06128099e-01	3.12060311e-01	6.83648497e-01
5.00000000e-01	5.61546841e-01	1.04548972e-11	3.13733890e-01	6.73638455e-01	4.82323232e-01	2.07722136e-01	3.13733890e-01	6.81098904e-01
6.00000000e-01	5.61274510e-01	1.07904940e-11	3.15421875e-01	6.70975791e-01	4.81060606e-01	2.09325375e-01	3.15421875e-01	6.78547879e-01
7.00000000e-01	5.61002179e-01	1.11366433e-11	3.17124349e-01	6.68310449e-01	4.79797980e-01	2.10937815e-01	3.17124349e-01	6.75995551e-01
8.00000000e-01	5.60729847e-01	1.14936697e-11	3.18841395e-01	6.65642547e-01	4.78535354e-01	2.12559456e-01	3.18841395e-01	6.73442051e-01
9.00000000e-01	5.60457516e-01	1.18619076e-11	3.20573096e-01	6.62972199e-01	4.77272727e-01	2.14190295e-01	3.20573096e-01	6.70887510e-01
1.00000000e+00	5.60185185e-01	1.22417015e-11	3.22319535e-01	6.60299520e-01	4.76010101e-01	2.15830331e-01	3.22319535e-01	6.68332056e-01
1.10000000e+00	5.59912854e-01	1.26334060e-11	3.24080794e-01	6.57624626e-01	4.74747475e-01	2.17479562e-01	3.24080794e-01	6.65775819e-01
1.20000000e+00	5.59640523e-01	1.30373865e-11	3.25856959e-01	6.54947630e-01	4.73484848e-01	2.19137986e-01	3.25856959e-01	6.63218929e-01
1.30000000e+00	5.59368192e-01	1.34540195e-11	3.27648112e-01	6.52268648e-01	4.72222222e-01	2.20805599e-01	3.27648112e-01	6.60661515e-01
1.40000000e+00	5.59095861e-01	1.38836924e-11	3.29454337e-01	6.49587792e-01	4.70959596e-01	2.22482398e-01	3.29454337e-01	6.58103706e-01
1.50000000e+00	5.58823529e-01	1.43268046e-11	3.31275720e-01	6.46905175e-01	4.69696970e-01	2.24168378e-01	3.31275720e-01	6.55545631e-01
1.60000000e+00	5.58551198e-01	1.47837671e-11	3.33112345e-01	6.44220912e-01	4.68434343e-01	2.25863536e-01	3.33112345e-01	6.52987417e-01
1.70000000e+00	5.58278867e-01	1.52550033e-11	3.34964295e-01	6.41535115e-01	4.67171717e-01	2.27567866e-01	3.34964295e-01	6.50429194e-01
1.80000000e+00	5.58006536e-01	1.57409494e-11	3.36831658e-01	6.38847895e-01	4.65909091e-01	2.29281363e-01	3.36831658e-01	6.47871089e-01
1.90000000e+00	5.57734205e-01	1.62420544e-11	3.38714516e-01	6.36159365e-01	4.64646465e-01	2.31004021e-01	3.38714516e-01	6.45313230e-01
2.00000000e+00	5.57461874e-01	1.67587808e-11	3.40612958e-01	6.33469637e-01	4.63383838e-01	2.32735834e-01	3.40612958e-01	6.42755745e-01
2.10000000e+00	5.57189542e-01	1.72916049e-11	3.42527067e-01	6.30778821e-01	4.62121212e-01	2.34476795e-01	3.42527067e-01	6.40198760e-01
2.20000000e+00	5.56917211e-01	1.78410169e-11	3.44456929e-01	6.28087028e-01	4.60858586e-01	2.36226897e-01	3.44456929e-01	6.37642403e-01
2.30000000e+00	5.56644880e-01	1.84075220e-11	3.46402632e-01	6.25394368e-01	4.59595960e-01	2.37986132e-01	3.46402632e-01	6.35086800e-01
2.40000000e+00	5.56372549e-01	1.89916402e-11	3.48364262e-01	6.22700952e-01	4.58333333e-01	2.39754491e-01	3.48364262e-01	6.32532077e-01
2.50000000e+00	5.56100218e-01	1.95939069e-11	3.50341905e-01	6.20006888e-01	4.57070707e-01	2.41531966e-01	3.50341905e-01	6.29978361e-01
2.60000000e+00	5.55827887e-01	2.02148735e-11	3.52335647e-01	6.17312286e-01	4.55808081e-01	2.43318548e-01	3.52335647e-01	6.27425778e-01
2.70000000e+00	5.55555556e-01	2.08551077e-11	3.54345577e-01	6.14617254e-01	4.54545455e-01	2.45114226e-01	3.54345577e-01	6.24874451e-01
2.80000000e+00	5.55283224e-01	2.15151941e-11	3.56371782e-01	6.11921901e-01	4.53282828e-01	2.46918991e-01	3.56371782e-01	6.22324508e-01
2.90000000e+00	5.55010893e-01	2.21957344e-11	3.58414349e-01	6.09226334e-01	4.52020202e-01	2.48732831e-01	3.58414349e-01	6.19776072e-01
3.00000000e+00	5.54738562e-01	2.28973485e-11	3.60473366e-01	6.06530660e-01	4.50757576e-01	2.50555735e-01	3.60473366e-01	6.17229268e-01
3.10000000e+00	5.54466231e-01	2.36206741e-11	3.62548921e-01	6.03834986e-01	4.49494949e-01	2.52387692e-01	3.62548921e-01	6.14684220e-01
3.20000000e+00	5.54193900e-01	2.43663683e-11	3.64641103e-01	6.01139418e-01	4.48232323e-01	2.54228688e-01	3.64641103e-01	6.12141052e-01
3.30000000e+00	5.53921569e-01	2.51351072e-11	3.66750000e-01	5.98444062e-01	4.46969697e-01	2.56078712e-01	3.66750000e-01	6.09599888e-01
3.40000000e+00	5.53649237e-01	2.59275870e-11	3.68875701e-01	5.95749023e-01	4.45707071e-01	2.57937748e-01	3.68875701e-01	6.07060849e-01
3.50000000e+00	5.53376906e-01	2.67445244e-11	3.71018294e-01	5.93054407e-01	4.44444444e-01	2.59805784e-01	3.71018294e-01	6.04524059e-01
3.60000000e+00	5.53104575e-01	2.75866574e-11	3.73177870e-01	5.90360317e-01	4.43181818e-01	2.61682805e-01	3.73177870e-01	6.01989641e-01
3.70000000e+00	5.52832244e-01	2.84547454e-11	3.75354517e-01	5.87666857e-01	4.41919192e-01	2.63568796e-01	3.75354517e-01	5.99457716e-01
3.80000000e+00	5.52559913e-01	2.93495703e-11	3.77548326e-01	5.84974130e-01	4.40656566e-01	2.65463740e-01	3.77548326e-01	5.96928406e-01
3.90000000e+00	5.52287582e-01	3.02719371e-11	3.79759386e-01	5.82282240e-01	4.39393939e-01	2.67367623e-01	3.79759386e-01	5.94401832e-01
4.00000000e+00	5.52015251e-01	3.12226743e-11	3.81987788e-01	5.79591289e-01	4.38131313e-01	2.69280426e-01	3.81987788e-01	5.91878115e-01
4.10000000e+00	5.51742919e-01	3.22026348e-11	3.84233622e-01	5.76901377e-01	4.36868687e-01	2.71202132e-01	3.84233622e-01	5.89357375e-01
4.20000000e+00	5.51470588e-01	3.32126965e-11	3.86496978e-01	5.74212607e-01	4.35606061e-01	2.73132725e-01	3.86496978e-01	5.86839732e-01
4.30000000e+00	5.51198257e-01	3.42537629e-11	3.88777948e-01	5.71525079e-01	4.34343434e-01	2.75072184e-01	3.88777948e-01	5.84325307e-01
4.40000000e+00	5.50925926e-01	3.53267642e-11	3.91076622e-01	5.68838894e-01	4.33080808e-01	2.77020491e-01	3.91076622e-01	5.81814217e-01
4.50000000e+00	5.50653595e-01	3.64326576e-11	3.93393093e-01	5.66154150e-01	4.31818182e-01	2.78977627e-01	3.93393093e-01	5.79306583e-01
4.60000000e+00	5.50381264e-01	3.75724286e-11	3.95727451e-01	5.63470946e-01	4.30555556e-01	2.80943570e-01	3.95727451e-01	5.76802521e-01
4.70000000e+00	5.50108932e-01	3.87470911e-11	3.98079789e-01	5.60789382e-01	4.29292929e-01	2.82918301e-01	3.98079789e-01	5.74302151e-01
4.80000000e+00	5.49836601e-01	3.99576889e-11	4.00450199e-01	5.58109555e-01	4.28030303e-01	2.84901797e-01	4.00450199e-01	5.71805590e-01
4.90000000e+00	5.49564270e-01	4.12052961e-11	4.02838772e-01	5.55431563e-01	4.26767677e-01	2.86894037e-01	4.02838772e-01	5.69312955e-01
5.00000000e+00	5.49291939e-01	4.24910184e-11	4.05245603e-01	5.52755502e-01	4.25505051e-01	2.88894998e-01	4.05245603e-01	5.66824362e-01
5.10000000e+00	5.49019608e-01	4.38159933e-11	4.07670782e-01	5.50081468e-01	4.24242424e-01	2.90904657e-01	4.07670782e-01	5.64339927e-01
5.20000000e+00	5.48747277e-01	4.51813917e-11	4.10114404e-01	5.47409556e-01	4.22979798e-01	2.92922990e-01	4.10114404e-01	5.61859768e-01
5.30000000e+00	5.48474946e-01	4.65884185e-11	4.12576561e-01	5.44739863e-01	4.21717172e-01	2.94949972e-01	4.12576561e-01	5.59383998e-01
5.40000000e+00	5.48202614e-01	4.80383137e-11	4.15057347e-01	5.42072482e-01	4.20454545e-01	2.96985579e-01	4.15057347e-01	5.56912732e-01
5.50000000e+00	5.47930283e-01	4.95323531e-11	4.17556856e-01	5.39407507e-01	4.19191919e-01	2.99029785e-01	4.17556856e-01	5.54446086e-01
5.60000000e+00	5.47657952e-01	5.10718498e-11	4.20075182e-01	5.36745032e-01	4.17929293e-01	3.01082563e-01	4.20075182e-01	5.51984173e-01
5.70000000e+00	5.47385621e-01	5.26581549e-11	4.22612419e-01	5.34085148e-01	4.16666667e-01	3.03143886e-01	4.22612419e-01	5.49527105e-01
5.80000000e+00	5.47113290e-01	5.42926586e-11	4.25168662e-01	5.31427948e-01	4.15404040e-01	3.05213728e-01	4.25168662e-01	5.47074998e-01
5.90000000e+00	5.46840959e-01	5.59767914e-11	4.27744004e-01	5.28773523e-01	4.14141414e-01	3.07292059e-01	4.27744004e-01	5.44627962e-01
6.00000000e+00	5.46568627e-01	5.77120252e-11	4.30338542e-01	5.26121964e-01	4.12878788e-01	3.09378852e-01	4.30338542e-01	5.42186110e-01
6.10000000e+00	5.46296296e-01	5.94998744e-11	4.32952369e-01	5.23473361e-01	4.11616162e-01	3.11474076e-01	4.32952369e-01	5.39749553e-01
6.20000000e+00	5.46023965e-01	6.13418974e-11	4.35585582e-01	5.20827804e-01	4.10353535e-01	3.13577701e-01	4.35585582e-01	5.37318403e-01
6.30000000e+00	5.45751634e-01	6.32396974e-11	4.38238277e-01	5.18185381e-01	4.09090909e-01	3.15689698e-01	4.38238277e-01	5.34892769e-01
6.40000000e+00	5.45479303e-01	6.51949238e-11	4.40910548e-01	5.15546181e-01	4.07828283e-01	3.17810033e-01	4.40910548e-01	5.32472763e-01
6.50000000e+00	5.45206972e-01	6.72092737e-11	4.43602492e-01	5.12910291e-01	4.06565657e-01	3.19938677e-01	4.43602492e-01	5.30058493e-01
6.60000000e+00	5.44934641e-01	6.92844931e-11	4.46314206e-01	5.10277798e-01	4.05303030e-01	3.22075595e-01	4.46314206e-01	5.27650069e-01
6.70000000e+00	5.44662309e-01	7.14223781e-11	4.49045786e-01	5.07648788e-01	4.04040404e-01	3.24220754e-01	4.49045786e-01	5.25247599e-01
6.80000000e+00	5.44389978e-01	7.36247768e-11	4.51797328e-01	5.05023348e-01	4.02777778e-01	3.26374121e-01	4.51797328e-01	5.22851190e-01
6.90000000e+00	5.44117647e-01	7.58935900e-11	4.54568930e-01	5.02401562e-01	4.01515152e-01	3.28535662e-01	4.54568930e-01	5.20460952e-01
7.00000000e+00	5.43845316e-01	7.82307733e-11	4.57360689e-01	4.99783514e-01	4.00252525e-01	3.30705339e-01	4.57360689e-01	5.18076990e-01
7.10000000e+00	5.43572985e-01	8.06383387e-11	4.60172703e-01	4.97169288e-01	3.98989899e-01	3.32883119e-01	4.60172703e-01	5.15699411e-01
7.20000000e+00	5.43300654e-01	8.31183554e-11	4.63005069e-01	4.94558967e-01	3.97727273e-01	3.35068964e-01	4.63005069e-01	5.13328321e-01
7.30000000e+00	5.43028322e-01	8.56729522e-11	4.65857885e-01	4.91952634e-01	3.96464646e-01	3.37262837e-01	4.65857885e-01	5.10963825e-01
7.40000000e+00	5.42755991e-01	8.83043188e-11	4.68731249e-01	4.89350370e-01	3.95202020e-01	3.39464700e-01	4.68731249e-01	5.08606028e-01
7.50000000e+00	5.42483660e-01	9.10147076e-11	4.71625260e-01	4.86752256e-01	3.93939394e-01	3.41674514e-01	4.71625260e-01	5.06255035e-01
7.60000000e+00	5.42211329e-01	9.38064354e-11	4.74540017e-01	4.84158373e-01	3.92676768e-01	3.43892241e-01	4.74540017e-01	5.03910950e-01
7.70000000e+00	5.41938998e-01	9.66818851e-11	4.77475618e-01	4.81568799e-01	3.91414141e-01	3.46117840e-01	4.77475618e-01	5.01573874e-01
7.80000000e+00	5.41666667e-01	9.96435077e-11	4.80432163e-01	4.78983615e-01	3.90151515e-01	3.48351270e-01	4.80432163e-01	4.99243912e-01
7.90000000e+00	5.41394336e-01	1.02693824e-10	4.83409751e-01	4.76402898e-01	3.88888889e-01	3.50592491e-01	4.83409751e-01	4.96921166e-01
8.00000000e+00	5.41122004e-01	1.05835427e-10	4.86408481e-01	4.73826727e-01	3.87626263e-01	3.52841461e-01	4.86408481e-01	4.94605736e-01
8.10000000e+00	5.40849673e-01	1.09070983e-10	4.89428453e-01	4.71255177e-01	3.86363636e-01	3.55098136e-01	4.89428453e-01	4.92297725e-01
8.20000000e+00	5.40577342e-01	1.12403235e-10	4.92469769e-01	4.68688325e-01	3.85101010e-01	3.57362475e-01	4.92469769e-01	4.89997232e-01
8.30000000e+00	5.40305011e-01	1.15835004e-10	4.95532526e-01	4.66126247e-01	3.83838384e-01	3.59634431e-01	4.95532526e-01	4.87704357e-01
8.40000000e+00	5.40032680e-01	1.19369189e-10	4.98616827e-01	4.63569018e-01	3.82575758e-01	3.61913962e-01	4.98616827e-01	4.85419201e-01
8.50000000e+00	5.39760349e-01	1.23008774e-10	5.01722773e-01	4.61016711e-01	3.81313131e-01	3.64201021e-01	5.01722773e-01	4.83141861e-01
8.60000000e+00	5.39488017e-01	1.26756826e-10	5.04850463e-01	4.58469400e-01	3.80050505e-01	3.66495562e-01	5.04850463e-01	4.80872436e-01
8.70000000e+00	5.39215686e-01	1.30616502e-10	5.08000000e-01	4.55927159e-01	3.78787879e-01	3.68797540e-01	5.08000000e-01	4.78611024e-01
8.80000000e+00	5.38943355e-01	1.34591043e-10	5.11171485e-01	4.53390058e-01	3.77525253e-01	3.71106905e-01	5.11171485e-01	4.76357721e-01
8.90000000e+00	5.38671024e-01	1.38683787e-10	5.14365019e-01	4.50858170e-01	3.76262626e-01	3.73423611e-01	5.14365019e-01	4.74112625e-01
9.00000000e+00	5.38398693e-01	1.42898163e-10	5.17580705e-01	4.48331564e-01	3.75000000e-01	3.75747608e-01	5.17580705e-01	4.71875831e-01
9.10000000e+00	5.38126362e-01	1.47237698e-10	5.20818645e-01	4.45810311e-01	3.73737374e-01	3.78078847e-01	5.20818645e-01	4.69647434e-01
9.20000000e+00	5.37854031e-01	1.51706021e-10	5.24078941e-01	4.43294481e-01	3.72474747e-01	3.80417278e-01	5.24078941e-01	4.67427530e-01
9.30000000e+00	5.37581699e-01	1.56306858e-10	5.27361695e-01	4.40784141e-01	3.71212121e-01	3.82762849e-01	5.27361695e-01	4.65216213e-01
9.40000000e+00	5.37309368e-01	1.61044046e-10	5.30667012e-01	4.38279359e-01	3.69949495e-01	3.85115510e-01	5.30667012e-01	4.63013575e-01
9.50000000e+00	5.37037037e-01	1.65921526e-10	5.33994993e-01	4.35780203e-01	3.68686869e-01	3.87475207e-01	5.33994993e-01	4.60819712e-01
9.60000000e+00	5.36764706e-01	1.70943352e-10	5.37345743e-01	4.33286739e-01	3.67424242e-01	3.89841889e-01	5.37345743e-01	4.58634714e-01
9.70000000e+00	5.36492375e-01	1.76113691e-10	5.40719365e-01	4.30799032e-01	3.66161616e-01	3.92215500e-01	5.40719365e-01	4.56458674e-01
9.80000000e+00	5.36220044e-01	1.81436828e-10	5.44115963e-01	4.28317148e-01	3.64898990e-01	3.94595988e-01	5.44115963e-01	4.54291683e-01
9.90000000e+00	5.35947712e-01	1.86917167e-10	5.47535640e-01	4.25841150e-01	3.63636364e-01	3.96983296e-01	5.47535640e-01	4.52133831e-01
1.00000000e+01	5.35675381e-01	1.92559237e-10	5.50978501e-01	4.23371103e-01	3.62373737e-01	3.99377369e-01	5.50978501e-01	4.49985210e-01
1.01000000e+01	5.35403050e-01	1.98367694e-10	5.54444652e-01	4.20907069e-01	3.61111111e-01	4.01778150e-01	5.54444652e-01	4.47845908e-01
1.02000000e+01	5.35130719e-01	2.04347324e-10	5.57934195e-01	4.18449109e-01	3.59848485e-01	4.04185583e-01	5.57934195e-01	4.45716014e-01
1.03000000e+01	5.34858388e-01	2.10503047e-10	5.61447237e-01	4.15997286e-01	3.58585859e-01	4.06599609e-01	5.61447237e-01	4.43595617e-01
1.04000000e+01	5.34586057e-01	2.16839920e-10	5.64983883e-01	4.13551660e-01	3.57323232e-01	4.09020169e-01	5.64983883e-01	4.41484805e-01
1.05000000e+01	5.34313725e-01	2.23363144e-10	5.68544239e-01	4.11112291e-01	3.56060606e-01	4.11447205e-01	5.68544239e-01	4.39383664e-01
1.06000000e+01	5.34041394e-01	2.30078061e-10	5.72128409e-01	4.08679238e-01	3.54797980e-01	4.13880657e-01	5.72128409e-01	4.37292281e-01
1.07000000e+01	5.33769063e-01	2.36990166e-10	5.75736500e-01	4.06252559e-01	3.53535354e-01	4.16320463e-01	5.75736500e-01	4.35210742e-01
1.08000000e+01	5.33496732e-01	2.44105106e-10	5.79368618e-01	4.03832313e-01	3.52272727e-01	4.18766563e-01	5.79368618e-01	4.33139133e-01
1.09000000e+01	5.33224401e-01	2.51428684e-10	5.83024870e-01	4.01418556e-01	3.51010101e-01	4.21218894e-01	5.83024870e-01	4.31077538e-01
1.10000000e+01	5.32952070e-01	2.58966867e-10	5.86705362e-01	3.99011344e-01	3.49747475e-01	4.23677394e-01	5.86705362e-01	4.29026041e-01
1.11000000e+01	5.32679739e-01	2.66725787e-10	5.90410202e-01	3.96610734e-01	3.48484848e-01	4.26141998e-01	5.90410202e-01	4.26984726e-01
1.12000000e+01	5.32407407e-01	2.74711746e-10	5.94139495e-01	3.94216779e-01	3.47222222e-01	4.28612643e-01	5.94139495e-01	4.24953676e-01
1.13000000e+01	5.32135076e-01	2.82931221e-10	5.97893351e-01	3.91829535e-01	3.45959596e-01	4.31089264e-01	5.97893351e-01	4.22932972e-01
1.14000000e+01	5.31862745e-01	2.91390870e-10	6.01671875e-01	3.89449054e-01	3.44696970e-01	4.33571796e-01	6.01671875e-01	4.20922698e-01
1.15000000e+01	5.31590414e-01	3.00097534e-10	6.05475177e-01	3.87075389e-01	3.43434343e-01	4.36060171e-01	6.05475177e-01	4.18922933e-01
1.16000000e+01	5.31318083e-01	3.09058246e-10	6.09303363e-01	3.84708592e-01	3.42171717e-01	4.38554323e-01	6.09303363e-01	4.16933759e-01
1.17000000e+01	5.31045752e-01	3.18280232e-10	6.13156544e-01	3.82348715e-01	3.40909091e-01	4.41054184e-01	6.13156544e-01	4.14955255e-01
1.18000000e+01	5.30773420e-01	3.27770918e-10	6.17034826e-01	3.79995807e-01	3.39646465e-01	4.43559687e-01	6.17034826e-01	4.12987501e-01
1.19000000e+01	5.30501089e-01	3.37537936e-10	6.20938319e-01	3.77649919e-01	3.38383838e-01	4.46070761e-01	6.20938319e-01	4.11030574e-01
1.20000000e+01	5.30228758e-01	3.47589128e-10	6.24867132e-01	3.75311099e-01	3.37121212e-01	4.48587337e-01	6.24867132e-01	4.09084554e-01
1.21000000e+01	5.29956427e-01	3.57932554e-10	6.28821374e-01	3.72979397e-01	3.35858586e-01	4.51109345e-01	6.28821374e-01	4.07149518e-01
1.22000000e+01	5.29684096e-01	3.68576496e-10	6.32801155e-01	3.70654859e-01	3.34595960e-01	4.53636713e-01	6.32801155e-01	4.05225542e-01
1.23000000e+01	5.29411765e-01	3.79529462e-10	6.36806584e-01	3.68337532e-01	3.33333333e-01	4.56169369e-01	6.36806584e-01	4.03312703e-01
1.24000000e+01	5.29139434e-01	3.90800197e-10	6.40837772e-01	3.66027463e-01	3.32070707e-01	4.58707242e-01	6.40837772e-01	4.01411077e-01
1.25000000e+01	5.28867102e-01	4.02397686e-10	6.44894828e-01	3.63724697e-01	3.30808081e-01	4.61250257e-01	6.44894828e-01	3.99520737e-01
1.26000000e+01	5.28594771e-01	4.14331161e-10	6.48977862e-01	3.61429279e-01	3.29545455e-01	4.63798341e-01	6.48977862e-01	3.97641760e-01
1.27000000e+01	5.28322440e-01	4.26610107e-10	6.53086987e-01	3.59141253e-01	3.28282828e-01	4.66351419e-01	6.53086987e-01	3.95774217e-01
1.28000000e+01	5.28050109e-01	4.39244271e-10	6.57222312e-01	3.56860662e-01	3.27020202e-01	4.68909417e-01	6.57222312e-01	3.93918184e-01
1.29000000e+01	5.27777778e-01	4.52243665e-10	6.61383948e-01	3.54587549e-01	3.25757576e-01	4.71472257e-01	6.61383948e-01	3.92073732e-01
1.30000000e+01	5.27505447e-01	4.65618577e-10	6.65572008e-01	3.52321955e-01	3.24494949e-01	4.74039864e-01	6.65572008e-01	3.90240933e-01
1.31000000e+01	5.27233115e-01	4.79379577e-10	6.69786602e-01	3.50063923e-01	3.23232323e-01	4.76612160e-01	6.69786602e-01	3.88419858e-01
1.32000000e+01	5.26960784e-01	4.93537525e-10	6.74027842e-01	3.47813491e-01	3.21969697e-01	4.79189067e-01	6.74027842e-01	3.86610578e-01
1.33000000e+01	5.26688453e-01	5.08103574e-10	6.78295841e-01	3.45570701e-01	3.20707071e-01	4.81770506e-01	6.78295841e-01	3.84813164e-01
1.34000000e+01	5.26416122e-01	5.23089188e-10	6.82590711e-01	3.43335591e-01	3.19444444e-01	4.84356399e-01	6.82590711e-01	3.83027685e-01
1.35000000e+01	5.26143791e-01	5.38506137e-10	6.86912564e-01	3.41108199e-01	3.18181818e-01	4.86946664e-01	6.86912564e-01	3.81254209e-01
1.36000000e+01	5.25871460e-01	5.54366519e-10	6.91261514e-01	3.38888563e-01	3.16919192e-01	4.89541222e-01	6.91261514e-01	3.79492804e-01
1.37000000e+01	5.25599129e-01	5.70682756e-10	6.95637672e-01	3.36676720e-01	3.15656566e-01	4.92139992e-01	6.95637672e-01	3.77743540e-01
1.38000000e+01	5.25326797e-01	5.87467612e-10	7.00041153e-01	3.34472706e-01	3.14393939e-01	4.94742890e-01	7.00041153e-01	3.76006481e-01
1.39000000e+01	5.25054466e-01	6.04734197e-10	7.04472070e-01	3.32276557e-01	3.13131313e-01	4.97349835e-01	7.04472070e-01	3.74281696e-01
1.40000000e+01	5.24782135e-01	6.22495977e-10	7.08930537e-01	3.30088308e-01	3.11868687e-01	4.99960743e-01	7.08930537e-01	3.72569250e-01
1.41000000e+01	5.24509804e-01	6.40766785e-10	7.13416667e-01	3.27907993e-01	3.10606061e-01	5.02575530e-01	7.13416667e-01	3.70869207e-01
1.42000000e+01	5.24237473e-01	6.59560829e-10	7.17930575e-01	3.25735644e-01	3.09343434e-01	5.05194112e-01	7.17930575e-01	3.69181633e-01
1.43000000e+01	5.23965142e-01	6.78892702e-10	7.22472375e-01	3.23571296e-01	3.08080808e-01	5.07816404e-01	7.22472375e-01	3.67506591e-01
1.44000000e+01	5.23692810e-01	6.98777393e-10	7.27042182e-01	3.21414979e-01	3.06818182e-01	5.10442318e-01	7.27042182e-01	3.65844145e-01
1.45000000e+01	5.23420479e-01	7.19230298e-10	7.31640111e-01	3.19266726e-01	3.05555556e-01	5.13071770e-01	7.31640111e-01	3.64194358e-01
1.46000000e+01	5.23148148e-01	7.40267228e-10	7.36266277e-01	3.17126567e-01	3.04292929e-01	5.15704672e-01	7.36266277e-01	3.62557291e-01
1.47000000e+01	5.22875817e-01	7.61904421e-10	7.40920795e-01	3.14994532e-01	3.03030303e-01	5.18340936e-01	7.40920795e-01	3.60933007e-01
1.48000000e+01	5.22603486e-01	7.84158556e-10	7.45603781e-01	3.12870651e-01	3.01767677e-01	5.20980473e-01	7.45603781e-01	3.59321565e-01
1.49000000e+01	5.22331155e-01	8.07046760e-10	7.50315350e-01	3.10754952e-01	3.00505051e-01	5.23623196e-01	7.50315350e-01	3.57723027e-01
1.50000000e+01	5.22058824e-01	8.30586624e-10	7.55055620e-01	3.08647462e-01	2.99242424e-01	5.26269012e-01	7.55055620e-01	3.56137453e-01
1.51000000e+01	5.21786492e-01	8.54796211e-10	7.59824706e-01	3.06548210e-01	2.97979798e-01	5.28917834e-01	7.59824706e-01	3.54564900e-01
1.52000000e+01	5.21514161e-01	8.79694073e-10	7.64622724e-01	3.04457222e-01	2.96717172e-01	5.31569569e-01	7.64622724e-01	3.53005429e-01
1.53000000e+01	5.21241830e-01	9.05299258e-10	7.69449792e-01	3.02374524e-01	2.95454545e-01	5.34224127e-01	7.69449792e-01	3.51459096e-01
1.54000000e+01	5.20969499e-01	9.31631328e-10	7.74306026e-01	3.00300140e-01	2.94191919e-01	5.36881414e-01	7.74306026e-01	3.49925959e-01
1.55000000e+01	5.20697168e-01	9.58710370e-10	7.79191544e-01	2.98234097e-01	2.92929293e-01	5.39541339e-01	7.79191544e-01	3.48406075e-01
1.56000000e+01	5.20424837e-01	9.86557012e-10	7.84106463e-01	2.96176418e-01	2.91666667e-01	5.42203808e-01	7.84106463e-01	3.46899499e-01
1.57000000e+01	5.20152505e-01	1.01519243e-09	7.89050901e-01	2.94127125e-01	2.90404040e-01	5.44868727e-01	7.89050901e-01	3.45406288e-01
1.58000000e+01	5.19880174e-01	1.04463838e-09	7.94024976e-01	2.92086243e-01	2.89141414e-01	5.47536001e-01	7.94024976e-01	3.43926495e-01
1.59000000e+01	5.19607843e-01	1.07491718e-09	7.99028807e-01	2.90053792e-01	2.87878788e-01	5.50205536e-01	7.99028807e-01	3.42460176e-01
1.60000000e+01	5.19335512e-01	1.10605176e-09	8.04062510e-01	2.88029794e-01	2.86616162e-01	5.52877235e-01	8.04062510e-01	3.41007384e-01
1.61000000e+01	5.19063181e-01	1.13806566e-09	8.09126206e-01	2.86014269e-01	2.85353535e-01	5.55551003e-01	8.09126206e-01	3.39568172e-01
1.62000000e+01	5.18790850e-01	1.17098306e-09	8.14220013e-01	2.84007239e-01	2.84090909e-01	5.58226743e-01	8.14220013e-01	3.38142593e-01
1.63000000e+01	5.18518519e-01	1.20482875e-09	8.19344050e-01	2.82008722e-01	2.82828283e-01	5.60904357e-01	8.19344050e-01	3.36730698e-01
1.64000000e+01	5.18246187e-01	1.23962822e-09	8.24498437e-01	2.80018737e-01	2.81565657e-01	5.63583747e-01	8.24498437e-01	3.35332538e-01
1.65000000e+01	5.17973856e-01	1.27540763e-09	8.29683293e-01	2.78037302e-01	2.80303030e-01	5.66264815e-01	8.29683293e-01	3.33948165e-01
1.66000000e+01	5.17701525e-01	1.31219382e-09	8.34898738e-01	2.76064434e-01	2.79040404e-01	5.68947461e-01	8.34898738e-01	3.32577629e-01
1.67000000e+01	5.17429194e-01	1.35001435e-09	8.40144892e-01	2.74100151e-01	2.77777778e-01	5.71631587e-01	8.40144892e-01	3.31220978e-01
1.68000000e+01	5.17156863e-01	1.38889752e-09	8.45421875e-01	2.72144469e-01	2.76515152e-01	5.74317091e-01	8.45421875e-01	3.29878263e-01
1.69000000e+01	5.16884532e-01	1.42887238e-09	8.50729808e-01	2.70197403e-01	2.75252525e-01	5.77003873e-01	8.50729808e-01	3.28549530e-01
1.70000000e+01	5.16612200e-01	1.46996876e-09	8.56068812e-01	2.68258969e-01	2.73989899e-01	5.79691832e-01	8.56068812e-01	3.27234829e-01
1.71000000e+01	5.16339869e-01	1.51221725e-09	8.61439008e-01	2.66329180e-01	2.72727273e-01	5.82380866e-01	8.61439008e-01	3.25934206e-01
1.72000000e+01	5.16067538e-01	1.55564927e-09	8.66840517e-01	2.64408051e-01	2.71464646e-01	5.85070873e-01	8.66840517e-01	3.24647707e-01
1.73000000e+01	5.15795207e-01	1.60029709e-09	8.72273460e-01	2.62495594e-01	2.70202020e-01	5.87761750e-01	8.72273460e-01	3.23375378e-01
1.74000000e+01	5.15522876e-01	1.64619380e-09	8.77737960e-01	2.60591823e-01	2.68939394e-01	5.90453394e-01	8.77737960e-01	3.22117266e-01
1.75000000e+01	5.15250545e-01	1.69337339e-09	8.83234138e-01	2.58696748e-01	2.67676768e-01	5.93145700e-01	8.83234138e-01	3.20873414e-01
1.76000000e+01	5.14978214e-01	1.74187072e-09	8.88762116e-01	2.56810383e-01	2.66414141e-01	5.95838564e-01	8.88762116e-01	3.19643867e-01
1.77000000e+01	5.14705882e-01	1.79172160e-09	8.94322016e-01	2.54932736e-01	2.65151515e-01	5.98531882e-01	8.94322016e-01	3.18428669e-01
1.78000000e+01	5.14433551e-01	1.84296277e-09	8.99913963e-01	2.53063819e-01	2.63888889e-01	6.01225549e-01	8.99913963e-01	3.17227862e-01
1.79000000e+01	5.14161220e-01	1.89563193e-09	9.05538077e-01	2.51203641e-01	2.62626263e-01	6.03919457e-01	9.05538077e-01	3.16041489e-01
1.80000000e+01	5.13888889e-01	1.94976779e-09	9.11194483e-01	2.49352211e-01	2.61363636e-01	6.06613502e-01	9.11194483e-01	3.14869592e-01
1.81000000e+01	5.13616558e-01	2.00541005e-09	9.16883304e-01	2.47509537e-01	2.60101010e-01	6.09307576e-01	9.16883304e-01	3.13712212e-01
1.82000000e+01	5.13344227e-01	2.06259948e-09	9.22604664e-01	2.45675627e-01	2.58838384e-01	6.12001573e-01	9.22604664e-01	3.12569389e-01
1.83000000e+01	5.13071895e-01	2.12137791e-09	9.28358685e-01	2.43850489e-01	2.57575758e-01	6.14695383e-01	9.28358685e-01	3.11441165e-01
1.84000000e+01	5.12799564e-01	2.18178827e-09	9.34145493e-01	2.42034129e-01	2.56313131e-01	6.17388900e-01	9.34145493e-01	3.10327578e-01
1.85000000e+01	5.12527233e-01	2.24387461e-09	9.39965212e-01	2.40226553e-01	2.55050505e-01	6.20082015e-01	9.39965212e-01	3.09228668e-01
1.86000000e+01	5.12254902e-01	2.30768213e-09	9.45817966e-01	2.38427767e-01	2.53787879e-01	6.22774618e-01	9.45817966e-01	3.08144472e-01
1.87000000e+01	5.11982571e-01	2.37325722e-09	9.51703879e-01	2.36637775e-01	2.52525253e-01	6.25466600e-01	9.51703879e-01	3.07075029e-01
1.88000000e+01	5.11710240e-01	2.44064749e-09	9.57623078e-01	2.34856583e-01	2.51262626e-01	6.28157852e-01	9.57623078e-01	3.06020376e-01
1.89000000e+01	5.11437908e-01	2.50990176e-09	9.63575687e-01	2.33084194e-01	2.50000000e-01	6.30848263e-01	9.63575687e-01	3.04980549e-01
1.90000000e+01	5.11165577e-01	2.58107017e-09	9.69561832e-01	2.31320611e-01	2.48737374e-01	6.33537722e-01	9.69561832e-01	3.03955586e-01
1.91000000e+01	5.10893246e-01	2.65420414e-09	9.75581638e-01	2.29565837e-01	2.47474747e-01	6.36226118e-01	9.75581638e-01	3.02945520e-01
1.92000000e+01	5.10620915e-01	2.72935642e-09	9.81635232e-01	2.27819874e-01	2.46212121e-01	6.38913340e-01	9.81635232e-01	3.01950387e-01
1.93000000e+01	5.10348584e-01	2.80658115e-09	9.87722739e-01	2.26082725e-01	2.44949495e-01	6.41599276e-01	9.87722739e-01	3.00970223e-01
1.94000000e+01	5.10076253e-01	2.88593389e-09	9.93844286e-01	2.24354389e-01	2.43686869e-01	6.44283813e-01	9.93844286e-01	3.00005059e-01
1.95000000e+01	5.09803922e-01	2.96747161e-09	1.00000000e+00	2.22634869e-01	2.42424242e-01	6.46966838e-01	1.00000000e+00	2.99054930e-01
1.96000000e+01	5.09531590e-01	3.05125279e-09	9.99338624e-01	2.20924163e-01	2.41161616e-01	6.49648240e-01	9.97685185e-01	2.98119869e-01
1.97000000e+01	5.09259259e-01	3.13733740e-09	9.98677249e-01	2.19222272e-01	2.39898990e-01	6.52327903e-01	9.95370370e-01	2.97199907e-01
1.98000000e+01	5.08986928e-01	3.22578699e-09	9.98015873e-01	2.17529195e-01	2.38636364e-01	6.55005715e-01	9.93055556e-01	2.96295076e-01
1.99000000e+01	5.08714597e-01	3.31666468e-09	9.97354497e-01	2.15844930e-01	2.37373737e-01	6.57681562e-01	9.90740741e-01	2.95405408e-01
2.00000000e+01	5.08442266e-01	3.41003525e-09	9.96693122e-01	2.14169475e-01	2.36111111e-01	6.60355328e-01	9.88425926e-01	2.94530932e-01
2.01000000e+01	5.08169935e-01	3.50596512e-09	9.96031746e-01	2.12502828e-01	2.34848485e-01	6.63026899e-01	9.86111111e-01	2.93671678e-01
2.02000000e+01	5.07897603e-01	3.60452245e-09	9.95370370e-01	2.10844985e-01	2.33585859e-01	6.65696160e-01	9.83796296e-01	2.92827676e-01
2.03000000e+01	5.07625272e-01	3.70577716e-09	9.94708995e-01	2.09195944e-01	2.32323232e-01	6.68362996e-01	9.81481481e-01	2.91998955e-01
2.04000000e+01	5.07352941e-01	3.80980097e-09	9.94047619e-01	2.07555701e-01	2.31060606e-01	6.71027291e-01	9.79166667e-01	2.91185543e-01
2.05000000e+01	5.07080610e-01	3.91666743e-09	9.93386243e-01	2.05924250e-01	2.29797980e-01	6.73688928e-01	9.76851852e-01	2.90387467e-01
2.06000000e+01	5.06808279e-01	4.02645200e-09	9.92724868e-01	2.04301588e-01	2.28535354e-01	6.76347791e-01	9.74537037e-01	2.89604755e-01
2.07000000e+01	5.06535948e-01	4.13923207e-09	9.92063492e-01	2.02687708e-01	2.27272727e-01	6.79003764e-01	9.72222222e-01	2.88837433e-01
2.08000000e+01	5.06263617e-01	4.25508705e-09	9.91402116e-01	2.01082605e-01	2.26010101e-01	6.81656730e-01	9.69907407e-01	2.88085527e-01
2.09000000e+01	5.05991285e-01	4.37409834e-09	9.90740741e-01	1.99486272e-01	2.24747475e-01	6.84306571e-01	9.67592593e-01	2.87349062e-01
2.10000000e+01	5.05718954e-01	4.49634946e-09	9.90079365e-01	1.97898704e-01	2.23484848e-01	6.86953171e-01	9.65277778e-01	2.86628065e-01
2.11000000e+01	5.05446623e-01	4.62192607e-09	9.89417989e-01	1.96319891e-01	2.22222222e-01	6.89596410e-01	9.62962963e-01	2.85922558e-01
2.12000000e+01	5.05174292e-01	4.75091600e-09	9.88756614e-01	1.94749827e-01	2.20959596e-01	6.92236172e-01	9.60648148e-01	2.85232565e-01
2.13000000e+01	5.04901961e-01	4.88340936e-09	9.88095238e-01	1.93188504e-01	2.19696970e-01	6.94872339e-01	9.58333333e-01	2.84558111e-01
2.14000000e+01	5.04629630e-01	5.01949853e-09	9.87433862e-01	1.91635912e-01	2.18434343e-01	6.97504791e-01	9.56018519e-01	2.83899217e-01
2.15000000e+01	5.04357298e-01	5.15927828e-09	9.86772487e-01	1.90092043e-01	2.17171717e-01	7.00133410e-01	9.53703704e-01	2.83255906e-01
2.16000000e+01	5.04084967e-01	5.30284577e-09	9.86111111e-01	1.88556887e-01	2.15909091e-01	7.02758077e-01	9.51388889e-01	2.82628200e-01
2.17000000e+01	5.03812636e-01	5.45030067e-09	9.85449735e-01	1.87030435e-01	2.14646465e-01	7.05378673e-01	9.49074074e-01	2.82016119e-01
2.18000000e+01	5.03540305e-01	5.60174515e-09	9.84788360e-01	1.85512675e-01	2.13383838e-01	7.07995079e-01	9.46759259e-01	2.81419684e-01
2.19000000e+01	5.03267974e-01	5.75728401e-09	9.84126984e-01	1.84003598e-01	2.12121212e-01	7.10607176e-01	9.44444444e-01	2.80838915e-01
2.20000000e+01	5.02995643e-01	5.91702470e-09	9.83465608e-01	1.82503191e-01	2.10858586e-01	7.13214843e-01	9.42129630e-01	2.80273832e-01
2.21000000e+01	5.02723312e-01	6.08107741e-09	9.82804233e-01	1.81011443e-01	2.09595960e-01	7.15817962e-01	9.39814815e-01	2.79724452e-01
2.22000000e+01	5.02450980e-01	6.24955513e-09	9.82142857e-01	1.79528342e-01	2.08333333e-01	7.18416411e-01	9.37500000e-01	2.79190796e-01
2.23000000e+01	5.02178649e-01	6.42257369e-09	9.81481481e-01	1.78053876e-01	2.07070707e-01	7.21010071e-01	9.35185185e-01	2.78672880e-01
2.24000000e+01	5.01906318e-01	6.60025188e-09	9.80820106e-01	1.76588031e-01	2.05808081e-01	7.23598822e-01	9.32870370e-01	2.78170722e-01
2.25000000e+01	5.01633987e-01	6.78271150e-09	9.80158730e-01	1.75130795e-01	2.04545455e-01	7.26182542e-01	9.30555556e-01	2.77684338e-01
2.26000000e+01	5.01361656e-01	6.97007741e-09	9.79497354e-01	1.73682153e-01	2.03282828e-01	7.28761112e-01	9.28240741e-01	2.77213745e-01
2.27000000e+01	5.01089325e-01	7.16247764e-09	9.78835979e-01	1.72242092e-01	2.02020202e-01	7.31334412e-01	9.25925926e-01	2.76758959e-01
2.28000000e+01	5.00816993e-01	7.36004346e-09	9.78174603e-01	1.70810597e-01	2.00757576e-01	7.33902319e-01	9.23611111e-01	2.76319994e-01
2.29000000e+01	5.00544662e-01	7.56290942e-09	9.77513228e-01	1.69387653e-01	1.99494949e-01	7.36464714e-01	9.21296296e-01	2.75896865e-01
2.30000000e+01	5.00272331e-01	7.77121351e-09	9.76851852e-01	1.67973245e-01	1.98232323e-01	7.39021475e-01	9.18981481e-01	2.75489586e-01
2.31000000e+01	5.00000000e-01	7.98509715e-09	9.76190476e-01	1.66567357e-01	1.96969697e-01	7.41572481e-01	9.16666667e-01	2.75098171e-01
2.32000000e+01	4.99727669e-01	8.20470534e-09	9.75529101e-01	1.65169973e-01	1.95707071e-01	7.44117612e-01	9.14351852e-01	2.74722633e-01
2.33000000e+01	4.99455338e-01	8.43018674e-09	9.74867725e-01	1.63781077e-01	1.94444444e-01	7.46656745e-01	9.12037037e-01	2.74362984e-01
2.34000000e+01	4.99183007e-01	8.66169370e-09	9.74206349e-01	1.62400652e-01	1.93181818e-01	7.49189760e-01	9.09722222e-01	2.74019236e-01
2.35000000e+01	4.98910675e-01	8.89938245e-09	9.73544974e-01	1.61028681e-01	1.91919192e-01	7.51716536e-01	9.07407407e-01	2.73691400e-01
2.36000000e+01	4.98638344e-01	9.14341308e-09	9.72883598e-01	1.59665147e-01	1.90656566e-01	7.54236951e-01	9.05092593e-01	2.73379487e-01
2.37000000e+01	4.98366013e-01	9.39394974e-09	9.72222222e-01	1.58310032e-01	1.89393939e-01	7.56750884e-01	9.02777778e-01	2.73083508e-01
2.38000000e+01	4.98093682e-01	9.65116065e-09	9.71560847e-01	1.56963317e-01	1.88131313e-01	7.59258214e-01	9.00462963e-01	2.72803473e-01
2.39000000e+01	4.97821351e-01	9.91521826e-09	9.70899471e-01	1.55624985e-01	1.86868687e-01	7.61758818e-01	8.98148148e-01	2.72539390e-01
2.40000000e+01	4.97549020e-01	1.01862993e-08	9.70238095e-01	1.54295016e-01	1.85606061e-01	7.64252577e-01	8.95833333e-01	2.72291268e-01
2.41000000e+01	4.97276688e-01	1.04645850e-08	9.69576720e-01	1.52973391e-01	1.84343434e-01	7.66739368e-01	8.93518519e-01	2.72059116e-01
2.42000000e+01	4.97004357e-01	1.07502610e-08	9.68915344e-01	1.51660090e-01	1.83080808e-01	7.69219070e-01	8.91203704e-01	2.71842942e-01
2.43000000e+01	4.96732026e-01	1.10435176e-08	9.68253968e-01	1.50355095e-01	1.81818182e-01	7.71691562e-01	8.88888889e-01	2.71642751e-01
2.44000000e+01	4.96459695e-01	1.13445499e-08	9.67592593e-01	1.49058384e-01	1.80555556e-01	7.74156723e-01	8.86574074e-01	2.71458552e-01
2.45000000e+01	4.96187364e-01	1.16535577e-08	9.66931217e-01	1.47769938e-01	1.79292929e-01	7.76614431e-01	8.84259259e-01	2.71290349e-01
2.46000000e+01	4.95915033e-01	1.19707460e-08	9.66269841e-01	1.46489735e-01	1.78030303e-01	7.79064566e-01	8.81944444e-01	2.71138149e-01
2.47000000e+01	4.95642702e-01	1.22963246e-08	9.65608466e-01	1.45217755e-01	1.76767677e-01	7.81507006e-01	8.79629630e-01	2.71001957e-01
2.48000000e+01	4.95370370e-01	1.26305088e-08	9.64947090e-01	1.43953976e-01	1.75505051e-01	7.83941630e-01	8.77314815e-01	2.70881777e-01
2.49000000e+01	4.95098039e-01	1.29735190e-08	9.64285714e-01	1.42698377e-01	1.74242424e-01	7.86368317e-01	8.75000000e-01	2.70777613e-01
2.50000000e+01	4.94825708e-01	1.33255812e-08	9.63624339e-01	1.41450934e-01	1.72979798e-01	7.88786947e-01	8.72685185e-01	2.70689468e-01
2.51000000e+01	4.94553377e-01	1.36869270e-08	9.62962963e-01	1.40211628e-01	1.71717172e-01	7.91197399e-01	8.70370370e-01	2.70617345e-01
2.52000000e+01	4.94281046e-01	1.40577936e-08	9.62301587e-01	1.38980434e-01	1.70454545e-01	7.93599552e-01	8.68055556e-01	2.70561248e-01
2.53000000e+01	4.94008715e-01	1.44384242e-08	9.61640212e-01	1.37757330e-01	1.69191919e-01	7.95993286e-01	8.65740741e-01	2.70521177e-01
2.54000000e+01	4.93736383e-01	1.48290678e-08	9.60978836e-01	1.36542292e-01	1.67929293e-01	7.98378481e-01	8.63425926e-01	2.70497133e-01
2.55000000e+01	4.93464052e-01	1.52299797e-08	9.60317460e-01	1.35335298e-01	1.66666667e-01	8.00755016e-01	8.61111111e-01	2.70489119e-01
2.56000000e+01	4.93191721e-01	1.56414216e-08	9.59656085e-01	1.34136325e-01	1.66666667e-01	8.03122772e-01	8.58796296e-01	2.70497133e-01
2.57000000e+01	4.92919390e-01	1.60636614e-08	9.58994709e-01	1.32945347e-01	1.66666667e-01	8.05481628e-01	8.56481481e-01	2.70521177e-01
2.58000000e+01	4.92647059e-01	1.64969736e-08	9.58333333e-01	1.31762340e-01	1.66666667e-01	8.07831465e-01	8.54166667e-01	2.70561248e-01
2.59000000e+01	4.92374728e-01	1.69416397e-08	9.57671958e-01	1.30587282e-01	1.66666669e-01	8.10172164e-01	8.51851852e-01	2.70617345e-01
2.60000000e+01	4.92102397e-01	1.73979478e-08	9.57010582e-01	1.29420146e-01	1.66666673e-01	8.12503605e-01	8.49537037e-01	2.70689468e-01
2.61000000e+01	4.91830065e-01	1.78661932e-08	9.56349206e-01	1.28260908e-01	1.66666679e-01	8.14825670e-01	8.47222222e-01	2.70777613e-01
2.62000000e+01	4.91557734e-01	1.83466786e-08	9.55687831e-01	1.27109542e-01	1.66666690e-01	8.17138238e-01	8.44907407e-01	2.70881777e-01
2.63000000e+01	4.91285403e-01	1.88397137e-08	9.55026455e-01	1.25966024e-01	1.66666707e-01	8.19441193e-01	8.42592593e-01	2.71001957e-01
2.64000000e+01	4.91013072e-01	1.93456161e-08	9.54365079e-01	1.24830327e-01	1.66666731e-01	8.21734415e-01	8.40277778e-01	2.71138149e-01
2.65000000e+01	4.90740741e-01	1.98647112e-08	9.53703704e-01	1.23702427e-01	1.66666765e-01	8.24017786e-01	8.37962963e-01	2.71290349e-01
2.66000000e+01	4.90468410e-01	2.03973320e-08	9.53042328e-01	1.22582296e-01	1.66666810e-01	8.26291188e-01	8.35648148e-01	2.71458552e-01
2.67000000e+01	4.90196078e-01	2.09438200e-08	9.52380952e-01	1.21469908e-01	1.66666870e-01	8.28554505e-01	8.33333333e-01	2.71642751e-01
2.68000000e+01	4.89923747e-01	2.15045248e-08	9.51719577e-01	1.20365238e-01	1.66666947e-01	8.30807618e-01	8.31018519e-01	2.71842942e-01
2.69000000e+01	4.89651416e-01	2.20798045e-08	9.51058201e-01	1.19268257e-01	1.66667043e-01	8.33050410e-01	8.28703704e-01	2.72059116e-01
2.70000000e+01	4.89379085e-01	2.26700261e-08	9.50396825e-01	1.18178940e-01	1.66667163e-01	8.35282766e-01	8.26388889e-01	2.72291268e-01
2.71000000e+01	4.89106754e-01	2.32755652e-08	9.49735450e-01	1.17097259e-01	1.66667309e-01	8.37504567e-01	8.24074074e-01	2.72539390e-01
2.72000000e+01	4.88834423e-01	2.38968069e-08	9.49074074e-01	1.16023186e-01	1.66667485e-01	8.39715699e-01	8.21759259e-01	2.72803473e-01
2.73000000e+01	4.88562092e-01	2.45341454e-08	9.48412698e-01	1.14956695e-01	1.66667695e-01	8.41916046e-01	8.19444444e-01	2.73083508e-01
2.74000000e+01	4.88289760e-01	2.51879844e-08	9.47751323e-01	1.13897757e-01	1.66667944e-01	8.44105491e-01	8.17129630e-01	2.73379487e-01
2.75000000e+01	4.88017429e-01	2.58587375e-08	9.47089947e-01	1.12846345e-01	1.66668235e-01	8.46283920e-01	8.14814815e-01	2.73691400e-01
2.76000000e+01	4.87745098e-01	2.65468284e-08	9.46428571e-01	1.11802430e-01	1.66668573e-01	8.48451219e-01	8.12500000e-01	2.74019236e-01
2.77000000e+01	4.87472767e-01	2.72526907e-08	9.45767196e-01	1.10765984e-01	1.66668962e-01	8.50607272e-01	8.10185185e-01	2.74362984e-01
2.78000000e+01	4.87200436e-01	2.79767688e-08	9.45105820e-01	1.09736979e-01	1.66669409e-01	8.52751967e-01	8.07870370e-01	2.74722633e-01
2.79000000e+01	4.86928105e-01	2.87195176e-08	9.44444444e-01	1.08715385e-01	1.66669918e-01	8.54885188e-01	8.05555556e-01	2.75098171e-01
2.80000000e+01	4.86655773e-01	2.94814032e-08	9.43783069e-01	1.07701175e-01	1.66670495e-01	8.57006824e-01	8.03240741e-01	2.75489586e-01
2.81000000e+01	4.86383442e-01	3.02629026e-08	9.43121693e-01	1.06694318e-01	1.66671145e-01	8.59116761e-01	8.00925926e-01	2.75896865e-01
2.82000000e+01	4.86111111e-01	3.10645046e-08	9.42460317e-01	1.05694787e-01	1.66671875e-01	8.61214887e-01	7.98611111e-01	2.76319994e-01
2.83000000e+01	4.85838780e-01	3.18867095e-08	9.41798942e-01	1.04702551e-01	1.66672691e-01	8.63301090e-01	7.96296296e-01	2.76758959e-01
2.84000000e+01	4.85566449e-01	3.27300297e-08	9.41137566e-01	1.03717582e-01	1.66673598e-01	8.65375258e-01	7.93981481e-01	2.77213745e-01
2.85000000e+01	4.85294118e-01	3.35949900e-08	9.40476190e-01	1.02739848e-01	1.66674605e-01	8.67437281e-01	7.91666667e-01	2.77684338e-01
2.86000000e+01	4.85021786e-01	3.44821275e-08	9.39814815e-01	1.01769322e-01	1.66675718e-01	8.69487048e-01	7.89351852e-01	2.78170722e-01
2.87000000e+01	4.84749455e-01	3.53919924e-08	9.39153439e-01	1.00805973e-01	1.66676943e-01	8.71524448e-01	7.87037037e-01	2.78672880e-01
2.88000000e+01	4.84477124e-01	3.63251479e-08	9.38492063e-01	9.98497697e-02	1.66678289e-01	8.73549372e-01	7.84722222e-01	2.79190796e-01
2.89000000e+01	4.84204793e-01	3.72821709e-08	9.37830688e-01	9.89006835e-02	1.66679763e-01	8.75561711e-01	7.82407407e-01	2.79724452e-01
2.90000000e+01	4.83932462e-01	3.82636517e-08	9.37169312e-01	9.79586835e-02	1.66681373e-01	8.77561356e-01	7.80092593e-01	2.80273832e-01
2.91000000e+01	4.83660131e-01	3.92701951e-08	9.36507937e-01	9.70237393e-02	1.66683128e-01	8.79548199e-01	7.77777778e-01	2.80838915e-01
2.92000000e+01	4.83387800e-01	4.03024200e-08	9.35846561e-01	9.60958203e-02	1.66685034e-01	8.81522133e-01	7.75462963e-01	2.81419684e-01
2.93000000e+01	4.83115468e-01	4.13609600e-08	9.35185185e-01	9.51748958e-02	1.66687102e-01	8.83483049e-01	7.73148148e-01	2.82016119e-01
2.94000000e+01	4.82843137e-01	4.24464641e-08	9.34523810e-01	9.42609350e-02	1.66689339e-01	8.85430843e-01	7.70833333e-01	2.82628200e-01
2.95000000e+01	4.82570806e-01	4.35595965e-08	9.33862434e-01	9.33539069e-02	1.66691756e-01	8.87365406e-01	7.68518519e-01	2.83255906e-01
2.96000000e+01	4.82298475e-01	4.47010370e-08	9.33201058e-01	9.24537805e-02	1.66694360e-01	8.89286635e-01	7.66203704e-01	2.83899217e-01
2.97000000e+01	4.82026144e-01	4.58714819e-08	9.32539683e-01	9.15605246e-02	1.66697163e-01	8.91194424e-01	7.63888889e-01	2.84558111e-01
2.98000000e+01	4.81753813e-01	4.70716437e-08	9.31878307e-01	9.06741080e-02	1.66700172e-01	8.93088668e-01	7.61574074e-01	2.85232565e-01
2.99000000e+01	4.81481481e-01	4.83022519e-08	9.31216931e-01	8.97944993e-02	1.66703399e-01	8.94969264e-01	7.59259259e-01	2.85922558e-01
3.00000000e+01	4.81209150e-01	4.95640532e-08	9.30555556e-01	8.89216670e-02	1.66706854e-01	8.96836109e-01	7.56944444e-01	2.86628065e-01
3.01000000e+01	4.80936819e-01	5.08578120e-08	9.29894180e-01	8.80555797e-02	1.66710548e-01	8.98689100e-01	7.54629630e-01	2.87349062e-01
3.02000000e+01	4.80664488e-01	5.21843106e-08	9.29232804e-01	8.71962056e-02	1.66714489e-01	9.00528136e-01	7.52314815e-01	2.88085527e-01
3.03000000e+01	4.80392157e-01	5.35443499e-08	9.28571429e-01	8.63435130e-02	1.66718691e-01	9.02353114e-01	7.50000000e-01	2.88837433e-01
3.04000000e+01	4.80119826e-01	5.49387497e-08	9.27910053e-01	8.54974701e-02	1.66723164e-01	9.04163934e-01	7.47685185e-01	2.89604755e-01
3.05000000e+01	4.79847495e-01	5.63683490e-08	9.27248677e-01	8.46580450e-02	1.66727919e-01	9.05960496e-01	7.45370370e-01	2.90387467e-01
3.06000000e+01	4.79575163e-01	5.78340064e-08	9.26587302e-01	8.38252057e-02	1.66732968e-01	9.07742701e-01	7.43055556e-01	2.91185543e-01
3.07000000e+01	4.79302832e-01	5.93366009e-08	9.25925926e-01	8.29989203e-02	1.66738323e-01	9.09510449e-01	7.40740741e-01	2.91998955e-01
3.08000000e+01	4.79030501e-01	6.08770320e-08	9.25264550e-01	8.21791565e-02	1.66743997e-01	9.11263643e-01	7.38425926e-01	2.92827676e-01
3.09000000e+01	4.78758170e-01	6.24562204e-08	9.24603175e-01	8.13658821e-02	1.66750000e-01	9.13002185e-01	7.36111111e-01	2.93671678e-01
3.10000000e+01	4.78485839e-01	6.40751082e-08	9.23941799e-01	8.05590650e-02	1.66756346e-01	9.14725979e-01	7.33796296e-01	2.94530932e-01
3.11000000e+01	4.78213508e-01	6.57346597e-08	9.23280423e-01	7.97586728e-02	1.66763049e-01	9.16434928e-01	7.31481481e-01	2.95405408e-01
3.12000000e+01	4.77941176e-01	6.74358616e-08	9.22619048e-01	7.89646732e-02	1.66770120e-01	9.18128937e-01	7.29166667e-01	2.96295076e-01
3.13000000e+01	4.77668845e-01	6.91797239e-08	9.21957672e-01	7.81770336e-02	1.66777573e-01	9.19807911e-01	7.26851852e-01	2.97199907e-01
3.14000000e+01	4.77396514e-01	7.09672798e-08	9.21296296e-01	7.73957218e-02	1.66785422e-01	9.21471756e-01	7.24537037e-01	2.98119869e-01
3.15000000e+01	4.77124183e-01	7.27995869e-08	9.20634921e-01	7.66207050e-02	1.66793680e-01	9.23120379e-01	7.22222222e-01	2.99054930e-01
3.16000000e+01	4.76851852e-01	7.46777273e-08	9.19973545e-01	7.58519508e-02	1.66802361e-01	9.24753688e-01	7.19907407e-01	3.00005059e-01
3.17000000e+01	4.76579521e-01	7.66028083e-08	9.19312169e-01	7.50894265e-02	1.66811481e-01	9.26371591e-01	7.17592593e-01	3.00970223e-01
3.18000000e+01	4.76307190e-01	7.85759629e-08	9.18650794e-01	7.43330994e-02	1.66821052e-01	9.27973997e-01	7.15277778e-01	3.01950387e-01
3.19000000e+01	4.76034858e-01	8.05983504e-08	9.17989418e-01	7.35829370e-02	1.66831090e-01	9.29560816e-01	7.12962963e-01	3.02945520e-01
3.20000000e+01	4.75762527e-01	8.26711571e-08	9.17328042e-01	7.28389064e-02	1.66841610e-01	9.31131958e-01	7.10648148e-01	3.03955586e-01
3.21000000e+01	4.75490196e-01	8.47955966e-08	9.16666667e-01	7.21009749e-02	1.66852627e-01	9.32687334e-01	7.08333333e-01	3.04980549e-01
3.22000000e+01	4.75217865e-01	8.69729109e-08	9.16005291e-01	7.13691098e-02	1.66864156e-01	9.34226857e-01	7.06018519e-01	3.06020376e-01
3.23000000e+01	4.74945534e-01	8.92043705e-08	9.15343915e-01	7.06432781e-02	1.66876213e-01	9.35750440e-01	7.03703704e-01	3.07075029e-01
3.24000000e+01	4.74673203e-01	9.14912752e-08	9.14682540e-01	6.99234472e-02	1.66888813e-01	9.37257996e-01	7.01388889e-01	3.08144472e-01
3.25000000e+01	4.74400871e-01	9.38349551e-08	9.14021164e-01	6.92095840e-02	1.66901974e-01	9.38749439e-01	6.99074074e-01	3.09228668e-01
3.26000000e+01	4.74128540e-01	9.62367707e-08	9.13359788e-01	6.85016559e-02	1.66915711e-01	9.40224686e-01	6.96759259e-01	3.10327578e-01
3.27000000e+01	4.73856209e-01	9.86981139e-08	9.12698413e-01	6.77996298e-02	1.66930041e-01	9.41683653e-01	6.94444444e-01	3.11441165e-01
3.28000000e+01	4.73583878e-01	1.01220409e-07	9.12037037e-01	6.71034729e-02	1.66944981e-01	9.43126256e-01	6.92129630e-01	3.12569389e-01
3.29000000e+01	4.73311547e-01	1.03805112e-07	9.11375661e-01	6.64131523e-02	1.66960547e-01	9.44552412e-01	6.89814815e-01	3.13712212e-01
3.30000000e+01	4.73039216e-01	1.06453714e-07	9.10714286e-01	6.57286351e-02	1.66976757e-01	9.45962042e-01	6.87500000e-01	3.14869592e-01
3.31000000e+01	4.72766885e-01	1.09167739e-07	9.10052910e-01	6.50498883e-02	1.66993629e-01	9.47355065e-01	6.85185185e-01	3.16041489e-01
3.32000000e+01	4.72494553e-01	1.11948746e-07	9.09391534e-01	6.43768791e-02	1.67011180e-01	9.48731400e-01	6.82870370e-01	3.17227862e-01
3.33000000e+01	4.72222222e-01	1.14798331e-07	9.08730159e-01	6.37095746e-02	1.67029429e-01	9.50090969e-01	6.80555556e-01	3.18428669e-01
3.34000000e+01	4.71949891e-01	1.17718125e-07	9.08068783e-01	6.30479418e-02	1.67048393e-01	9.51433695e-01	6.78240741e-01	3.19643867e-01
3.35000000e+01	4.71677560e-01	1.20709797e-07	9.07407407e-01	6.23919478e-02	1.67068091e-01	9.52759501e-01	6.75925926e-01	3.20873414e-01
3.36000000e+01	4.71405229e-01	1.23775054e-07	9.06746032e-01	6.17415599e-02	1.67088542e-01	9.54068309e-01	6.73611111e-01	3.22117266e-01
3.37000000e+01	4.71132898e-01	1.26915642e-07	9.06084656e-01	6.10967450e-02	1.67109764e-01	9.55360047e-01	6.71296296e-01	3.23375378e-01
3.38000000e+01	4.70860566e-01	1.30133346e-07	9.05423280e-01	6.04574703e-02	1.67131777e-01	9.56634638e-01	6.68981481e-01	3.24647707e-01
3.39000000e+01	4.70588235e-01	1.33429994e-07	9.04761905e-01	5.98237030e-02	1.67154600e-01	9.57892010e-01	6.66666667e-01	3.25934206e-01
3.40000000e+01	4.70315904e-01	1.36807452e-07	9.04100529e-01	5.91954103e-02	1.67178254e-01	9.59132090e-01	6.64351852e-01	3.27234829e-01
3.41000000e+01	4.70043573e-01	1.40267632e-07	9.03439153e-01	5.85725593e-02	1.67202756e-01	9.60354808e-01	6.62037037e-01	3.28549530e-01
3.42000000e+01	4.69771242e-01	1.43812488e-07	9.02777778e-01	5.79551173e-02	1.67228129e-01	9.61560092e-01	6.59722222e-01	3.29878263e-01
3.43000000e+01	4.69498911e-01	1.47444016e-07	9.02116402e-01	5.73430515e-02	1.67254392e-01	9.62747873e-01	6.57407407e-01	3.31220978e-01
3.44000000e+01	4.69226580e-01	1.51164262e-07	9.01455026e-01	5.67363293e-02	1.67281566e-01	9.63918082e-01	6.55092593e-01	3.32577629e-01
3.45000000e+01	4.68954248e-01	1.54975314e-07	9.00793651e-01	5.61349178e-02	1.67309671e-01	9.65070652e-01	6.52777778e-01	3.33948165e-01
3.46000000e+01	4.68681917e-01	1.58879309e-07	9.00132275e-01	5.55387845e-02	1.67338729e-01	9.66205516e-01	6.50462963e-01	3.35332538e-01
3.47000000e+01	4.68409586e-01	1.62878432e-07	8.99470899e-01	5.49478967e-02	1.67368760e-01	9.67322608e-01	6.48148148e-01	3.36730698e-01
3.48000000e+01	4.68137255e-01	1.66974919e-07	8.98809524e-01	5.43622219e-02	1.67399787e-01	9.68421864e-01	6.45833333e-01	3.38142593e-01
3.49000000e+01	4.67864924e-01	1.71171053e-07	8.98148148e-01	5.37817274e-02	1.67431832e-01	9.69503219e-01	6.43518519e-01	3.39568172e-01
3.50000000e+01	4.67592593e-01	1.75469172e-07	8.97486772e-01	5.32063809e-02	1.67464915e-01	9.70566612e-01	6.41203704e-01	3.41007384e-01
3.51000000e+01	4.67320261e-01	1.79871663e-07	8.96825397e-01	5.26361497e-02	1.67499060e-01	9.71611980e-01	6.38888889e-01	3.42460176e-01
3.52000000e+01	4.67047930e-01	1.84380970e-07	8.96164021e-01	5.20710016e-02	1.67534289e-01	9.72639262e-01	6.36574074e-01	3.43926495e-01
3.53000000e+01	4.66775599e-01	1.88999591e-07	8.95502646e-01	5.15109041e-02	1.67570624e-01	9.73648400e-01	6.34259259e-01	3.45406288e-01
3.54000000e+01	4.66503268e-01	1.93730077e-07	8.94841270e-01	5.09558250e-02	1.67608089e-01	9.74639333e-01	6.31944444e-01	3.46899499e-01
3.55000000e+01	4.66230937e-01	1.98575042e-07	8.94179894e-01	5.04057319e-02	1.67646706e-01	9.75612004e-01	6.29629630e-01	3.48406075e-01
3.56000000e+01	4.65958606e-01	2.03537152e-07	8.93518519e-01	4.98605927e-02	1.67686500e-01	9.76566358e-01	6.27314815e-01	3.49925959e-01
3.57000000e+01	4.65686275e-01	2.08619138e-07	8.92857143e-01	4.93203752e-02	1.67727493e-01	9.77502337e-01	6.25000000e-01	3.51459096e-01
3.58000000e+01	4.65413943e-01	2.13823788e-07	8.92195767e-01	4.87850474e-02	1.67769710e-01	9.78419887e-01	6.22685185e-01	3.53005429e-01
3.59000000e+01	4.65141612e-01	2.19153956e-07	8.91534392e-01	4.82545771e-02	1.67813175e-01	9.79318956e-01	6.20370370e-01	3.54564900e-01
3.60000000e+01	4.64869281e-01	2.24612557e-07	8.90873016e-01	4.77289324e-02	1.67857911e-01	9.80199489e-01	6.18055556e-01	3.56137453e-01
3.61000000e+01	4.64596950e-01	2.30202571e-07	8.90211640e-01	4.72080814e-02	1.67903944e-01	9.81061436e-01	6.15740741e-01	3.57723027e-01
3.62000000e+01	4.64324619e-01	2.35927045e-07	8.89550265e-01	4.66919922e-02	1.67951299e-01	9.81904747e-01	6.13425926e-01	3.59321565e-01
3.63000000e+01	4.64052288e-01	2.41789095e-07	8.88888889e-01	4.61806332e-02	1.68000000e-01	9.82729371e-01	6.11111111e-01	3.60933007e-01
3.64000000e+01	4.63779956e-01	2.47791903e-07	8.88227513e-01	4.56739725e-02	1.68050073e-01	9.83535261e-01	6.08796296e-01	3.62557291e-01
3.65000000e+01	4.63507625e-01	2.53938725e-07	8.87566138e-01	4.51719785e-02	1.68101543e-01	9.84322369e-01	6.06481481e-01	3.64194358e-01
3.66000000e+01	4.63235294e-01	2.60232887e-07	8.86904762e-01	4.46746197e-02	1.68154436e-01	9.85090650e-01	6.04166667e-01	3.65844145e-01
3.67000000e+01	4.62962963e-01	2.66677789e-07	8.86243386e-01	4.41818646e-02	1.68208778e-01	9.85840058e-01	6.01851852e-01	3.67506591e-01
3.68000000e+01	4.62690632e-01	2.73276906e-07	8.85582011e-01	4.36936817e-02	1.68264596e-01	9.86570549e-01	5.99537037e-01	3.69181633e-01
3.69000000e+01	4.62418301e-01	2.80033792e-07	8.84920635e-01	4.32100398e-02	1.68321915e-01	9.87282080e-01	5.97222222e-01	3.70869207e-01
3.70000000e+01	4.62145969e-01	2.86952076e-07	8.84259259e-01	4.27309075e-02	1.68380762e-01	9.87974610e-01	5.94907407e-01	3.72569250e-01
3.71000000e+01	4.61873638e-01	2.94035470e-07	8.83597884e-01	4.22562538e-02	1.68441165e-01	9.88648097e-01	5.92592593e-01	3.74281696e-01
3.72000000e+01	4.61601307e-01	3.01287765e-07	8.82936508e-01	4.17860474e-02	1.68503151e-01	9.89302503e-01	5.90277778e-01	3.76006481e-01
3.73000000e+01	4.61328976e-01	3.08712837e-07	8.82275132e-01	4.13202574e-02	1.68566746e-01	9.89937788e-01	5.87962963e-01	3.77743540e-01
3.74000000e+01	4.61056645e-01	3.16314649e-07	8.81613757e-01	4.08588529e-02	1.68631979e-01	9.90553915e-01	5.85648148e-01	3.79492804e-01
3.75000000e+01	4.60784314e-01	3.24097247e-07	8.80952381e-01	4.04018030e-02	1.68698877e-01	9.91150849e-01	5.83333333e-01	3.81254209e-01
3.76000000e+01	4.60511983e-01	3.32064768e-07	8.80291005e-01	3.99490769e-02	1.68767469e-01	9.91728553e-01	5.81018519e-01	3.83027685e-01
3.77000000e+01	4.60239651e-01	3.40221440e-07	8.79629630e-01	3.95006441e-02	1.68837783e-01	9.92286993e-01	5.78703704e-01	3.84813164e-01
3.78000000e+01	4.59967320e-01	3.48571584e-07	8.78968254e-01	3.90564739e-02	1.68909847e-01	9.92826138e-01	5.76388889e-01	3.86610578e-01
3.79000000e+01	4.59694989e-01	3.57119613e-07	8.78306878e-01	3.86165359e-02	1.68983690e-01	9.93345955e-01	5.74074074e-01	3.88419858e-01
3.80000000e+01	4.59422658e-01	3.65870038e-07	8.77645503e-01	3.81807997e-02	1.69059342e-01	9.93846413e-01	5.71759259e-01	3.90240933e-01
3.81000000e+01	4.59150327e-01	3.74827469e-07	8.76984127e-01	3.77492349e-02	1.69136831e-01	9.94327482e-01	5.69444444e-01	3.92073732e-01
3.82000000e+01	4.58877996e-01	3.83996615e-07	8.76322751e-01	3.73218115e-02	1.69216188e-01	9.94789135e-01	5.67129630e-01	3.93918184e-01
3.83000000e+01	4.58605664e-01	3.93382290e-07	8.75661376e-01	3.68984992e-02	1.69297441e-01	9.95231345e-01	5.64814815e-01	3.95774217e-01
3.84000000e+01	4.58333333e-01	4.02989409e-07	8.75000000e-01	3.64792682e-02	1.69380621e-01	9.95654084e-01	5.62500000e-01	3.97641760e-01
3.85000000e+01	4.58061002e-01	4.12822997e-07	8.74338624e-01	3.60640884e-02	1.69465758e-01	9.96057328e-01	5.60185185e-01	3.99520737e-01
3.86000000e+01	4.57788671e-01	4.22888188e-07	8.73677249e-01	3.56529302e-02	1.69552883e-01	9.96441053e-01	5.57870370e-01	4.01411077e-01
3.87000000e+01	4.57516340e-01	4.33190224e-07	8.73015873e-01	3.52457638e-02	1.69642026e-01	9.96805237e-01	5.55555556e-01	4.03312703e-01
3.88000000e+01	4.57244009e-01	4.43734465e-07	8.72354497e-01	3.48425597e-02	1.69733218e-01	9.97149858e-01	5.53240741e-01	4.05225542e-01
3.89000000e+01	4.56971678e-01	4.54526383e-07	8.71693122e-01	3.44432883e-02	1.69826491e-01	9.97474895e-01	5.50925926e-01	4.07149518e-01
3.90000000e+01	4.56699346e-01	4.65571572e-07	8.71031746e-01	3.40479203e-02	1.69921875e-01	9.97780330e-01	5.48611111e-01	4.09084554e-01
3.91000000e+01	4.56427015e-01	4.76875743e-07	8.70370370e-01	3.36564264e-02	1.70019403e-01	9.98066144e-01	5.46296296e-01	4.11030574e-01
3.92000000e+01	4.56154684e-01	4.88444734e-07	8.69708995e-01	3.32687775e-02	1.70119105e-01	9.98332320e-01	5.43981481e-01	4.12987501e-01
3.93000000e+01	4.55882353e-01	5.00284506e-07	8.69047619e-01	3.28849444e-02	1.70221016e-01	9.98578843e-01	5.41666667e-01	4.14955255e-01
3.94000000e+01	4.55610022e-01	5.12401149e-07	8.68386243e-01	3.25048983e-02	1.70325165e-01	9.98805698e-01	5.39351852e-01	4.16933759e-01
3.95000000e+01	4.55337691e-01	5.24800885e-07	8.67724868e-01	3.21286104e-02	1.70431588e-01	9.99012871e-01	5.37037037e-01	4.18922933e-01
3.96000000e+01	4.55065359e-01	5.37490068e-07	8.67063492e-01	3.17560518e-02	1.70540315e-01	9.99200350e-01	5.34722222e-01	4.20922698e-01
3.97000000e+01	4.54793028e-01	5.50475190e-07	8.66402116e-01	3.13871941e-02	1.70651380e-01	9.99368125e-01	5.32407407e-01	4.22932972e-01
3.98000000e+01	4.54520697e-01	5.63762880e-07	8.65740741e-01	3.10220086e-02	1.70764817e-01	9.99516185e-01	5.30092593e-01	4.24953676e-01
3.99000000e+01	4.54248366e-01	5.77359912e-07	8.65079365e-01	3.06604672e-02	1.70880658e-01	9.99644521e-01	5.27777778e-01	4.26984726e-01
4.00000000e+01	4.53976035e-01	5.91273203e-07	8.64417989e-01	3.03025413e-02	1.70998939e-01	9.99753126e-01	5.25462963e-01	4.29026041e-01
4.01000000e+01	4.53703704e-01	6.05509817e-07	8.63756614e-01	2.99482031e-02	1.71119692e-01	9.99841994e-01	5.23148148e-01	4.31077538e-01
4.02000000e+01	4.53431373e-01	6.20076970e-07	8.63095238e-01	2.95974243e-02	1.71242952e-01	9.99911118e-01	5.20833333e-01	4.33139133e-01
4.03000000e+01	4.53159041e-01	6.34982031e-07	8.62433862e-01	2.92501771e-02	1.71368753e-01	9.99960496e-01	5.18518519e-01	4.35210742e-01
4.04000000e+01	4.52886710e-01	6.50232528e-07	8.61772487e-01	2.89064338e-02	1.71497130e-01	9.99990124e-01	5.16203704e-01	4.37292281e-01
4.05000000e+01	4.52614379e-01	6.65836147e-07	8.61111111e-01	2.85661666e-02	1.71628118e-01	1.00000000e+00	5.13888889e-01	4.39383664e-01
4.06000000e+01	4.52342048e-01	6.81800738e-07	8.60449735e-01	2.82293480e-02	1.71761752e-01	9.99990124e-01	5.11574074e-01	4.41484805e-01
4.07000000e+01	4.52069717e-01	6.98134317e-07	8.59788360e-01	2.78959506e-02	1.71898068e-01	9.99960496e-01	5.09259259e-01	4.43595617e-01
4.08000000e+01	4.51797386e-01	7.14845072e-07	8.59126984e-01	2.75659471e-02	1.72037101e-01	9.99911118e-01	5.06944444e-01	4.45716014e-01
4.09000000e+01	4.51525054e-01	7.31941362e-07	8.58465608e-01	2.72393103e-02	1.72178887e-01	9.99841994e-01	5.04629630e-01	4.47845908e-01
4.10000000e+01	4.51252723e-01	7.49431725e-07	8.57804233e-01	2.69160132e-02	1.72323463e-01	9.99753126e-01	5.02314815e-01	4.49985210e-01
4.11000000e+01	4.50980392e-01	7.67324878e-07	8.57142857e-01	2.65960287e-02	1.72470863e-01	9.99644521e-01	5.00000000e-01	4.52133831e-01
4.12000000e+01	4.50708061e-01	7.85629722e-07	8.56481481e-01	2.62793302e-02	1.72621126e-01	9.99516185e-01	4.97685185e-01	4.54291683e-01
4.13000000e+01	4.50435730e-01	8.04355347e-07	8.55820106e-01	2.59658909e-02	1.72774287e-01	9.99368125e-01	4.95370370e-01	4.56458674e-01
4.14000000e+01	4.50163399e-01	8.23511034e-07	8.55158730e-01	2.56556843e-02	1.72930385e-01	9.99200350e-01	4.93055556e-01	4.58634714e-01
4.15000000e+01	4.49891068e-01	8.43106258e-07	8.54497354e-01	2.53486839e-02	1.73089456e-01	9.99012871e-01	4.90740741e-01	4.60819712e-01
4.16000000e+01	4.49618736e-01	8.63150695e-07	8.53835979e-01	2.50448635e-02	1.73251537e-01	9.98805698e-01	4.88425926e-01	4.63013575e-01
4.17000000e+01	4.49346405e-01	8.83654224e-07	8.53174603e-01	2.47441969e-02	1.73416667e-01	9.98578843e-01	4.86111111e-01	4.65216213e-01
4.18000000e+01	4.49074074e-01	9.04626930e-07	8.52513228e-01	2.44466580e-02	1.73584883e-01	9.98332320e-01	4.83796296e-01	4.67427530e-01
4.19000000e+01	4.48801743e-01	9.26079111e-07	8.51851852e-01	2.41522209e-02	1.73756224e-01	9.98066144e-01	4.81481481e-01	4.69647434e-01
4.20000000e+01	4.48529412e-01	9.48021279e-07	8.51190476e-01	2.38608599e-02	1.73930728e-01	9.97780330e-01	4.79166667e-01	4.71875831e-01
4.21000000e+01	4.48257081e-01	9.70464166e-07	8.50529101e-01	2.35725493e-02	1.74108434e-01	9.97474895e-01	4.76851852e-01	4.74112625e-01
4.22000000e+01	4.47984749e-01	9.93418730e-07	8.49867725e-01	2.32872635e-02	1.74289380e-01	9.97149858e-01	4.74537037e-01	4.76357721e-01
4.23000000e+01	4.47712418e-01	1.01689615e-06	8.49206349e-01	2.30049772e-02	1.74473607e-01	9.96805237e-01	4.72222222e-01	4.78611024e-01
4.24000000e+01	4.47440087e-01	1.04090786e-06	8.48544974e-01	2.27256652e-02	1.74661152e-01	9.96441053e-01	4.69907407e-01	4.80872436e-01
4.25000000e+01	4.47167756e-01	1.06546550e-06	8.47883598e-01	2.24493022e-02	1.74852057e-01	9.96057328e-01	4.67592593e-01	4.83141861e-01
4.26000000e+01	4.46895425e-01	1.09058097e-06	8.47222222e-01	2.21758633e-02	1.75046361e-01	9.95654084e-01	4.65277778e-01	4.85419201e-01
4.27000000e+01	4.46623094e-01	1.11626643e-06	8.46560847e-01	2.19053236e-02	1.75244103e-01	9.95231345e-01	4.62962963e-01	4.87704357e-01
4.28000000e+01	4.46350763e-01	1.14253426e-06	8.45899471e-01	2.16376585e-02	1.75445325e-01	9.94789135e-01	4.60648148e-01	4.89997232e-01
4.29000000e+01	4.46078431e-01	1.16939712e-06	8.45238095e-01	2.13728432e-02	1.75650066e-01	9.94327482e-01	4.58333333e-01	4.92297725e-01
4.30000000e+01	4.45806100e-01	1.19686793e-06	8.44576720e-01	2.11108533e-02	1.75858368e-01	9.93846413e-01	4.56018519e-01	4.94605736e-01
4.31000000e+01	4.45533769e-01	1.22495988e-06	8.43915344e-01	2.08516646e-02	1.76070272e-01	9.93345955e-01	4.53703704e-01	4.96921166e-01
4.32000000e+01	4.45261438e-01	1.25368641e-06	8.43253968e-01	2.05952527e-02	1.76285819e-01	9.92826138e-01	4.51388889e-01	4.99243912e-01
4.33000000e+01	4.44989107e-01	1.28306126e-06	8.42592593e-01	2.03415937e-02	1.76505050e-01	9.92286993e-01	4.49074074e-01	5.01573874e-01
4.34000000e+01	4.44716776e-01	1.31309845e-06	8.41931217e-01	2.00906636e-02	1.76728007e-01	9.91728553e-01	4.46759259e-01	5.03910950e-01
4.35000000e+01	4.44444444e-01	1.34381228e-06	8.41269841e-01	1.98424386e-02	1.76954733e-01	9.91150849e-01	4.44444444e-01	5.06255035e-01
4.36000000e+01	4.44172113e-01	1.37521735e-06	8.40608466e-01	1.95968950e-02	1.77185268e-01	9.90553915e-01	4.42129630e-01	5.08606028e-01
4.37000000e+01	4.43899782e-01	1.40732857e-06	8.39947090e-01	1.93540094e-02	1.77419657e-01	9.89937788e-01	4.39814815e-01	5.10963825e-01
4.38000000e+01	4.43627451e-01	1.44016113e-06	8.39285714e-01	1.91137583e-02	1.77657942e-01	9.89302503e-01	4.37500000e-01	5.13328321e-01
4.39000000e+01	4.43355120e-01	1.47373055e-06	8.38624339e-01	1.88761185e-02	1.77900165e-01	9.88648097e-01	4.35185185e-01	5.15699411e-01
4.40000000e+01	4.43082789e-01	1.50805268e-06	8.37962963e-01	1.86410669e-02	1.78146369e-01	9.87974610e-01	4.32870370e-01	5.18076990e-01
4.41000000e+01	4.42810458e-01	1.54314365e-06	8.37301587e-01	1.84085805e-02	1.78396599e-01	9.87282080e-01	4.30555556e-01	5.20460952e-01
4.42000000e+01	4.42538126e-01	1.57901997e-06	8.36640212e-01	1.81786364e-02	1.78650897e-01	9.86570549e-01	4.28240741e-01	5.22851190e-01
4.43000000e+01	4.42265795e-01	1.61569846e-06	8.35978836e-01	1.79512120e-02	1.78909308e-01	9.85840058e-01	4.25925926e-01	5.25247599e-01
4.44000000e+01	4.41993464e-01	1.65319629e-06	8.35317460e-01	1.77262846e-02	1.79171875e-01	9.85090650e-01	4.23611111e-01	5.27650069e-01
4.45000000e+01	4.41721133e-01	1.69153096e-06	8.34656085e-01	1.75038319e-02	1.79438643e-01	9.84322369e-01	4.21296296e-01	5.30058493e-01
4.46000000e+01	4.41448802e-01	1.73072037e-06	8.33994709e-01	1.72838315e-02	1.79709657e-01	9.83535261e-01	4.18981481e-01	5.32472763e-01
4.47000000e+01	4.41176471e-01	1.77078273e-06	8.33333333e-01	1.70662612e-02	1.79984962e-01	9.82729371e-01	4.16666667e-01	5.34892769e-01
4.48000000e+01	4.40904139e-01	1.81173666e-06	8.32671958e-01	1.68510991e-02	1.80264601e-01	9.81904747e-01	4.14351852e-01	5.37318403e-01
4.49000000e+01	4.40631808e-01	1.85360114e-06	8.32010582e-01	1.66383233e-02	1.80548622e-01	9.81061436e-01	4.12037037e-01	5.39749553e-01
4.50000000e+01	4.40359477e-01	1.89639554e-06	8.31349206e-01	1.64279119e-02	1.80837068e-01	9.80199489e-01	4.09722222e-01	5.42186110e-01
4.51000000e+01	4.40087146e-01	1.94013962e-06	8.30687831e-01	1.62198434e-02	1.81129987e-01	9.79318956e-01	4.07407407e-01	5.44627962e-01
4.52000000e+01	4.39814815e-01	1.98485354e-06	8.30026455e-01	1.60140963e-02	1.81427423e-01	9.78419887e-01	4.05092593e-01	5.47074998e-01
4.53000000e+01	4.39542484e-01	2.03055785e-06	8.29365079e-01	1.58106493e-02	1.81729424e-01	9.77502337e-01	4.02777778e-01	5.49527105e-01
4.54000000e+01	4.39270153e-01	2.07727354e-06	8.28703704e-01	1.56094810e-02	1.82036035e-01	9.76566358e-01	4.00462963e-01	5.51984173e-01
4.55000000e+01	4.38997821e-01	2.12502202e-06	8.28042328e-01	1.54105706e-02	1.82347304e-01	9.75612004e-01	3.98148148e-01	5.54446086e-01
4.56000000e+01	4.38725490e-01	2.17382510e-06	8.27380952e-01	1.52138970e-02	1.82663276e-01	9.74639333e-01	3.95833333e-01	5.56912732e-01
4.57000000e+01	4.38453159e-01	2.22370507e-06	8.26719577e-01	1.50194394e-02	1.82984000e-01	9.73648400e-01	3.93518519e-01	5.59383998e-01
4.58000000e+01	4.38180828e-01	2.27468464e-06	8.26058201e-01	1.48271771e-02	1.83309523e-01	9.72639262e-01	3.91203704e-01	5.61859768e-01
4.59000000e+01	4.37908497e-01	2.32678698e-06	8.25396825e-01	1.46370897e-02	1.83639892e-01	9.71611980e-01	3.88888889e-01	5.64339927e-01
4.60000000e+01	4.37636166e-01	2.38003572e-06	8.24735450e-01	1.44491568e-02	1.83975156e-01	9.70566612e-01	3.86574074e-01	5.66824362e-01
4.61000000e+01	4.37363834e-01	2.43445498e-06	8.24074074e-01	1.42633580e-02	1.84315362e-01	9.69503219e-01	3.84259259e-01	5.69312955e-01
4.62000000e+01	4.37091503e-01	2.49006934e-06	8.23412698e-01	1.40796733e-02	1.84660558e-01	9.68421864e-01	3.81944444e-01	5.71805590e-01
4.63000000e+01	4.36819172e-01	2.54690389e-06	8.22751323e-01	1.38980827e-02	1.85010794e-01	9.67322608e-01	3.79629630e-01	5.74302151e-01
4.64000000e+01	4.36546841e-01	2.60498419e-06	8.22089947e-01	1.37185663e-02	1.85366118e-01	9.66205516e-01	3.77314815e-01	5.76802521e-01
4.65000000e+01	4.36274510e-01	2.66433635e-06	8.21428571e-01	1.35411045e-02	1.85726579e-01	9.65070652e-01	3.75000000e-01	5.79306583e-01
4.66000000e+01	4.36002179e-01	2.72498696e-06	8.20767196e-01	1.33656775e-02	1.86092226e-01	9.63918082e-01	3.72685185e-01	5.81814217e-01
4.67000000e+01	4.35729847e-01	2.78696317e-06	8.20105820e-01	1.31922661e-02	1.86463109e-01	9.62747873e-01	3.70370370e-01	5.84325307e-01
4.68000000e+01	4.35457516e-01	2.85029264e-06	8.19444444e-01	1.30208508e-02	1.86839278e-01	9.61560092e-01	3.68055556e-01	5.86839732e-01
4.69000000e+01	4.35185185e-01	2.91500359e-06	8.18783069e-01	1.28514126e-02	1.87220783e-01	9.60354808e-01	3.65740741e-01	5.89357375e-01
4.70000000e+01	4.34912854e-01	2.98112481e-06	8.18121693e-01	1.26839323e-02	1.87607673e-01	9.59132090e-01	3.63425926e-01	5.91878115e-01
4.71000000e+01	4.34640523e-01	3.04868563e-06	8.17460317e-01	1.25183910e-02	1.88000000e-01	9.57892010e-01	3.61111111e-01	5.94401832e-01
4.72000000e+01	4.34368192e-01	3.11771600e-06	8.16798942e-01	1.23547701e-02	1.88397814e-01	9.56634638e-01	3.58796296e-01	5.96928406e-01
4.73000000e+01	4.34095861e-01	3.18824641e-06	8.16137566e-01	1.21930507e-02	1.88801165e-01	9.55360047e-01	3.56481481e-01	5.99457716e-01
4.74000000e+01	4.33823529e-01	3.26030800e-06	8.15476190e-01	1.20332145e-02	1.89210106e-01	9.54068309e-01	3.54166667e-01	6.01989641e-01
4.75000000e+01	4.33551198e-01	3.33393248e-06	8.14814815e-01	1.18752431e-02	1.89624687e-01	9.52759501e-01	3.51851852e-01	6.04524059e-01
4.76000000e+01	4.33278867e-01	3.40915222e-06	8.14153439e-01	1.17191181e-02	1.90044960e-01	9.51433695e-01	3.49537037e-01	6.07060849e-01
4.77000000e+01	4.33006536e-01	3.48600019e-06	8.13492063e-01	1.15648216e-02	1.90470977e-01	9.50090969e-01	3.47222222e-01	6.09599888e-01
4.78000000e+01	4.32734205e-01	3.56451004e-06	8.12830688e-01	1.14123354e-02	1.90902791e-01	9.48731400e-01	3.44907407e-01	6.12141052e-01
4.79000000e+01	4.32461874e-01	3.64471604e-06	8.12169312e-01	1.12616419e-02	1.91340452e-01	9.47355065e-01	3.42592593e-01	6.14684220e-01
4.80000000e+01	4.32189542e-01	3.72665317e-06	8.11507937e-01	1.11127232e-02	1.91784015e-01	9.45962042e-01	3.40277778e-01	6.17229268e-01
4.81000000e+01	4.31917211e-01	3.81035707e-06	8.10846561e-01	1.09655618e-02	1.92233531e-01	9.44552412e-01	3.37962963e-01	6.19776072e-01
4.82000000e+01	4.31644880e-01	3.89586407e-06	8.10185185e-01	1.08201402e-02	1.92689054e-01	9.43126256e-01	3.35648148e-01	6.22324508e-01
4.83000000e+01	4.31372549e-01	3.98321123e-06	8.09523810e-01	1.06764411e-02	1.93150638e-01	9.41683653e-01	3.33333333e-01	6.24874451e-01
4.84000000e+01	4.31100218e-01	4.07243631e-06	8.08862434e-01	1.05344473e-02	1.93618334e-01	9.40224686e-01	3.31018519e-01	6.27425778e-01
4.85000000e+01	4.30827887e-01	4.16357781e-06	8.08201058e-01	1.03941417e-02	1.94092199e-01	9.38749439e-01	3.28703704e-01	6.29978361e-01
4.86000000e+01	4.30555556e-01	4.25667499e-06	8.07539683e-01	1.02555074e-02	1.94572284e-01	9.37257996e-01	3.26388889e-01	6.32532077e-01
4.87000000e+01	4.30283224e-01	4.35176784e-06	8.06878307e-01	1.01185277e-02	1.95058645e-01	9.35750440e-01	3.24074074e-01	6.35086800e-01
4.88000000e+01	4.30010893e-01	4.44889716e-06	8.06216931e-01	9.98318574e-03	1.95551336e-01	9.34226857e-01	3.21759259e-01	6.37642403e-01
4.89000000e+01	4.29738562e-01	4.54810452e-06	8.05555556e-01	9.84946508e-03	1.96050412e-01	9.32687334e-01	3.19444444e-01	6.40198760e-01
4.90000000e+01	4.29466231e-01	4.64943230e-06	8.04894180e-01	9.71734928e-03	1.96555927e-01	9.31131958e-01	3.17129630e-01	6.42755745e-01
4.91000000e+01	4.29193900e-01	4.75292368e-06	8.04232804e-01	9.58682203e-03	1.97067937e-01	9.29560816e-01	3.14814815e-01	6.45313230e-01
4.92000000e+01	4.28921569e-01	4.85862270e-06	8.03571429e-01	9.45786718e-03	1.97586497e-01	9.27973997e-01	3.12500000e-01	6.47871089e-01
4.93000000e+01	4.28649237e-01	4.96657422e-06	8.02910053e-01	9.33046869e-03	1.98111663e-01	9.26371591e-01	3.10185185e-01	6.50429194e-01
4.94000000e+01	4.28376906e-01	5.07682399e-06	8.02248677e-01	9.20461063e-03	1.98643490e-01	9.24753688e-01	3.07870370e-01	6.52987417e-01
4.95000000e+01	4.28104575e-01	5.18941861e-06	8.01587302e-01	9.08027723e-03	1.99182035e-01	9.23120379e-01	3.05555556e-01	6.55545631e-01
4.96000000e+01	4.27832244e-01	5.30440559e-06	8.00925926e-01	8.95745283e-03	1.99727355e-01	9.21471756e-01	3.03240741e-01	6.58103706e-01
4.97000000e+01	4.27559913e-01	5.42183335e-06	8.00264550e-01	8.83612187e-03	2.00279504e-01	9.19807911e-01	3.00925926e-01	6.60661515e-01
4.98000000e+01	4.27287582e-01	5.54175123e-06	7.99603175e-01	8.71626896e-03	2.00838542e-01	9.18128937e-01	2.98611111e-01	6.63218929e-01
4.99000000e+01	4.27015251e-01	5.66420952e-06	7.98941799e-01	8.59787880e-03	2.01404523e-01	9.16434928e-01	2.96296296e-01	6.65775819e-01
5.00000000e+01	4.26742919e-01	5.78925947e-06	7.98280423e-01	8.48093623e-03	2.01977507e-01	9.14725979e-01	2.93981481e-01	6.68332056e-01
5.01000000e+01	4.26470588e-01	5.91695329e-06	7.97619048e-01	8.36542621e-03	2.02557550e-01	9.13002185e-01	2.91666667e-01	6.70887510e-01
5.02000000e+01	4.26198257e-01	6.04734420e-06	7.96957672e-01	8.25133380e-03	2.03144709e-01	9.11263643e-01	2.89351852e-01	6.73442051e-01
5.03000000e+01	4.25925926e-01	6.18048642e-06	7.96296296e-01	8.13864423e-03	2.03739044e-01	9.09510449e-01	2.87037037e-01	6.75995551e-01
5.04000000e+01	4.25653595e-01	6.31643523e-06	7.95634921e-01	8.02734281e-03	2.04340612e-01	9.07742701e-01	2.84722222e-01	6.78547879e-01
5.05000000e+01	4.25381264e-01	6.45524691e-06	7.94973545e-01	7.91741498e-03	2.04949471e-01	9.05960496e-01	2.82407407e-01	6.81098904e-01
5.06000000e+01	4.25108932e-01	6.59697884e-06	7.94312169e-01	7.80884632e-03	2.05565681e-01	9.04163934e-01	2.80092593e-01	6.83648497e-01
5.07000000e+01	4.24836601e-01	6.74168948e-06	7.93650794e-01	7.70162251e-03	2.06189300e-01	9.02353114e-01	2.77777778e-01	6.86196526e-01
5.08000000e+01	4.24564270e-01	6.88943839e-06	7.92989418e-01	7.59572935e-03	2.06820388e-01	9.00528136e-01	2.75462963e-01	6.88742862e-01
5.09000000e+01	4.24291939e-01	7.04028625e-06	7.92328042e-01	7.49115278e-03	2.07459003e-01	8.98689100e-01	2.73148148e-01	6.91287373e-01
5.10000000e+01	4.24019608e-01	7.19429489e-06	7.91666667e-01	7.38787883e-03	2.08105206e-01	8.96836109e-01	2.70833333e-01	6.93829928e-01
5.11000000e+01	4.23747277e-01	7.35152731e-06	7.91005291e-01	7.28589367e-03	2.08759056e-01	8.94969264e-01	2.68518519e-01	6.96370397e-01
5.12000000e+01	4.23474946e-01	7.51204768e-06	7.90343915e-01	7.18518359e-03	2.09420613e-01	8.93088668e-01	2.66203704e-01	6.98908647e-01
5.13000000e+01	4.23202614e-01	7.67592138e-06	7.89682540e-01	7.08573496e-03	2.10089938e-01	8.91194424e-01	2.63888889e-01	7.01444547e-01
5.14000000e+01	4.22930283e-01	7.84321502e-06	7.89021164e-01	6.98753432e-03	2.10767091e-01	8.89286635e-01	2.61574074e-01	7.03977967e-01
5.15000000e+01	4.22657952e-01	8.01399646e-06	7.88359788e-01	6.89056829e-03	2.11452134e-01	8.87365406e-01	2.59259259e-01	7.06508774e-01
5.16000000e+01	4.22385621e-01	8.18833482e-06	7.87698413e-01	6.79482362e-03	2.12145126e-01	8.85430843e-01	2.56944444e-01	7.09036836e-01
5.17000000e+01	4.22113290e-01	8.36630051e-06	7.87037037e-01	6.70028717e-03	2.12846130e-01	8.83483049e-01	2.54629630e-01	7.11562022e-01
5.18000000e+01	4.21840959e-01	8.54796527e-06	7.86375661e-01	6.60694591e-03	2.13555207e-01	8.81522133e-01	2.52314815e-01	7.14084199e-01
5.19000000e+01	4.21568627e-01	8.73340215e-06	7.85714286e-01	6.51478694e-03	2.14272418e-01	8.79548199e-01	2.50000000e-01	7.16603236e-01
5.20000000e+01	4.21296296e-01	8.92268560e-06	7.85052910e-01	6.42379746e-03	2.14997826e-01	8.77561356e-01	2.47685185e-01	7.19119001e-01
5.21000000e+01	4.21023965e-01	9.11589142e-06	7.84391534e-01	6.33396478e-03	2.15731492e-01	8.75561711e-01	2.45370370e-01	7.21631361e-01
5.22000000e+01	4.20751634e-01	9.31309681e-06	7.83730159e-01	6.24527634e-03	2.16473480e-01	8.73549372e-01	2.43055556e-01	7.24140184e-01
5.23000000e+01	4.20479303e-01	9.51438045e-06	7.83068783e-01	6.15771968e-03	2.17223852e-01	8.71524448e-01	2.40740741e-01	7.26645339e-01
5.24000000e+01	4.20206972e-01	9.71982241e-06	7.82407407e-01	6.07128244e-03	2.17982671e-01	8.69487048e-01	2.38425926e-01	7.29146692e-01
5.25000000e+01	4.19934641e-01	9.92950431e-06	7.81746032e-01	5.98595240e-03	2.18750000e-01	8.67437281e-01	2.36111111e-01	7.31644111e-01
5.26000000e+01	4.19662309e-01	1.01435092e-05	7.81084656e-01	5.90171742e-03	2.19525902e-01	8.65375258e-01	2.33796296e-01	7.34137464e-01
5.27000000e+01	4.19389978e-01	1.03619218e-05	7.80423280e-01	5.81856550e-03	2.20310441e-01	8.63301090e-01	2.31481481e-01	7.36626620e-01
5.28000000e+01	4.19117647e-01	1.05848281e-05	7.79761905e-01	5.73648472e-03	2.21103682e-01	8.61214887e-01	2.29166667e-01	7.39111444e-01
5.29000000e+01	4.18845316e-01	1.08123161e-05	7.79100529e-01	5.65546328e-03	2.21905687e-01	8.59116761e-01	2.26851852e-01	7.41591806e-01
5.30000000e+01	4.18572985e-01	1.10444751e-05	7.78439153e-01	5.57548950e-03	2.22716521e-01	8.57006824e-01	2.24537037e-01	7.44067572e-01
5.31000000e+01	4.18300654e-01	1.12813961e-05	7.77777778e-01	5.49655179e-03	2.23536250e-01	8.54885188e-01	2.22222222e-01	7.46538611e-01
5.32000000e+01	4.18028322e-01	1.15231717e-05	7.77116402e-01	5.41863868e-03	2.24364937e-01	8.52751967e-01	2.19907407e-01	7.49004789e-01
5.33000000e+01	4.17755991e-01	1.17698965e-05	7.76455026e-01	5.34173879e-03	2.25202647e-01	8.50607272e-01	2.17592593e-01	7.51465976e-01
5.34000000e+01	4.17483660e-01	1.20216664e-05	7.75793651e-01	5.26584087e-03	2.26049447e-01	8.48451219e-01	2.15277778e-01	7.53922038e-01
5.35000000e+01	4.17211329e-01	1.22785795e-05	7.75132275e-01	5.19093375e-03	2.26905401e-01	8.46283920e-01	2.12962963e-01	7.56372844e-01
5.36000000e+01	4.16938998e-01	1.25407352e-05	7.74470899e-01	5.11700638e-03	2.27770576e-01	8.44105491e-01	2.10648148e-01	7.58818261e-01
5.37000000e+01	4.16666667e-01	1.28082352e-05	7.73809524e-01	5.04404781e-03	2.28645036e-01	8.41916046e-01	2.08333333e-01	7.61258158e-01
5.38000000e+01	4.16394336e-01	1.30811826e-05	7.73148148e-01	4.97204720e-03	2.29528849e-01	8.39715699e-01	2.06018519e-01	7.63692403e-01
5.39000000e+01	4.16122004e-01	1.33596828e-05	7.72486772e-01	4.90099380e-03	2.30422081e-01	8.37504567e-01	2.03703704e-01	7.66120863e-01
5.40000000e+01	4.15849673e-01	1.36438427e-05	7.71825397e-01	4.83087697e-03	2.31324799e-01	8.35282766e-01	2.01388889e-01	7.68543407e-01
5.41000000e+01	4.15577342e-01	1.39337715e-05	7.71164021e-01	4.76168618e-03	2.32237069e-01	8.33050410e-01	1.99074074e-01	7.70959904e-01
5.42000000e+01	4.15305011e-01	1.42295801e-05	7.70502646e-01	4.69341098e-03	2.33158958e-01	8.30807618e-01	1.96759259e-01	7.73370221e-01
5.43000000e+01	4.15032680e-01	1.45313816e-05	7.69841270e-01	4.62604104e-03	2.34090535e-01	8.28554505e-01	1.94444444e-01	7.75774228e-01
5.44000000e+01	4.14760349e-01	1.48392910e-05	7.69179894e-01	4.55956613e-03	2.35031866e-01	8.26291188e-01	1.92129630e-01	7.78171794e-01
5.45000000e+01	4.14488017e-01	1.51534254e-05	7.68518519e-01	4.49397611e-03	2.35983020e-01	8.24017786e-01	1.89814815e-01	7.80562787e-01
5.46000000e+01	4.14215686e-01	1.54739042e-05	7.67857143e-01	4.42926093e-03	2.36944064e-01	8.21734415e-01	1.87500000e-01	7.82947076e-01
5.47000000e+01	4.13943355e-01	1.58008486e-05	7.67195767e-01	4.36541066e-03	2.37915067e-01	8.19441193e-01	1.85185185e-01	7.85324531e-01
5.48000000e+01	4.13671024e-01	1.61343822e-05	7.66534392e-01	4.30241546e-03	2.38896098e-01	8.17138238e-01	1.82870370e-01	7.87695021e-01
5.49000000e+01	4.13398693e-01	1.64746308e-05	7.65873016e-01	4.24026559e-03	2.39887225e-01	8.14825670e-01	1.80555556e-01	7.90058416e-01
5.50000000e+01	4.13126362e-01	1.68217224e-05	7.65211640e-01	4.17895140e-03	2.40888517e-01	8.12503605e-01	1.78240741e-01	7.92414586e-01
5.51000000e+01	4.12854031e-01	1.71757874e-05	7.64550265e-01	4.11846333e-03	2.41900044e-01	8.10172164e-01	1.75925926e-01	7.94763400e-01
5.52000000e+01	4.12581699e-01	1.75369583e-05	7.63888889e-01	4.05879192e-03	2.42921875e-01	8.07831465e-01	1.73611111e-01	7.97104728e-01
5.53000000e+01	4.12309368e-01	1.79053702e-05	7.63227513e-01	3.99992783e-03	2.43954080e-01	8.05481628e-01	1.71296296e-01	7.99438442e-01
5.54000000e+01	4.12037037e-01	1.82811606e-05	7.62566138e-01	3.94186179e-03	2.44996728e-01	8.03122772e-01	1.68981481e-01	8.01764412e-01
5.55000000e+01	4.11764706e-01	1.86644691e-05	7.61904762e-01	3.88458461e-03	2.46049891e-01	8.00755016e-01	1.66666667e-01	8.04082508e-01
5.56000000e+01	4.11492375e-01	1.90554382e-05	7.61243386e-01	3.82808722e-03	2.47113638e-01	7.98378481e-01	1.66666667e-01	8.06392603e-01
5.57000000e+01	4.11220044e-01	1.94542128e-05	7.60582011e-01	3.77236064e-03	2.48188040e-01	7.95993286e-01	1.66666667e-01	8.08694566e-01
5.58000000e+01	4.10947712e-01	1.98609403e-05	7.59920635e-01	3.71739597e-03	2.49273168e-01	7.93599552e-01	1.66666667e-01	8.10988271e-01
5.59000000e+01	4.10675381e-01	2.02757706e-05	7.59259259e-01	3.66318441e-03	2.50369093e-01	7.91197399e-01	1.66666669e-01	8.13273589e-01
5.60000000e+01	4.10403050e-01	2.06988565e-05	7.58597884e-01	3.60971725e-03	2.51475887e-01	7.88786947e-01	1.66666673e-01	8.15550392e-01
5.61000000e+01	4.10130719e-01	2.11303534e-05	7.57936508e-01	3.55698585e-03	2.52593621e-01	7.86368317e-01	1.66666679e-01	8.17818553e-01
5.62000000e+01	4.09858388e-01	2.15704194e-05	7.57275132e-01	3.50498171e-03	2.53722368e-01	7.83941630e-01	1.66666690e-01	8.20077944e-01
5.63000000e+01	4.09586057e-01	2.20192153e-05	7.56613757e-01	3.45369636e-03	2.54862198e-01	7.81507006e-01	1.66666707e-01	8.22328440e-01
5.64000000e+01	4.09313725e-01	2.24769050e-05	7.55952381e-01	3.40312147e-03	2.56013185e-01	7.79064566e-01	1.66666731e-01	8.24569912e-01
5.65000000e+01	4.09041394e-01	2.29436549e-05	7.55291005e-01	3.35324875e-03	2.57175401e-01	7.76614431e-01	1.66666765e-01	8.26802236e-01
5.66000000e+01	4.08769063e-01	2.34196346e-05	7.54629630e-01	3.30407005e-03	2.58348918e-01	7.74156723e-01	1.66666810e-01	8.29025285e-01
5.67000000e+01	4.08496732e-01	2.39050166e-05	7.53968254e-01	3.25557725e-03	2.59533811e-01	7.71691562e-01	1.66666870e-01	8.31238934e-01
5.68000000e+01	4.08224401e-01	2.43999763e-05	7.53306878e-01	3.20776237e-03	2.60730152e-01	7.69219070e-01	1.66666947e-01	8.33443057e-01
5.69000000e+01	4.07952070e-01	2.49046924e-05	7.52645503e-01	3.16061748e-03	2.61938014e-01	7.66739368e-01	1.66667043e-01	8.35637531e-01
5.70000000e+01	4.07679739e-01	2.54193465e-05	7.51984127e-01	3.11413475e-03	2.63157472e-01	7.64252577e-01	1.66667163e-01	8.37822230e-01
5.71000000e+01	4.07407407e-01	2.59441234e-05	7.51322751e-01	3.06830644e-03	2.64388599e-01	7.61758818e-01	1.66667309e-01	8.39997031e-01
5.72000000e+01	4.07135076e-01	2.64792112e-05	7.50661376e-01	3.02312487e-03	2.65631469e-01	7.59258214e-01	1.66667485e-01	8.42161810e-01
5.73000000e+01	4.06862745e-01	2.70248011e-05	7.50000000e-01	2.97858248e-03	2.66886158e-01	7.56750884e-01	1.66667695e-01	8.44316443e-01
5.74000000e+01	4.06590414e-01	2.75810877e-05	7.49338624e-01	2.93467175e-03	2.68152739e-01	7.54236951e-01	1.66667944e-01	8.46460809e-01
5.75000000e+01	4.06318083e-01	2.81482692e-05	7.48677249e-01	2.89138529e-03	2.69431288e-01	7.51716536e-01	1.66668235e-01	8.48594784e-01
5.76000000e+01	4.06045752e-01	2.87265467e-05	7.48015873e-01	2.84871575e-03	2.70721880e-01	7.49189760e-01	1.66668573e-01	8.50718248e-01
5.77000000e+01	4.05773420e-01	2.93161254e-05	7.47354497e-01	2.80665589e-03	2.72024590e-01	7.46656745e-01	1.66668962e-01	8.52831078e-01
5.78000000e+01	4.05501089e-01	2.99172134e-05	7.46693122e-01	2.76519854e-03	2.73339493e-01	7.44117612e-01	1.66669409e-01	8.54933154e-01
5.79000000e+01	4.05228758e-01	3.05300229e-05	7.46031746e-01	2.72433660e-03	2.74666667e-01	7.41572481e-01	1.66669918e-01	8.57024354e-01
5.80000000e+01	4.04956427e-01	3.11547695e-05	7.45370370e-01	2.68406308e-03	2.76006186e-01	7.39021475e-01	1.66670495e-01	8.59104560e-01
5.81000000e+01	4.04684096e-01	3.17916725e-05	7.44708995e-01	2.64437104e-03	2.77358126e-01	7.36464714e-01	1.66671145e-01	8.61173651e-01
5.82000000e+01	4.04411765e-01	3.24409550e-05	7.44047619e-01	2.60525362e-03	2.78722566e-01	7.33902319e-01	1.66671875e-01	8.63231508e-01
5.83000000e+01	4.04139434e-01	3.31028440e-05	7.43386243e-01	2.56670407e-03	2.80099581e-01	7.31334412e-01	1.66672691e-01	8.65278013e-01
5.84000000e+01	4.03867102e-01	3.37775702e-05	7.42724868e-01	2.52871567e-03	2.81489248e-01	7.28761112e-01	1.66673598e-01	8.67313048e-01
5.85000000e+01	4.03594771e-01	3.44653683e-05	7.42063492e-01	2.49128183e-03	2.82891645e-01	7.26182542e-01	1.66674605e-01	8.69336495e-01
5.86000000e+01	4.03322440e-01	3.51664771e-05	7.41402116e-01	2.45439599e-03	2.84306849e-01	7.23598822e-01	1.66675718e-01	8.71348238e-01
5.87000000e+01	4.03050109e-01	3.58811394e-05	7.40740741e-01	2.41805169e-03	2.85734938e-01	7.21010071e-01	1.66676943e-01	8.73348159e-01
5.88000000e+01	4.02777778e-01	3.66096021e-05	7.40079365e-01	2.38224255e-03	2.87175990e-01	7.18416411e-01	1.66678289e-01	8.75336143e-01
5.89000000e+01	4.02505447e-01	3.73521163e-05	7.39417989e-01	2.34696225e-03	2.88630083e-01	7.15817962e-01	1.66679763e-01	8.77312075e-01
5.90000000e+01	4.02233115e-01	3.81089373e-05	7.38756614e-01	2.31220455e-03	2.90097296e-01	7.13214843e-01	1.66681373e-01	8.79275840e-01
5.91000000e+01	4.01960784e-01	3.88803249e-05	7.38095238e-01	2.27796329e-03	2.91577707e-01	7.10607176e-01	1.66683128e-01	8.81227324e-01
5.92000000e+01	4.01688453e-01	3.96665431e-05	7.37433862e-01	2.24423237e-03	2.93071395e-01	7.07995079e-01	1.66685034e-01	8.83166412e-01
5.93000000e+01	4.01416122e-01	4.04678604e-05	7.36772487e-01	2.21100579e-03	2.94578439e-01	7.05378673e-01	1.66687102e-01	8.85092993e-01
5.94000000e+01	4.01143791e-01	4.12845499e-05	7.36111111e-01	2.17827760e-03	2.96098919e-01	7.02758077e-01	1.66689339e-01	8.87006953e-01
5.95000000e+01	4.00871460e-01	4.21168892e-05	7.35449735e-01	2.14604192e-03	2.97632914e-01	7.00133410e-01	1.66691756e-01	8.88908181e-01
5.96000000e+01	4.00599129e-01	4.29651607e-05	7.34788360e-01	2.11429295e-03	2.99180504e-01	6.97504791e-01	1.66694360e-01	8.90796566e-01
5.97000000e+01	4.00326797e-01	4.38296513e-05	7.34126984e-01	2.08302497e-03	3.00741770e-01	6.94872339e-01	1.66697163e-01	8.92671997e-01
5.98000000e+01	4.00054466e-01	4.47106529e-05	7.33465608e-01	2.05223232e-03	3.02316791e-01	6.92236172e-01	1.66700172e-01	8.94534365e-01
5.99000000e+01	3.99782135e-01	4.56084622e-05	7.32804233e-01	2.02190940e-03	3.03905648e-01	6.89596410e-01	1.66703399e-01	8.96383559e-01
6.00000000e+01	3.99509804e-01	4.65233810e-05	7.32142857e-01	1.99205070e-03	3.05508422e-01	6.86953171e-01	1.66706854e-01	8.98219472e-01
6.01000000e+01	3.99237473e-01	4.74557158e-05	7.31481481e-01	1.96265078e-03	3.07125194e-01	6.84306571e-01	1.66710548e-01	9.00041996e-01
6.02000000e+01	3.98965142e-01	4.84057786e-05	7.30820106e-01	1.93370424e-03	3.08756045e-01	6.81656730e-01	1.66714489e-01	9.01851023e-01
6.03000000e+01	3.98692810e-01	4.93738864e-05	7.30158730e-01	1.90520578e-03	3.10401057e-01	6.79003764e-01	1.66718691e-01	9.03646447e-01
6.04000000e+01	3.98420479e-01	5.03603614e-05	7.29497354e-01	1.87715016e-03	3.12060311e-01	6.76347791e-01	1.66723164e-01	9.05428162e-01
6.05000000e+01	3.98148148e-01	5.13655312e-05	7.28835979e-01	1.84953219e-03	3.13733890e-01	6.73688928e-01	1.66727919e-01	9.07196063e-01
6.06000000e+01	3.97875817e-01	5.23897289e-05	7.28174603e-01	1.82234678e-03	3.15421875e-01	6.71027291e-01	1.66732968e-01	9.08950045e-01
6.07000000e+01	3.97603486e-01	5.34332929e-05	7.27513228e-01	1.79558886e-03	3.17124349e-01	6.68362996e-01	1.66738323e-01	9.10690005e-01
6.08000000e+01	3.97331155e-01	5.44965675e-05	7.26851852e-01	1.76925348e-03	3.18841395e-01	6.65696160e-01	1.66743997e-01	9.12415839e-01
6.09000000e+01	3.97058824e-01	5.55799024e-05	7.26190476e-01	1.74333571e-03	3.20573096e-01	6.63026899e-01	1.66750000e-01	9.14127446e-01
6.10000000e+01	3.96786492e-01	5.66836532e-05	7.25529101e-01	1.71783072e-03	3.22319535e-01	6.60355328e-01	1.66756346e-01	9.15824725e-01
6.11000000e+01	3.96514161e-01	5.78081813e-05	7.24867725e-01	1.69273371e-03	3.24080794e-01	6.57681562e-01	1.66763049e-01	9.17507573e-01
6.12000000e+01	3.96241830e-01	5.89538540e-05	7.24206349e-01	1.66803997e-03	3.25856959e-01	6.55005715e-01	1.66770120e-01	9.19175892e-01
6.13000000e+01	3.95969499e-01	6.01210446e-05	7.23544974e-01	1.64374486e-03	3.27648112e-01	6.52327903e-01	1.66777573e-01	9.20829581e-01
6.14000000e+01	3.95697168e-01	6.13101327e-05	7.22883598e-01	1.61984377e-03	3.29454337e-01	6.49648240e-01	1.66785422e-01	9.22468544e-01
6.15000000e+01	3.95424837e-01	6.25215038e-05	7.22222222e-01	1.59633218e-03	3.31275720e-01	6.46966838e-01	1.66793680e-01	9.24092681e-01
6.16000000e+01	3.95152505e-01	6.37555499e-05	7.21560847e-01	1.57320563e-03	3.33112345e-01	6.44283813e-01	1.66802361e-01	9.25701897e-01
6.17000000e+01	3.94880174e-01	6.50126693e-05	7.20899471e-01	1.55045972e-03	3.34964295e-01	6.41599276e-01	1.66811481e-01	9.27296095e-01
6.18000000e+01	3.94607843e-01	6.62932668e-05	7.20238095e-01	1.52809010e-03	3.36831658e-01	6.38913340e-01	1.66821052e-01	9.28875180e-01
6.19000000e+01	3.94335512e-01	6.75977539e-05	7.19576720e-01	1.50609250e-03	3.38714516e-01	6.36226118e-01	1.66831090e-01	9.30439058e-01
6.20000000e+01	3.94063181e-01	6.89265484e-05	7.18915344e-01	1.48446270e-03	3.40612958e-01	6.33537722e-01	1.66841610e-01	9.31987634e-01
6.21000000e+01	3.93790850e-01	7.02800754e-05	7.18253968e-01	1.46319654e-03	3.42527067e-01	6.30848263e-01	1.66852627e-01	9.33520817e-01
6.22000000e+01	3.93518519e-01	7.16587663e-05	7.17592593e-01	1.44228992e-03	3.44456929e-01	6.28157852e-01	1.66864156e-01	9.35038514e-01
6.23000000e+01	3.93246187e-01	7.30630600e-05	7.16931217e-01	1.42173880e-03	3.46402632e-01	6.25466600e-01	1.66876213e-01	9.36540635e-01
6.24000000e+01	3.92973856e-01	7.44934020e-05	7.16269841e-01	1.40153922e-03	3.48364262e-01	6.22774618e-01	1.66888813e-01	9.38027089e-01
6.25000000e+01	3.92701525e-01	7.59502453e-05	7.15608466e-01	1.38168724e-03	3.50341905e-01	6.20082015e-01	1.66901974e-01	9.39497787e-01
6.26000000e+01	3.92429194e-01	7.74340501e-05	7.14947090e-01	1.36217900e-03	3.52335647e-01	6.17388900e-01	1.66915711e-01	9.40952640e-01
6.27000000e+01	3.92156863e-01	7.89452838e-05	7.14285714e-01	1.34301071e-03	3.54345577e-01	6.14695383e-01	1.66930041e-01	9.42391561e-01
6.28000000e+01	3.91884532e-01	8.04844215e-05	7.13624339e-01	1.32417862e-03	3.56371782e-01	6.12001573e-01	1.66944981e-01	9.43814464e-01
6.29000000e+01	3.91612200e-01	8.20519459e-05	7.12962963e-01	1.30567904e-03	3.58414349e-01	6.09307576e-01	1.66960547e-01	9.45221262e-01
6.30000000e+01	3.91339869e-01	8.36483472e-05	7.12301587e-01	1.28750834e-03	3.60473366e-01	6.06613502e-01	1.66976757e-01	9.46611871e-01
6.31000000e+01	3.91067538e-01	8.52741237e-05	7.11640212e-01	1.26966295e-03	3.62548921e-01	6.03919457e-01	1.66993629e-01	9.47986207e-01
6.32000000e+01	3.90795207e-01	8.69297813e-05	7.10978836e-01	1.25213935e-03	3.64641103e-01	6.01225549e-01	1.67011180e-01	9.49344187e-01
6.33000000e+01	3.90522876e-01	8.86158343e-05	7.10317460e-01	1.23493408e-03	3.66750000e-01	5.98531882e-01	1.67029429e-01	9.50685729e-01
6.34000000e+01	3.90250545e-01	9.03328048e-05	7.09656085e-01	1.21804373e-03	3.68875701e-01	5.95838564e-01	1.67048393e-01	9.52010751e-01
6.35000000e+01	3.89978214e-01	9.20812235e-05	7.08994709e-01	1.20146495e-03	3.71018294e-01	5.93145700e-01	1.67068091e-01	9.53319174e-01
6.36000000e+01	3.89705882e-01	9.38616293e-05	7.08333333e-01	1.18519445e-03	3.73177870e-01	5.90453394e-01	1.67088542e-01	9.54610918e-01
6.37000000e+01	3.89433551e-01	9.56745697e-05	7.07671958e-01	1.16922899e-03	3.75354517e-01	5.87761750e-01	1.67109764e-01	9.55885905e-01
6.38000000e+01	3.89161220e-01	9.75206006e-05	7.07010582e-01	1.15356538e-03	3.77548326e-01	5.85070873e-01	1.67131777e-01	9.57144057e-01
6.39000000e+01	3.88888889e-01	9.94002871e-05	7.06349206e-01	1.13820048e-03	3.79759386e-01	5.82380866e-01	1.67154600e-01	9.58385299e-01
6.40000000e+01	3.88616558e-01	1.01314203e-04	7.05687831e-01	1.12313123e-03	3.81987788e-01	5.79691832e-01	1.67178254e-01	9.59609555e-01
6.41000000e+01	3.88344227e-01	1.03262931e-04	7.05026455e-01	1.10835458e-03	3.84233622e-01	5.77003873e-01	1.67202756e-01	9.60816750e-01
6.42000000e+01	3.88071895e-01	1.05247062e-04	7.04365079e-01	1.09386758e-03	3.86496978e-01	5.74317091e-01	1.67228129e-01	9.62006811e-01
6.43000000e+01	3.87799564e-01	1.07267198e-04	7.03703704e-01	1.07966730e-03	3.88777948e-01	5.71631587e-01	1.67254392e-01	9.63179666e-01
6.44000000e+01	3.87527233e-01	1.09323950e-04	7.03042328e-01	1.06575087e-03	3.91076622e-01	5.68947461e-01	1.67281566e-01	9.64335243e-01
6.45000000e+01	3.87254902e-01	1.11417938e-04	7.02380952e-01	1.05211548e-03	3.93393093e-01	5.66264815e-01	1.67309671e-01	9.65473473e-01
6.46000000e+01	3.86982571e-01	1.13549790e-04	7.01719577e-01	1.03875837e-03	3.95727451e-01	5.63583747e-01	1.67338729e-01	9.66594285e-01
6.47000000e+01	3.86710240e-01	1.15720148e-04	7.01058201e-01	1.02567681e-03	3.98079789e-01	5.60904357e-01	1.67368760e-01	9.67697611e-01
6.48000000e+01	3.86437908e-01	1.17929659e-04	7.00396825e-01	1.01286816e-03	4.00450199e-01	5.58226743e-01	1.67399787e-01	9.68783383e-01
6.49000000e+01	3.86165577e-01	1.20178984e-04	6.99735450e-01	1.00032980e-03	4.02838772e-01	5.55551003e-01	1.67431832e-01	9.69851537e-01
6.50000000e+01	3.85893246e-01	1.22468792e-04	6.99074074e-01	9.88059170e-04	4.05245603e-01	5.52877235e-01	1.67464915e-01	9.70902006e-01
6.51000000e+01	3.85620915e-01	1.24799763e-04	6.98412698e-01	9.76053764e-04	4.07670782e-01	5.50205536e-01	1.67499060e-01	9.71934725e-01
6.52000000e+01	3.85348584e-01	1.27172588e-04	6.97751323e-01	9.64311123e-04	4.10114404e-01	5.47536001e-01	1.67534289e-01	9.72949633e-01
6.53000000e+01	3.85076253e-01	1.29587968e-04	6.97089947e-01	9.52828837e-04	4.12576561e-01	5.44868727e-01	1.67570624e-01	9.73946667e-01
6.54000000e+01	3.84803922e-01	1.32046615e-04	6.96428571e-01	9.41604547e-04	4.15057347e-01	5.42203808e-01	1.67608089e-01	9.74925765e-01
6.55000000e+01	3.84531590e-01	1.34549251e-04	6.95767196e-01	9.30635943e-04	4.17556856e-01	5.39541339e-01	1.67646706e-01	9.75886869e-01
6.56000000e+01	3.84259259e-01	1.37096611e-04	6.95105820e-01	9.19920763e-04	4.20075182e-01	5.36881414e-01	1.67686500e-01	9.76829918e-01
6.57000000e+01	3.83986928e-01	1.39689439e-04	6.94444444e-01	9.09456797e-04	4.22612419e-01	5.34224127e-01	1.67727493e-01	9.77754856e-01
6.58000000e+01	3.83714597e-01	1.42328493e-04	6.93783069e-01	8.99241879e-04	4.25168662e-01	5.31569569e-01	1.67769710e-01	9.78661625e-01
6.59000000e+01	3.83442266e-01	1.45014540e-04	6.93121693e-01	8.89273896e-04	4.27744004e-01	5.28917834e-01	1.67813175e-01	9.79550169e-01
6.60000000e+01	3.83169935e-01	1.47748360e-04	6.92460317e-01	8.79550779e-04	4.30338542e-01	5.26269012e-01	1.67857911e-01	9.80420435e-01
6.61000000e+01	3.82897603e-01	1.50530745e-04	6.91798942e-01	8.70070510e-04	4.32952369e-01	5.23623196e-01	1.67903944e-01	9.81272369e-01
6.62000000e+01	3.82625272e-01	1.53362498e-04	6.91137566e-01	8.60831117e-04	4.35585582e-01	5.20980473e-01	1.67951299e-01	9.82105918e-01
6.63000000e+01	3.82352941e-01	1.56244435e-04	6.90476190e-01	8.51830676e-04	4.38238277e-01	5.18340936e-01	1.68000000e-01	9.82921031e-01
6.64000000e+01	3.82080610e-01	1.59177384e-04	6.89814815e-01	8.43067309e-04	4.40910548e-01	5.15704672e-01	1.68050073e-01	9.83717659e-01
6.65000000e+01	3.81808279e-01	1.62162185e-04	6.89153439e-01	8.34539188e-04	4.43602492e-01	5.13071770e-01	1.68101543e-01	9.84495751e-01
6.66000000e+01	3.81535948e-01	1.65199693e-04	6.88492063e-01	8.26244530e-04	4.46314206e-01	5.10442318e-01	1.68154436e-01	9.85255260e-01
6.67000000e+01	3.81263617e-01	1.68290773e-04	6.87830688e-01	8.18181596e-04	4.49045786e-01	5.07816404e-01	1.68208778e-01	9.85996140e-01
6.68000000e+01	3.80991285e-01	1.71436304e-04	6.87169312e-01	8.10348699e-04	4.51797328e-01	5.05194112e-01	1.68264596e-01	9.86718345e-01
6.69000000e+01	3.80718954e-01	1.74637179e-04	6.86507937e-01	8.02744194e-04	4.54568930e-01	5.02575530e-01	1.68321915e-01	9.87421830e-01
6.70000000e+01	3.80446623e-01	1.77894303e-04	6.85846561e-01	7.95366483e-04	4.57360689e-01	4.99960743e-01	1.68380762e-01	9.88106551e-01
6.71000000e+01	3.80174292e-01	1.81208596e-04	6.85185185e-01	7.88214015e-04	4.60172703e-01	4.97349835e-01	1.68441165e-01	9.88772467e-01
6.72000000e+01	3.79901961e-01	1.84580990e-04	6.84523810e-01	7.81285283e-04	4.63005069e-01	4.94742890e-01	1.68503151e-01	9.89419537e-01
6.73000000e+01	3.79629630e-01	1.88012432e-04	6.83862434e-01	7.74578827e-04	4.65857885e-01	4.92139992e-01	1.68566746e-01	9.90047721e-01
6.74000000e+01	3.79357298e-01	1.91503884e-04	6.83201058e-01	7.68093232e-04	4.68731249e-01	4.89541222e-01	1.68631979e-01	9.90656979e-01
6.75000000e+01	3.79084967e-01	1.95056320e-04	6.82539683e-01	7.61827127e-04	4.71625260e-01	4.86946664e-01	1.68698877e-01	9.91247275e-01
6.76000000e+01	3.78812636e-01	1.98670730e-04	6.81878307e-01	7.55779189e-04	4.74540017e-01	4.84356399e-01	1.68767469e-01	9.91818571e-01
6.77000000e+01	3.78540305e-01	2.02348118e-04	6.81216931e-01	7.49948136e-04	4.77475618e-01	4.81770506e-01	1.68837783e-01	9.92370833e-01
6.78000000e+01	3.78267974e-01	2.06089504e-04	6.80555556e-01	7.44332733e-04	4.80432163e-01	4.79189067e-01	1.68909847e-01	9.92904026e-01
6.79000000e+01	3.77995643e-01	2.09895921e-04	6.79894180e-01	7.38931791e-04	4.83409751e-01	4.76612160e-01	1.68983690e-01	9.93418118e-01
6.80000000e+01	3.77723312e-01	2.13768419e-04	6.79232804e-01	7.33744162e-04	4.86408481e-01	4.74039864e-01	1.69059342e-01	9.93913076e-01
6.81000000e+01	3.77450980e-01	2.17708062e-04	6.78571429e-01	7.28768745e-04	4.89428453e-01	4.71472257e-01	1.69136831e-01	9.94388870e-01
6.82000000e+01	3.77178649e-01	2.21715932e-04	6.77910053e-01	7.24004482e-04	4.92469769e-01	4.68909417e-01	1.69216188e-01	9.94845471e-01
6.83000000e+01	3.76906318e-01	2.25793124e-04	6.77248677e-01	7.19450360e-04	4.95532526e-01	4.66351419e-01	1.69297441e-01	9.95282850e-01
6.84000000e+01	3.76633987e-01	2.29940750e-04	6.76587302e-01	7.15105409e-04	4.98616827e-01	4.63798341e-01	1.69380621e-01	9.95700981e-01
6.85000000e+01	3.76361656e-01	2.34159940e-04	6.75925926e-01	7.10968704e-04	5.01722773e-01	4.61250257e-01	1.69465758e-01	9.96099836e-01
6.86000000e+01	3.76089325e-01	2.38451837e-04	6.75264550e-01	7.07039362e-04	5.04850463e-01	4.58707242e-01	1.69552883e-01	9.96479393e-01
6.87000000e+01	3.75816993e-01	2.42817603e-04	6.74603175e-01	7.03316545e-04	5.08000000e-01	4.56169369e-01	1.69642026e-01	9.96839626e-01
6.88000000e+01	3.75544662e-01	2.47258418e-04	6.73941799e-01	6.99799459e-04	5.11171485e-01	4.53636713e-01	1.69733218e-01	9.97180515e-01
6.89000000e+01	3.75272331e-01	2.51775475e-04	6.73280423e-01	6.96487353e-04	5.14365019e-01	4.51109345e-01	1.69826491e-01	9.97502037e-01
6.90000000e+01	3.75000000e-01	2.56369989e-04	6.72619048e-01	6.93379519e-04	5.17580705e-01	4.48587337e-01	1.69921875e-01	9.97804173e-01
6.91000000e+01	3.74727669e-01	2.61043188e-04	6.71957672e-01	6.90475291e-04	5.20818645e-01	4.46070761e-01	1.70019403e-01	9.98086904e-01
6.92000000e+01	3.74455338e-01	2.65796323e-04	6.71296296e-01	6.87774050e-04	5.24078941e-01	4.43559687e-01	1.70119105e-01	9.98350212e-01
6.93000000e+01	3.74183007e-01	2.70630657e-04	6.70634921e-01	6.85275216e-04	5.27361695e-01	4.41054184e-01	1.70221016e-01	9.98594082e-01
6.94000000e+01	3.73910675e-01	2.75547476e-04	6.69973545e-01	6.82978255e-04	5.30667012e-01	4.38554323e-01	1.70325165e-01	9.98818498e-01
6.95000000e+01	3.73638344e-01	2.80548082e-04	6.69312169e-01	6.80882676e-04	5.33994993e-01	4.36060171e-01	1.70431588e-01	9.99023446e-01
6.96000000e+01	3.73366013e-01	2.85633796e-04	6.68650794e-01	6.78988028e-04	5.37345743e-01	4.33571796e-01	1.70540315e-01	9.99208913e-01
6.97000000e+01	3.73093682e-01	2.90805959e-04	6.67989418e-01	6.77293906e-04	5.40719365e-01	4.31089264e-01	1.70651380e-01	9.99374889e-01
6.98000000e+01	3.72821351e-01	2.96065929e-04	6.67328042e-01	6.75799946e-04	5.44115963e-01	4.28612643e-01	1.70764817e-01	9.99521362e-01
6.99000000e+01	3.72549020e-01	3.01415085e-04	6.66666667e-01	6.74505828e-04	5.47535640e-01	4.26141998e-01	1.70880658e-01	9.99648324e-01
7.00000000e+01	3.72276688e-01	3.06854826e-04	6.66005291e-01	6.73411275e-04	5.50978501e-01	4.23677394e-01	1.70998939e-01	9.99755767e-01
7.01000000e+01	3.72004357e-01	3.12386568e-04	6.65343915e-01	6.72516052e-04	5.54444652e-01	4.21218894e-01	1.71119692e-01	9.99843683e-01
7.02000000e+01	3.71732026e-01	3.18011751e-04	6.64682540e-01	6.71819967e-04	5.57934195e-01	4.18766563e-01	1.71242952e-01	9.99912069e-01
7.03000000e+01	3.71459695e-01	3.23731833e-04	6.64021164e-01	6.71322870e-04	5.61447237e-01	4.16320463e-01	1.71368753e-01	9.99960918e-01
7.04000000e+01	3.71187364e-01	3.29548292e-04	6.63359788e-01	6.71024654e-04	5.64983883e-01	4.13880657e-01	1.71497130e-01	9.99990229e-01
7.05000000e+01	3.70915033e-01	3.35462628e-04	6.62698413e-01	6.70925256e-04	5.68544239e-01	4.11447205e-01	1.71628118e-01	1.00000000e+00
7.06000000e+01	3.70642702e-01	3.41476362e-04	6.62037037e-01	6.71024654e-04	5.72128409e-01	4.09020169e-01	1.71761752e-01	9.99990229e-01
7.07000000e+01	3.70370370e-01	3.47591037e-04	6.61375661e-01	6.71322870e-04	5.75736500e-01	4.06599609e-01	1.71898068e-01	9.99960918e-01
7.08000000e+01	3.70098039e-01	3.53808216e-04	6.60714286e-01	6.71819967e-04	5.79368618e-01	4.04185583e-01	1.72037101e-01	9.99912069e-01
7.09000000e+01	3.69825708e-01	3.60129484e-04	6.60052910e-01	6.72516052e-04	5.83024870e-01	4.01778150e-01	1.72178887e-01	9.99843683e-01
7.10000000e+01	3.69553377e-01	3.66556450e-04	6.59391534e-01	6.73411275e-04	5.86705362e-01	3.99377369e-01	1.72323463e-01	9.99755767e-01
7.11000000e+01	3.69281046e-01	3.73090743e-04	6.58730159e-01	6.74505828e-04	5.90410202e-01	3.96983296e-01	1.72470863e-01	9.99648324e-01
7.12000000e+01	3.69008715e-01	3.79734017e-04	6.58068783e-01	6.75799946e-04	5.94139495e-01	3.94595988e-01	1.72621126e-01	9.99521362e-01
7.13000000e+01	3.68736383e-01	3.86487947e-04	6.57407407e-01	6.77293906e-04	5.97893351e-01	3.92215500e-01	1.72774287e-01	9.99374889e-01
7.14000000e+01	3.68464052e-01	3.93354231e-04	6.56746032e-01	6.78988028e-04	6.01671875e-01	3.89841889e-01	1.72930385e-01	9.99208913e-01
7.15000000e+01	3.68191721e-01	4.00334594e-04	6.56084656e-01	6.80882676e-04	6.05475177e-01	3.87475207e-01	1.73089456e-01	9.99023446e-01
7.16000000e+01	3.67919390e-01	4.07430779e-04	6.55423280e-01	6.82978255e-04	6.09303363e-01	3.85115510e-01	1.73251537e-01	9.98818498e-01
7.17000000e+01	3.67647059e-01	4.14644559e-04	6.54761905e-01	6.85275216e-04	6.13156544e-01	3.82762849e-01	1.73416667e-01	9.98594082e-01
7.18000000e+01	3.67374728e-01	4.21977727e-04	6.54100529e-01	6.87774050e-04	6.17034826e-01	3.80417278e-01	1.73584883e-01	9.98350212e-01
7.19000000e+01	3.67102397e-01	4.29432103e-04	6.53439153e-01	6.90475291e-04	6.20938319e-01	3.78078847e-01	1.73756224e-01	9.98086904e-01
7.20000000e+01	3.66830065e-01	4.37009530e-04	6.52777778e-01	6.93379519e-04	6.24867132e-01	3.75747608e-01	1.73930728e-01	9.97804173e-01
7.21000000e+01	3.66557734e-01	4.44711878e-04	6.52116402e-01	6.96487353e-04	6.28821374e-01	3.73423611e-01	1.74108434e-01	9.97502037e-01
7.22000000e+01	3.66285403e-01	4.52541042e-04	6.51455026e-01	6.99799459e-04	6.32801155e-01	3.71106905e-01	1.74289380e-01	9.97180515e-01
7.23000000e+01	3.66013072e-01	4.60498942e-04	6.50793651e-01	7.03316545e-04	6.36806584e-01	3.68797540e-01	1.74473607e-01	9.96839626e-01
7.24000000e+01	3.65740741e-01	4.68587525e-04	6.50132275e-01	7.07039362e-04	6.40837772e-01	3.66495562e-01	1.74661152e-01	9.96479393e-01
7.25000000e+01	3.65468410e-01	4.76808764e-04	6.49470899e-01	7.10968704e-04	6.44894828e-01	3.64201021e-01	1.74852057e-01	9.96099836e-01
7.26000000e+01	3.65196078e-01	4.85164659e-04	6.48809524e-01	7.15105409e-04	6.48977862e-01	3.61913962e-01	1.75046361e-01	9.95700981e-01
7.27000000e+01	3.64923747e-01	4.93657236e-04	6.48148148e-01	7.19450360e-04	6.53086987e-01	3.59634431e-01	1.75244103e-01	9.95282850e-01
7.28000000e+01	3.64651416e-01	5.02288550e-04	6.47486772e-01	7.24004482e-04	6.57222312e-01	3.57362475e-01	1.75445325e-01	9.94845471e-01
7.29000000e+01	3.64379085e-01	5.11060683e-04	6.46825397e-01	7.28768745e-04	6.61383948e-01	3.55098136e-01	1.75650066e-01	9.94388870e-01
7.30000000e+01	3.64106754e-01	5.19975743e-04	6.46164021e-01	7.33744162e-04	6.65572008e-01	3.52841461e-01	1.75858368e-01	9.93913076e-01
7.31000000e+01	3.63834423e-01	5.29035870e-04	6.45502646e-01	7.38931791e-04	6.69786602e-01	3.50592491e-01	1.76070272e-01	9.93418118e-01
7.32000000e+01	3.63562092e-01	5.38243230e-04	6.44841270e-01	7.44332733e-04	6.74027842e-01	3.48351270e-01	1.76285819e-01	9.92904026e-01
7.33000000e+01	3.63289760e-01	5.47600018e-04	6.44179894e-01	7.49948136e-04	6.78295841e-01	3.46117840e-01	1.76505050e-01	9.92370833e-01
7.34000000e+01	3.63017429e-01	5.57108459e-04	6.43518519e-01	7.55779189e-04	6.82590711e-01	3.43892241e-01	1.76728007e-01	9.91818571e-01
7.35000000e+01	3.62745098e-01	5.66770807e-04	6.42857143e-01	7.61827127e-04	6.86912564e-01	3.41674514e-01	1.76954733e-01	9.91247275e-01
7.36000000e+01	3.62472767e-01	5.76589348e-04	6.42195767e-01	7.68093232e-04	6.91261514e-01	3.39464700e-01	1.77185268e-01	9.90656979e-01
7.37000000e+01	3.62200436e-01	5.86566395e-04	6.41534392e-01	7.74578827e-04	6.95637672e-01	3.37262837e-01	1.77419657e-01	9.90047721e-01
7.38000000e+01	3.61928105e-01	5.96704293e-04	6.40873016e-01	7.81285283e-04	7.00041153e-01	3.35068964e-01	1.77657942e-01	9.89419537e-01
7.39000000e+01	3.61655773e-01	6.07005419e-04	6.40211640e-01	7.88214015e-04	7.04472070e-01	3.32883119e-01	1.77900165e-01	9.88772467e-01
7.40000000e+01	3.61383442e-01	6.17472180e-04	6.39550265e-01	7.95366483e-04	7.08930537e-01	3.30705339e-01	1.78146369e-01	9.88106551e-01
7.41000000e+01	3.61111111e-01	6.28107015e-04	6.38888889e-01	8.02744194e-04	7.13416667e-01	3.28535662e-01	1.78396599e-01	9.87421830e-01
7.42000000e+01	3.60838780e-01	6.38912395e-04	6.38227513e-01	8.10348699e-04	7.17930575e-01	3.26374121e-01	1.78650897e-01	9.86718345e-01
7.43000000e+01	3.60566449e-01	6.49890824e-04	6.37566138e-01	8.18181596e-04	7.22472375e-01	3.24220754e-01	1.78909308e-01	9.85996140e-01
7.44000000e+01	3.60294118e-01	6.61044837e-04	6.36904762e-01	8.26244530e-04	7.27042182e-01	3.22075595e-01	1.79171875e-01	9.85255260e-01
7.45000000e+01	3.60021786e-01	6.72377003e-04	6.36243386e-01	8.34539188e-04	7.31640111e-01	3.19938677e-01	1.79438643e-01	9.84495751e-01
7.46000000e+01	3.59749455e-01	6.83889926e-04	6.35582011e-01	8.43067309e-04	7.36266277e-01	3.17810033e-01	1.79709657e-01	9.83717659e-01
7.47000000e+01	3.59477124e-01	6.95586241e-04	6.34920635e-01	8.51830676e-04	7.40920795e-01	3.15689698e-01	1.79984962e-01	9.82921031e-01
7.48000000e+01	3.59204793e-01	7.07468619e-04	6.34259259e-01	8.60831117e-04	7.45603781e-01	3.13577701e-01	1.80264601e-01	9.82105918e-01
7.49000000e+01	3.58932462e-01	7.19539765e-04	6.33597884e-01	8.70070510e-04	7.50315350e-01	3.11474076e-01	1.80548622e-01	9.81272369e-01
7.50000000e+01	3.58660131e-01	7.31802419e-04	6.32936508e-01	8.79550779e-04	7.55055620e-01	3.09378852e-01	1.80837068e-01	9.80420435e-01
7.51000000e+01	3.58387800e-01	7.44259356e-04	6.32275132e-01	8.89273896e-04	7.59824706e-01	3.07292059e-01	1.81129987e-01	9.79550169e-01
7.52000000e+01	3.58115468e-01	7.56913386e-04	6.31613757e-01	8.99241879e-04	7.64622724e-01	3.05213728e-01	1.81427423e-01	9.78661625e-01
7.53000000e+01	3.57843137e-01	7.69767357e-04	6.30952381e-01	9.09456797e-04	7.69449792e-01	3.03143886e-01	1.81729424e-01	9.77754856e-01
7.54000000e+01	3.57570806e-01	7.82824152e-04	6.30291005e-01	9.19920763e-04	7.74306026e-01	3.01082563e-01	1.82036035e-01	9.76829918e-01
7.55000000e+01	3.57298475e-01	7.96086691e-04	6.29629630e-01	9.30635943e-04	7.79191544e-01	2.99029785e-01	1.82347304e-01	9.75886869e-01
7.56000000e+01	3.57026144e-01	8.09557932e-04	6.28968254e-01	9.41604547e-04	7.84106463e-01	2.96985579e-01	1.82663276e-01	9.74925765e-01
7.57000000e+01	3.56753813e-01	8.23240869e-04	6.28306878e-01	9.52828837e-04	7.89050901e-01	2.94949972e-01	1.82984000e-01	9.73946667e-01
7.58000000e+01	3.56481481e-01	8.37138535e-04	6.27645503e-01	9.64311123e-04	7.94024976e-01	2.92922990e-01	1.83309523e-01	9.72949633e-01
7.59000000e+01	3.56209150e-01	8.51254001e-04	6.26984127e-01	9.76053764e-04	7.99028807e-01	2.90904657e-01	1.83639892e-01	9.71934725e-01
7.60000000e+01	3.55936819e-01	8.65590378e-04	6.26322751e-01	9.88059170e-04	8.04062510e-01	2.88894998e-01	1.83975156e-01	9.70902006e-01
7.61000000e+01	3.55664488e-01	8.80150815e-04	6.25661376e-01	1.00032980e-03	8.09126206e-01	2.86894037e-01	1.84315362e-01	9.69851537e-01
7.62000000e+01	3.55392157e-01	8.94938501e-04	6.25000000e-01	1.01286816e-03	8.14220013e-01	2.84901797e-01	1.84660558e-01	9.68783383e-01
7.63000000e+01	3.55119826e-01	9.09956665e-04	6.24338624e-01	1.02567681e-03	8.19344050e-01	2.82918301e-01	1.85010794e-01	9.67697611e-01
7.64000000e+01	3.54847495e-01	9.25208576e-04	6.23677249e-01	1.03875837e-03	8.24498437e-01	2.80943570e-01	1.85366118e-01	9.66594285e-01
7.65000000e+01	3.54575163e-01	9.40697545e-04	6.23015873e-01	1.05211548e-03	8.29683293e-01	2.78977627e-01	1.85726579e-01	9.65473473e-01
7.66000000e+01	3.54302832e-01	9.56426923e-04	6.22354497e-01	1.06575087e-03	8.34898738e-01	2.77020491e-01	1.86092226e-01	9.64335243e-01
7.67000000e+01	3.54030501e-01	9.72400103e-04	6.21693122e-01	1.07966730e-03	8.40144892e-01	2.75072184e-01	1.86463109e-01	9.63179666e-01
7.68000000e+01	3.53758170e-01	9.88620521e-04	6.21031746e-01	1.09386758e-03	8.45421875e-01	2.73132725e-01	1.86839278e-01	9.62006811e-01
7.69000000e+01	3.53485839e-01	1.00509165e-03	6.20370370e-01	1.10835458e-03	8.50729808e-01	2.71202132e-01	1.87220783e-01	9.60816750e-01
7.70000000e+01	3.53213508e-01	1.02181702e-03	6.19708995e-01	1.12313123e-03	8.56068812e-01	2.69280426e-01	1.87607673e-01	9.59609555e-01
7.71000000e+01	3.52941176e-01	1.03880020e-03	6.19047619e-01	1.13820048e-03	8.61439008e-01	2.67367623e-01	1.88000000e-01	9.58385299e-01
7.72000000e+01	3.52668845e-01	1.05604478e-03	6.18386243e-01	1.15356538e-03	8.66840517e-01	2.65463740e-01	1.88397814e-01	9.57144057e-01
7.73000000e+01	3.52396514e-01	1.07355442e-03	6.17724868e-01	1.16922899e-03	8.72273460e-01	2.63568796e-01	1.88801165e-01	9.55885905e-01
7.74000000e+01	3.52124183e-01	1.09133282e-03	6.17063492e-01	1.18519445e-03	8.77737960e-01	2.61682805e-01	1.89210106e-01	9.54610918e-01
7.75000000e+01	3.51851852e-01	1.10938373e-03	6.16402116e-01	1.20146495e-03	8.83234138e-01	2.59805784e-01	1.89624687e-01	9.53319174e-01
7.76000000e+01	3.51579521e-01	1.12771092e-03	6.15740741e-01	1.21804373e-03	8.88762116e-01	2.57937748e-01	1.90044960e-01	9.52010751e-01
7.77000000e+01	3.51307190e-01	1.14631824e-03	6.15079365e-01	1.23493408e-03	8.94322016e-01	2.56078712e-01	1.90470977e-01	9.50685729e-01
7.78000000e+01	3.51034858e-01	1.16520957e-03	6.14417989e-01	1.25213935e-03	8.99913963e-01	2.54228688e-01	1.90902791e-01	9.49344187e-01
7.79000000e+01	3.50762527e-01	1.18438883e-03	6.13756614e-01	1.26966295e-03	9.05538077e-01	2.52387692e-01	1.91340452e-01	9.47986207e-01
7.80000000e+01	3.50490196e-01	1.20385999e-03	6.13095238e-01	1.28750834e-03	9.11194483e-01	2.50555735e-01	1.91784015e-01	9.46611871e-01
7.81000000e+01	3.50217865e-01	1.22362709e-03	6.12433862e-01	1.30567904e-03	9.16883304e-01	2.48732831e-01	1.92233531e-01	9.45221262e-01
7.82000000e+01	3.49945534e-01	1.24369420e-03	6.11772487e-01	1.32417862e-03	9.22604664e-01	2.46918991e-01	1.92689054e-01	9.43814464e-01
7.83000000e+01	3.49673203e-01	1.26406543e-03	6.11111111e-01	1.34301071e-03	9.28358685e-01	2.45114226e-01	1.93150638e-01	9.42391561e-01
7.84000000e+01	3.49400871e-01	1.28474495e-03	6.10449735e-01	1.36217900e-03	9.34145493e-01	2.43318548e-01	1.93618334e-01	9.40952640e-01
7.85000000e+01	3.49128540e-01	1.30573699e-03	6.09788360e-01	1.38168724e-03	9.39965212e-01	2.41531966e-01	1.94092199e-01	9.39497787e-01
7.86000000e+01	3.48856209e-01	1.32704581e-03	6.09126984e-01	1.40153922e-03	9.45817966e-01	2.39754491e-01	1.94572284e-01	9.38027089e-01
7.87000000e+01	3.48583878e-01	1.34867574e-03	6.08465608e-01	1.42173880e-03	9.51703879e-01	2.37986132e-01	1.95058645e-01	9.36540635e-01
7.88000000e+01	3.48311547e-01	1.37063115e-03	6.07804233e-01	1.44228992e-03	9.57623078e-01	2.36226897e-01	1.95551336e-01	9.35038514e-01
7.89000000e+01	3.48039216e-01	1.39291646e-03	6.07142857e-01	1.46319654e-03	9.63575687e-01	2.34476795e-01	1.96050412e-01	9.33520817e-01
7.90000000e+01	3.47766885e-01	1.41553615e-03	6.06481481e-01	1.48446270e-03	9.69561832e-01	2.32735834e-01	1.96555927e-01	9.31987634e-01
7.91000000e+01	3.47494553e-01	1.43849475e-03	6.05820106e-01	1.50609250e-03	9.75581638e-01	2.31004021e-01	1.97067937e-01	9.30439058e-01
7.92000000e+01	3.47222222e-01	1.46179684e-03	6.05158730e-01	1.52809010e-03	9.81635232e-01	2.29281363e-01	1.97586497e-01	9.28875180e-01
7.93000000e+01	3.46949891e-01	1.48544705e-03	6.04497354e-01	1.55045972e-03	9.87722739e-01	2.27567866e-01	1.98111663e-01	9.27296095e-01
7.94000000e+01	3.46677560e-01	1.50945009e-03	6.03835979e-01	1.57320563e-03	9.93844286e-01	2.25863536e-01	1.98643490e-01	9.25701897e-01
7.95000000e+01	3.46405229e-01	1.53381068e-03	6.03174603e-01	1.59633218e-03	1.00000000e+00	2.24168378e-01	1.99182035e-01	9.24092681e-01
7.96000000e+01	3.46132898e-01	1.55853364e-03	6.02513228e-01	1.61984377e-03	9.98737374e-01	2.22482398e-01	1.99727355e-01	9.22468544e-01
7.97000000e+01	3.45860566e-01	1.58362381e-03	6.01851852e-01	1.64374486e-03	9.97474747e-01	2.20805599e-01	2.00279504e-01	9.20829581e-01
7.98000000e+01	3.45588235e-01	1.60908612e-03	6.01190476e-01	1.66803997e-03	9.96212121e-01	2.19137986e-01	2.00838542e-01	9.19175892e-01
7.99000000e+01	3.45315904e-01	1.63492553e-03	6.00529101e-01	1.69273371e-03	9.94949495e-01	2.17479562e-01	2.01404523e-01	9.17507573e-01
8.00000000e+01	3.45043573e-01	1.66114706e-03	5.99867725e-01	1.71783072e-03	9.93686869e-01	2.15830331e-01	2.01977507e-01	9.15824725e-01
8.01000000e+01	3.44771242e-01	1.68775581e-03	5.99206349e-01	1.74333571e-03	9.92424242e-01	2.14190295e-01	2.02557550e-01	9.14127446e-01
8.02000000e+01	3.44498911e-01	1.71475691e-03	5.98544974e-01	1.76925348e-03	9.91161616e-01	2.12559456e-01	2.03144709e-01	9.12415839e-01
8.03000000e+01	3.44226580e-01	1.74215557e-03	5.97883598e-01	1.79558886e-03	9.89898990e-01	2.10937815e-01	2.03739044e-01	9.10690005e-01
8.04000000e+01	3.43954248e-01	1.76995705e-03	5.97222222e-01	1.82234678e-03	9.88636364e-01	2.09325375e-01	2.04340612e-01	9.08950045e-01
8.05000000e+01	3.43681917e-01	1.79816666e-03	5.96560847e-01	1.84953219e-03	9.87373737e-01	2.07722136e-01	2.04949471e-01	9.07196063e-01
8.06000000e+01	3.43409586e-01	1.82678980e-03	5.95899471e-01	1.87715016e-03	9.86111111e-01	2.06128099e-01	2.05565681e-01	9.05428162e-01
8.07000000e+01	3.43137255e-01	1.85583190e-03	5.95238095e-01	1.90520578e-03	9.84848485e-01	2.04543263e-01	2.06189300e-01	9.03646447e-01
8.08000000e+01	3.42864924e-01	1.88529846e-03	5.94576720e-01	1.93370424e-03	9.83585859e-01	2.02967629e-01	2.06820388e-01	9.01851023e-01
8.09000000e+01	3.42592593e-01	1.91519506e-03	5.93915344e-01	1.96265078e-03	9.82323232e-01	2.01401195e-01	2.07459003e-01	9.00041996e-01
8.10000000e+01	3.42320261e-01	1.94552732e-03	5.93253968e-01	1.99205070e-03	9.81060606e-01	1.99843960e-01	2.08105206e-01	8.98219472e-01
8.11000000e+01	3.42047930e-01	1.97630094e-03	5.92592593e-01	2.02190940e-03	9.79797980e-01	1.98295923e-01	2.08759056e-01	8.96383559e-01
8.12000000e+01	3.41775599e-01	2.00752166e-03	5.91931217e-01	2.05223232e-03	9.78535354e-01	1.96757082e-01	2.09420613e-01	8.94534365e-01
8.13000000e+01	3.41503268e-01	2.03919532e-03	5.91269841e-01	2.08302497e-03	9.77272727e-01	1.95227434e-01	2.10089938e-01	8.92671997e-01
8.14000000e+01	3.41230937e-01	2.07132779e-03	5.90608466e-01	2.11429295e-03	9.76010101e-01	1.93706977e-01	2.10767091e-01	8.90796566e-01
8.15000000e+01	3.40958606e-01	2.10392503e-03	5.89947090e-01	2.14604192e-03	9.74747475e-01	1.92195707e-01	2.11452134e-01	8.88908181e-01
8.16000000e+01	3.40686275e-01	2.13699305e-03	5.89285714e-01	2.17827760e-03	9.73484848e-01	1.90693621e-01	2.12145126e-01	8.87006953e-01
8.17000000e+01	3.40413943e-01	2.17053793e-03	5.88624339e-01	2.21100579e-03	9.72222222e-01	1.89200716e-01	2.12846130e-01	8.85092993e-01
8.18000000e+01	3.40141612e-01	2.20456583e-03	5.87962963e-01	2.24423237e-03	9.70959596e-01	1.87716986e-01	2.13555207e-01	8.83166412e-01
8.19000000e+01	3.39869281e-01	2.23908296e-03	5.87301587e-01	2.27796329e-03	9.69696970e-01	1.86242427e-01	2.14272418e-01	8.81227324e-01
8.20000000e+01	3.39596950e-01	2.27409561e-03	5.86640212e-01	2.31220455e-03	9.68434343e-01	1.84777035e-01	2.14997826e-01	8.79275840e-01
8.21000000e+01	3.39324619e-01	2.30961013e-03	5.85978836e-01	2.34696225e-03	9.67171717e-01	1.83320803e-01	2.15731492e-01	8.77312075e-01
8.22000000e+01	3.39052288e-01	2.34563295e-03	5.85317460e-01	2.38224255e-03	9.65909091e-01	1.81873727e-01	2.16473480e-01	8.75336143e-01
8.23000000e+01	3.38779956e-01	2.38217055e-03	5.84656085e-01	2.41805169e-03	9.64646465e-01	1.80435800e-01	2.17223852e-01	8.73348159e-01
8.24000000e+01	3.38507625e-01	2.41922951e-03	5.83994709e-01	2.45439599e-03	9.63383838e-01	1.79007016e-01	2.17982671e-01	8.71348238e-01
8.25000000e+01	3.38235294e-01	2.45681646e-03	5.83333333e-01	2.49128183e-03	9.62121212e-01	1.77587368e-01	2.18750000e-01	8.69336495e-01
8.26000000e+01	3.37962963e-01	2.49493810e-03	5.82671958e-01	2.52871567e-03	9.60858586e-01	1.76176850e-01	2.19525902e-01	8.67313048e-01
8.27000000e+01	3.37690632e-01	2.53360122e-03	5.82010582e-01	2.56670407e-03	9.59595960e-01	1.74775453e-01	2.20310441e-01	8.65278013e-01
8.28000000e+01	3.37418301e-01	2.57281267e-03	5.81349206e-01	2.60525362e-03	9.58333333e-01	1.73383171e-01	2.21103682e-01	8.63231508e-01
8.29000000e+01	3.37145969e-01	2.61257936e-03	5.80687831e-01	2.64437104e-03	9.57070707e-01	1.71999996e-01	2.21905687e-01	8.61173651e-01
8.30000000e+01	3.36873638e-01	2.65290831e-03	5.80026455e-01	2.68406308e-03	9.55808081e-01	1.70625918e-01	2.22716521e-01	8.59104560e-01
8.31000000e+01	3.36601307e-01	2.69380658e-03	5.79365079e-01	2.72433660e-03	9.54545455e-01	1.69260930e-01	2.23536250e-01	8.57024354e-01
8.32000000e+01	3.36328976e-01	2.73528132e-03	5.78703704e-01	2.76519854e-03	9.53282828e-01	1.67905022e-01	2.24364937e-01	8.54933154e-01
8.33000000e+01	3.36056645e-01	2.77733977e-03	5.78042328e-01	2.80665589e-03	9.52020202e-01	1.66558186e-01	2.25202647e-01	8.52831078e-01
8.34000000e+01	3.35784314e-01	2.81998920e-03	5.77380952e-01	2.84871575e-03	9.50757576e-01	1.65220413e-01	2.26049447e-01	8.50718248e-01
8.35000000e+01	3.35511983e-01	2.86323702e-03	5.76719577e-01	2.89138529e-03	9.49494949e-01	1.63891691e-01	2.26905401e-01	8.48594784e-01
8.36000000e+01	3.35239651e-01	2.90709067e-03	5.76058201e-01	2.93467175e-03	9.48232323e-01	1.62572012e-01	2.27770576e-01	8.46460809e-01
8.37000000e+01	3.34967320e-01	2.95155768e-03	5.75396825e-01	2.97858248e-03	9.46969697e-01	1.61261366e-01	2.28645036e-01	8.44316443e-01
8.38000000e+01	3.34694989e-01	2.99664566e-03	5.74735450e-01	3.02312487e-03	9.45707071e-01	1.59959740e-01	2.29528849e-01	8.42161810e-01
8.39000000e+01	3.34422658e-01	3.04236232e-03	5.74074074e-01	3.06830644e-03	9.44444444e-01	1.58667126e-01	2.30422081e-01	8.39997031e-01
8.40000000e+01	3.34150327e-01	3.08871541e-03	5.73412698e-01	3.11413475e-03	9.43181818e-01	1.57383511e-01	2.31324799e-01	8.37822230e-01
8.41000000e+01	3.33877996e-01	3.13571279e-03	5.72751323e-01	3.16061748e-03	9.41919192e-01	1.56108885e-01	2.32237069e-01	8.35637531e-01
8.42000000e+01	3.33605664e-01	3.18336239e-03	5.72089947e-01	3.20776237e-03	9.40656566e-01	1.54843236e-01	2.33158958e-01	8.33443057e-01
8.43000000e+01	3.33333333e-01	3.23167224e-03	5.71428571e-01	3.25557725e-03	9.39393939e-01	1.53586552e-01	2.34090535e-01	8.31238934e-01
8.44000000e+01	3.33061002e-01	3.28065041e-03	5.70767196e-01	3.30407005e-03	9.38131313e-01	1.52338821e-01	2.35031866e-01	8.29025285e-01
8.45000000e+01	3.32788671e-01	3.33030510e-03	5.70105820e-01	3.35324875e-03	9.36868687e-01	1.51100030e-01	2.35983020e-01	8.26802236e-01
8.46000000e+01	3.32516340e-01	3.38064456e-03	5.69444444e-01	3.40312147e-03	9.35606061e-01	1.49870168e-01	2.36944064e-01	8.24569912e-01
8.47000000e+01	3.32244009e-01	3.43167715e-03	5.68783069e-01	3.45369636e-03	9.34343434e-01	1.48649222e-01	2.37915067e-01	8.22328440e-01
8.48000000e+01	3.31971678e-01	3.48341129e-03	5.68121693e-01	3.50498171e-03	9.33080808e-01	1.47437178e-01	2.38896098e-01	8.20077944e-01
8.49000000e+01	3.31699346e-01	3.53585550e-03	5.67460317e-01	3.55698585e-03	9.31818182e-01	1.46234024e-01	2.39887225e-01	8.17818553e-01
8.50000000e+01	3.31427015e-01	3.58901839e-03	5.66798942e-01	3.60971725e-03	9.30555556e-01	1.45039746e-01	2.40888517e-01	8.15550392e-01
8.51000000e+01	3.31154684e-01	3.64290864e-03	5.66137566e-01	3.66318441e-03	9.29292929e-01	1.43854331e-01	2.41900044e-01	8.13273589e-01
8.52000000e+01	3.30882353e-01	3.69753503e-03	5.65476190e-01	3.71739597e-03	9.28030303e-01	1.42677765e-01	2.42921875e-01	8.10988271e-01
8.53000000e+01	3.30610022e-01	3.75290643e-03	5.64814815e-01	3.77236064e-03	9.26767677e-01	1.41510033e-01	2.43954080e-01	8.08694566e-01
8.54000000e+01	3.30337691e-01	3.80903178e-03	5.64153439e-01	3.82808722e-03	9.25505051e-01	1.40351122e-01	2.44996728e-01	8.06392603e-01
8.55000000e+01	3.30065359e-01	3.86592014e-03	5.63492063e-01	3.88458461e-03	9.24242424e-01	1.39201018e-01	2.46049891e-01	8.04082508e-01
8.56000000e+01	3.29793028e-01	3.92358063e-03	5.62830688e-01	3.94186179e-03	9.22979798e-01	1.38059706e-01	2.47113638e-01	8.01764412e-01
8.57000000e+01	3.29520697e-01	3.98202246e-03	5.62169312e-01	3.99992783e-03	9.21717172e-01	1.36927171e-01	2.48188040e-01	7.99438442e-01
8.58000000e+01	3.29248366e-01	4.04125497e-03	5.61507937e-01	4.05879192e-03	9.20454545e-01	1.35803398e-01	2.49273168e-01	7.97104728e-01
8.59000000e+01	3.28976035e-01	4.10128754e-03	5.60846561e-01	4.11846333e-03	9.19191919e-01	1.34688373e-01	2.50369093e-01	7.94763400e-01
8.60000000e+01	3.28703704e-01	4.16212967e-03	5.60185185e-01	4.17895140e-03	9.17929293e-01	1.33582080e-01	2.51475887e-01	7.92414586e-01
8.61000000e+01	3.28431373e-01	4.22379096e-03	5.59523810e-01	4.24026559e-03	9.16666667e-01	1.32484504e-01	2.52593621e-01	7.90058416e-01
8.62000000e+01	3.28159041e-01	4.28628108e-03	5.58862434e-01	4.30241546e-03	9.15404040e-01	1.31395630e-01	2.53722368e-01	7.87695021e-01
8.63000000e+01	3.27886710e-01	4.34960981e-03	5.58201058e-01	4.36541066e-03	9.14141414e-01	1.30315441e-01	2.54862198e-01	7.85324531e-01
8.64000000e+01	3.27614379e-01	4.41378702e-03	5.57539683e-01	4.42926093e-03	9.12878788e-01	1.29243923e-01	2.56013185e-01	7.82947076e-01
8.65000000e+01	3.27342048e-01	4.47882268e-03	5.56878307e-01	4.49397611e-03	9.11616162e-01	1.28181059e-01	2.57175401e-01	7.80562787e-01
8.66000000e+01	3.27069717e-01	4.54472684e-03	5.56216931e-01	4.55956613e-03	9.10353535e-01	1.27126833e-01	2.58348918e-01	7.78171794e-01
8.67000000e+01	3.26797386e-01	4.61150966e-03	5.55555556e-01	4.62604104e-03	9.09090909e-01	1.26081229e-01	2.59533811e-01	7.75774228e-01
8.68000000e+01	3.26525054e-01	4.67918140e-03	5.54894180e-01	4.69341098e-03	9.07828283e-01	1.25044231e-01	2.60730152e-01	7.73370221e-01
8.69000000e+01	3.26252723e-01	4.74775241e-03	5.54232804e-01	4.76168618e-03	9.06565657e-01	1.24015822e-01	2.61938014e-01	7.70959904e-01
8.70000000e+01	3.25980392e-01	4.81723313e-03	5.53571429e-01	4.83087697e-03	9.05303030e-01	1.22995987e-01	2.63157472e-01	7.68543407e-01
8.71000000e+01	3.25708061e-01	4.88763412e-03	5.52910053e-01	4.90099380e-03	9.04040404e-01	1.21984707e-01	2.64388599e-01	7.66120863e-01
8.72000000e+01	3.25435730e-01	4.95896602e-03	5.52248677e-01	4.97204720e-03	9.02777778e-01	1.20981967e-01	2.65631469e-01	7.63692403e-01
8.73000000e+01	3.25163399e-01	5.03123957e-03	5.51587302e-01	5.04404781e-03	9.01515152e-01	1.19987750e-01	2.66886158e-01	7.61258158e-01
8.74000000e+01	3.24891068e-01	5.10446564e-03	5.50925926e-01	5.11700638e-03	9.00252525e-01	1.19002039e-01	2.68152739e-01	7.58818261e-01
8.75000000e+01	3.24618736e-01	5.17865517e-03	5.50264550e-01	5.19093375e-03	8.98989899e-01	1.18024817e-01	2.69431288e-01	7.56372844e-01
8.76000000e+01	3.24346405e-01	5.25381920e-03	5.49603175e-01	5.26584087e-03	8.97727273e-01	1.17056067e-01	2.70721880e-01	7.53922038e-01
8.77000000e+01	3.24074074e-01	5.32996890e-03	5.48941799e-01	5.34173879e-03	8.96464646e-01	1.16095771e-01	2.72024590e-01	7.51465976e-01
8.78000000e+01	3.23801743e-01	5.40711551e-03	5.48280423e-01	5.41863868e-03	8.95202020e-01	1.15143913e-01	2.73339493e-01	7.49004789e-01
8.79000000e+01	3.23529412e-01	5.48527040e-03	5.47619048e-01	5.49655179e-03	8.93939394e-01	1.14200475e-01	2.74666667e-01	7.46538611e-01
8.80000000e+01	3.23257081e-01	5.56444503e-03	5.46957672e-01	5.57548950e-03	8.92676768e-01	1.13265439e-01	2.76006186e-01	7.44067572e-01
8.81000000e+01	3.22984749e-01	5.64465097e-03	5.46296296e-01	5.65546328e-03	8.91414141e-01	1.12338789e-01	2.77358126e-01	7.41591806e-01
8.82000000e+01	3.22712418e-01	5.72589989e-03	5.45634921e-01	5.73648472e-03	8.90151515e-01	1.11420507e-01	2.78722566e-01	7.39111444e-01
8.83000000e+01	3.22440087e-01	5.80820358e-03	5.44973545e-01	5.81856550e-03	8.88888889e-01	1.10510576e-01	2.80099581e-01	7.36626620e-01
8.84000000e+01	3.22167756e-01	5.89157392e-03	5.44312169e-01	5.90171742e-03	8.87626263e-01	1.09608977e-01	2.81489248e-01	7.34137464e-01
8.85000000e+01	3.21895425e-01	5.97602290e-03	5.43650794e-01	5.98595240e-03	8.86363636e-01	1.08715693e-01	2.82891645e-01	7.31644111e-01
8.86000000e+01	3.21623094e-01	6.06156262e-03	5.42989418e-01	6.07128244e-03	8.85101010e-01	1.07830707e-01	2.84306849e-01	7.29146692e-01
8.87000000e+01	3.21350763e-01	6.14820529e-03	5.42328042e-01	6.15771968e-03	8.83838384e-01	1.06954000e-01	2.85734938e-01	7.26645339e-01
8.88000000e+01	3.21078431e-01	6.23596324e-03	5.41666667e-01	6.24527634e-03	8.82575758e-01	1.06085555e-01	2.87175990e-01	7.24140184e-01
8.89000000e+01	3.20806100e-01	6.32484889e-03	5.41005291e-01	6.33396478e-03	8.81313131e-01	1.05225355e-01	2.88630083e-01	7.21631361e-01
8.90000000e+01	3.20533769e-01	6.41487477e-03	5.40343915e-01	6.42379746e-03	8.80050505e-01	1.04373381e-01	2.90097296e-01	7.19119001e-01
8.91000000e+01	3.20261438e-01	6.50605354e-03	5.39682540e-01	6.51478694e-03	8.78787879e-01	1.03529616e-01	2.91577707e-01	7.16603236e-01
8.92000000e+01	3.19989107e-01	6.59839794e-03	5.39021164e-01	6.60694591e-03	8.77525253e-01	1.02694041e-01	2.93071395e-01	7.14084199e-01
8.93000000e+01	3.19716776e-01	6.69192087e-03	5.38359788e-01	6.70028717e-03	8.76262626e-01	1.01866640e-01	2.94578439e-01	7.11562022e-01
8.94000000e+01	3.19444444e-01	6.78663528e-03	5.37698413e-01	6.79482362e-03	8.75000000e-01	1.01047393e-01	2.96098919e-01	7.09036836e-01
8.95000000e+01	3.19172113e-01	6.88255430e-03	5.37037037e-01	6.89056829e-03	8.73737374e-01	1.00236284e-01	2.97632914e-01	7.06508774e-01
8.96000000e+01	3.18899782e-01	6.97969111e-03	5.36375661e-01	6.98753432e-03	8.72474747e-01	9.94332944e-02	2.99180504e-01	7.03977967e-01
8.97000000e+01	3.18627451e-01	7.07805904e-03	5.35714286e-01	7.08573496e-03	8.71212121e-01	9.86384064e-02	3.00741770e-01	7.01444547e-01
8.98000000e+01	3.18355120e-01	7.17767154e-03	5.35052910e-01	7.18518359e-03	8.69949495e-01	9.78516021e-02	3.02316791e-01	6.98908647e-01
8.99000000e+01	3.18082789e-01	7.27854215e-03	5.34391534e-01	7.28589367e-03	8.68686869e-01	9.70728639e-02	3.03905648e-01	6.96370397e-01
9.00000000e+01	3.17810458e-01	7.38068454e-03	5.33730159e-01	7.38787883e-03	8.67424242e-01	9.63021738e-02	3.05508422e-01	6.93829928e-01
9.01000000e+01	3.17538126e-01	7.48411249e-03	5.33068783e-01	7.49115278e-03	8.66161616e-01	9.55395141e-02	3.07125194e-01	6.91287373e-01
9.02000000e+01	3.17265795e-01	7.58883991e-03	5.32407407e-01	7.59572935e-03	8.64898990e-01	9.47848671e-02	3.08756045e-01	6.88742862e-01
9.03000000e+01	3.16993464e-01	7.69488082e-03	5.31746032e-01	7.70162251e-03	8.63636364e-01	9.40382150e-02	3.10401057e-01	6.86196526e-01
9.04000000e+01	3.16721133e-01	7.80224934e-03	5.31084656e-01	7.80884632e-03	8.62373737e-01	9.32995402e-02	3.12060311e-01	6.83648497e-01
9.05000000e+01	3.16448802e-01	7.91095973e-03	5.30423280e-01	7.91741498e-03	8.61111111e-01	9.25688251e-02	3.13733890e-01	6.81098904e-01
9.06000000e+01	3.16176471e-01	8.02102637e-03	5.29761905e-01	8.02734281e-03	8.59848485e-01	9.18460520e-02	3.15421875e-01	6.78547879e-01
9.07000000e+01	3.15904139e-01	8.13246374e-03	5.29100529e-01	8.13864423e-03	8.58585859e-01	9.11312033e-02	3.17124349e-01	6.75995551e-01
9.08000000e+01	3.15631808e-01	8.24528646e-03	5.28439153e-01	8.25133380e-03	8.57323232e-01	9.04242616e-02	3.18841395e-01	6.73442051e-01
9.09000000e+01	3.15359477e-01	8.35950925e-03	5.27777778e-01	8.36542621e-03	8.56060606e-01	8.97252094e-02	3.20573096e-01	6.70887510e-01
9.10000000e+01	3.15087146e-01	8.47514697e-03	5.27116402e-01	8.48093623e-03	8.54797980e-01	8.90340293e-02	3.22319535e-01	6.68332056e-01
9.11000000e+01	3.14814815e-01	8.59221459e-03	5.26455026e-01	8.59787880e-03	8.53535354e-01	8.83507040e-02	3.24080794e-01	6.65775819e-01
9.12000000e+01	3.14542484e-01	8.71072721e-03	5.25793651e-01	8.71626896e-03	8.52272727e-01	8.76752162e-02	3.25856959e-01	6.63218929e-01
9.13000000e+01	3.14270153e-01	8.83070004e-03	5.25132275e-01	8.83612187e-03	8.51010101e-01	8.70075486e-02	3.27648112e-01	6.60661515e-01
9.14000000e+01	3.13997821e-01	8.95214842e-03	5.24470899e-01	8.95745283e-03	8.49747475e-01	8.63476842e-02	3.29454337e-01	6.58103706e-01
9.15000000e+01	3.13725490e-01	9.07508782e-03	5.23809524e-01	9.08027723e-03	8.48484848e-01	8.56956059e-02	3.31275720e-01	6.55545631e-01
9.16000000e+01	3.13453159e-01	9.19953381e-03	5.23148148e-01	9.20461063e-03	8.47222222e-01	8.50512966e-02	3.33112345e-01	6.52987417e-01
9.17000000e+01	3.13180828e-01	9.32550211e-03	5.22486772e-01	9.33046869e-03	8.45959596e-01	8.44147395e-02	3.34964295e-01	6.50429194e-01
9.18000000e+01	3.12908497e-01	9.45300856e-03	5.21825397e-01	9.45786718e-03	8.44696970e-01	8.37859178e-02	3.36831658e-01	6.47871089e-01
9.19000000e+01	3.12636166e-01	9.58206911e-03	5.21164021e-01	9.58682203e-03	8.43434343e-01	8.31648147e-02	3.38714516e-01	6.45313230e-01
9.20000000e+01	3.12363834e-01	9.71269984e-03	5.20502646e-01	9.71734928e-03	8.42171717e-01	8.25514136e-02	3.40612958e-01	6.42755745e-01
9.21000000e+01	3.12091503e-01	9.84491698e-03	5.19841270e-01	9.84946508e-03	8.40909091e-01	8.19456980e-02	3.42527067e-01	6.40198760e-01
9.22000000e+01	3.11819172e-01	9.97873684e-03	5.19179894e-01	9.98318574e-03	8.39646465e-01	8.13476513e-02	3.44456929e-01	6.37642403e-01
9.23000000e+01	3.11546841e-01	1.01141759e-02	5.18518519e-01	1.01185277e-02	8.38383838e-01	8.07572573e-02	3.46402632e-01	6.35086800e-01
9.24000000e+01	3.11274510e-01	1.02512508e-02	5.17857143e-01	1.02555074e-02	8.37121212e-01	8.01744997e-02	3.48364262e-01	6.32532077e-01
9.25000000e+01	3.11002179e-01	1.03899781e-02	5.17195767e-01	1.03941417e-02	8.35858586e-01	7.95993623e-02	3.50341905e-01	6.29978361e-01
9.26000000e+01	3.10729847e-01	1.05303748e-02	5.16534392e-01	1.05344473e-02	8.34595960e-01	7.90318292e-02	3.52335647e-01	6.27425778e-01
9.27000000e+01	3.10457516e-01	1.06724578e-02	5.15873016e-01	1.06764411e-02	8.33333333e-01	7.84718844e-02	3.54345577e-01	6.24874451e-01
9.28000000e+01	3.10185185e-01	1.08162443e-02	5.15211640e-01	1.08201402e-02	8.32070707e-01	7.79195122e-02	3.56371782e-01	6.22324508e-01
9.29000000e+01	3.09912854e-01	1.09617514e-02	5.14550265e-01	1.09655618e-02	8.30808081e-01	7.73746969e-02	3.58414349e-01	6.19776072e-01
9.30000000e+01	3.09640523e-01	1.11089965e-02	5.13888889e-01	1.11127232e-02	8.29545455e-01	7.68374228e-02	3.60473366e-01	6.17229268e-01
9.31000000e+01	3.09368192e-01	1.12579972e-02	5.13227513e-01	1.12616419e-02	8.28282828e-01	7.63076747e-02	3.62548921e-01	6.14684220e-01
9.32000000e+01	3.09095861e-01	1.14087709e-02	5.12566138e-01	1.14123354e-02	8.27020202e-01	7.57854372e-02	3.64641103e-01	6.12141052e-01
9.33000000e+01	3.08823529e-01	1.15613356e-02	5.11904762e-01	1.15648216e-02	8.25757576e-01	7.52706951e-02	3.66750000e-01	6.09599888e-01
9.34000000e+01	3.08551198e-01	1.17157090e-02	5.11243386e-01	1.17191181e-02	8.24494949e-01	7.47634335e-02	3.68875701e-01	6.07060849e-01
9.35000000e+01	3.08278867e-01	1.18719091e-02	5.10582011e-01	1.18752431e-02	8.23232323e-01	7.42636374e-02	3.71018294e-01	6.04524059e-01
9.36000000e+01	3.08006536e-01	1.20299542e-02	5.09920635e-01	1.20332145e-02	8.21969697e-01	7.37712921e-02	3.73177870e-01	6.01989641e-01
9.37000000e+01	3.07734205e-01	1.21898625e-02	5.09259259e-01	1.21930507e-02	8.20707071e-01	7.32863829e-02	3.75354517e-01	5.99457716e-01
9.38000000e+01	3.07461874e-01	1.23516523e-02	5.08597884e-01	1.23547701e-02	8.19444444e-01	7.28088955e-02	3.77548326e-01	5.96928406e-01
9.39000000e+01	3.07189542e-01	1.25153423e-02	5.07936508e-01	1.25183910e-02	8.18181818e-01	7.23388156e-02	3.79759386e-01	5.94401832e-01
9.40000000e+01	3.06917211e-01	1.26809511e-02	5.07275132e-01	1.26839323e-02	8.16919192e-01	7.18761289e-02	3.81987788e-01	5.91878115e-01
9.41000000e+01	3.06644880e-01	1.28484976e-02	5.06613757e-01	1.28514126e-02	8.15656566e-01	7.14208215e-02	3.84233622e-01	5.89357375e-01
9.42000000e+01	3.06372549e-01	1.30180005e-02	5.05952381e-01	1.30208508e-02	8.14393939e-01	7.09728795e-02	3.86496978e-01	5.86839732e-01
9.43000000e+01	3.06100218e-01	1.31894791e-02	5.05291005e-01	1.31922661e-02	8.13131313e-01	7.05322893e-02	3.88777948e-01	5.84325307e-01
9.44000000e+01	3.05827887e-01	1.33629526e-02	5.04629630e-01	1.33656775e-02	8.11868687e-01	7.00990373e-02	3.91076622e-01	5.81814217e-01
9.45000000e+01	3.05555556e-01	1.35384401e-02	5.03968254e-01	1.35411045e-02	8.10606061e-01	6.96731102e-02	3.93393093e-01	5.79306583e-01
9.46000000e+01	3.05283224e-01	1.37159614e-02	5.03306878e-01	1.37185663e-02	8.09343434e-01	6.92544948e-02	3.95727451e-01	5.76802521e-01
9.47000000e+01	3.05010893e-01	1.38955358e-02	5.02645503e-01	1.38980827e-02	8.08080808e-01	6.88431780e-02	3.98079789e-01	5.74302151e-01
9.48000000e+01	3.04738562e-01	1.40771833e-02	5.01984127e-01	1.40796733e-02	8.06818182e-01	6.84391470e-02	4.00450199e-01	5.71805590e-01
9.49000000e+01	3.04466231e-01	1.42609236e-02	5.01322751e-01	1.42633580e-02	8.05555556e-01	6.80423892e-02	4.02838772e-01	5.69312955e-01
9.50000000e+01	3.04193900e-01	1.44467768e-02	5.00661376e-01	1.44491568e-02	8.04292929e-01	6.76528921e-02	4.05245603e-01	5.66824362e-01
9.51000000e+01	3.03921569e-01	1.46347630e-02	5.00000000e-01	1.46370897e-02	8.03030303e-01	6.72706432e-02	4.07670782e-01	5.64339927e-01
9.52000000e+01	3.03649237e-01	1.48249025e-02	4.99338624e-01	1.48271771e-02	8.01767677e-01	6.68956306e-02	4.10114404e-01	5.61859768e-01
9.53000000e+01	3.03376906e-01	1.50172157e-02	4.98677249e-01	1.50194394e-02	8.00505051e-01	6.65278422e-02	4.12576561e-01	5.59383998e-01
9.54000000e+01	3.03104575e-01	1.52117231e-02	4.98015873e-01	1.52138970e-02	7.99242424e-01	6.61672663e-02	4.15057347e-01	5.56912732e-01
9.55000000e+01	3.02832244e-01	1.54084456e-02	4.97354497e-01	1.54105706e-02	7.97979798e-01	6.58138913e-02	4.17556856e-01	5.54446086e-01
9.56000000e+01	3.02559913e-01	1.56074038e-02	4.96693122e-01	1.56094810e-02	7.96717172e-01	6.54677058e-02	4.20075182e-01	5.51984173e-01
9.57000000e+01	3.02287582e-01	1.58086187e-02	4.96031746e-01	1.58106493e-02	7.95454545e-01	6.51286986e-02	4.22612419e-01	5.49527105e-01
9.58000000e+01	3.02015251e-01	1.60121115e-02	4.95370370e-01	1.60140963e-02	7.94191919e-01	6.47968587e-02	4.25168662e-01	5.47074998e-01
9.59000000e+01	3.01742919e-01	1.62179033e-02	4.94708995e-01	1.62198434e-02	7.92929293e-01	6.44721753e-02	4.27744004e-01	5.44627962e-01
9.60000000e+01	3.01470588e-01	1.64260155e-02	4.94047619e-01	1.64279119e-02	7.91666667e-01	6.41546378e-02	4.30338542e-01	5.42186110e-01
9.61000000e+01	3.01198257e-01	1.66364697e-02	4.93386243e-01	1.66383233e-02	7.90404040e-01	6.38442358e-02	4.32952369e-01	5.39749553e-01
9.62000000e+01	3.00925926e-01	1.68492874e-02	4.92724868e-01	1.68510991e-02	7.89141414e-01	6.35409591e-02	4.35585582e-01	5.37318403e-01
9.63000000e+01	3.00653595e-01	1.70644905e-02	4.92063492e-01	1.70662612e-02	7.87878788e-01	6.32447976e-02	4.38238277e-01	5.34892769e-01
9.64000000e+01	3.00381264e-01	1.72821008e-02	4.91402116e-01	1.72838315e-02	7.86616162e-01	6.29557416e-02	4.40910548e-01	5.32472763e-01
9.65000000e+01	3.00108932e-01	1.75021404e-02	4.90740741e-01	1.75038319e-02	7.85353535e-01	6.26737815e-02	4.43602492e-01	5.30058493e-01
9.66000000e+01	2.99836601e-01	1.77246314e-02	4.90079365e-01	1.77262846e-02	7.84090909e-01	6.23989078e-02	4.46314206e-01	5.27650069e-01
9.67000000e+01	2.99564270e-01	1.79495963e-02	4.89417989e-01	1.79512120e-02	7.82828283e-01	6.21311115e-02	4.49045786e-01	5.25247599e-01
9.68000000e+01	2.99291939e-01	1.81770574e-02	4.88756614e-01	1.81786364e-02	7.81565657e-01	6.18703835e-02	4.51797328e-01	5.22851190e-01
9.69000000e+01	2.99019608e-01	1.84070374e-02	4.88095238e-01	1.84085805e-02	7.80303030e-01	6.16167151e-02	4.54568930e-01	5.20460952e-01
9.70000000e+01	2.98747277e-01	1.86395589e-02	4.87433862e-01	1.86410669e-02	7.79040404e-01	6.13700977e-02	4.57360689e-01	5.18076990e-01
9.71000000e+01	2.98474946e-01	1.88746448e-02	4.86772487e-01	1.88761185e-02	7.77777778e-01	6.11305231e-02	4.60172703e-01	5.15699411e-01
9.72000000e+01	2.98202614e-01	1.91123182e-02	4.86111111e-01	1.91137583e-02	7.76515152e-01	6.08979832e-02	4.63005069e-01	5.13328321e-01
9.73000000e+01	2.97930283e-01	1.93526021e-02	4.85449735e-01	1.93540094e-02	7.75252525e-01	6.06724700e-02	4.65857885e-01	5.10963825e-01
9.74000000e+01	2.97657952e-01	1.95955198e-02	4.84788360e-01	1.95968950e-02	7.73989899e-01	6.04539758e-02	4.68731249e-01	5.08606028e-01
9.75000000e+01	2.97385621e-01	1.98410947e-02	4.84126984e-01	1.98424386e-02	7.72727273e-01	6.02424934e-02	4.71625260e-01	5.06255035e-01
9.76000000e+01	2.97113290e-01	2.00893505e-02	4.83465608e-01	2.00906636e-02	7.71464646e-01	6.00380154e-02	4.74540017e-01	5.03910950e-01
9.77000000e+01	2.96840959e-01	2.03403106e-02	4.82804233e-01	2.03415937e-02	7.70202020e-01	5.98405348e-02	4.77475618e-01	5.01573874e-01
9.78000000e+01	2.96568627e-01	2.05939990e-02	4.82142857e-01	2.05952527e-02	7.68939394e-01	5.96500449e-02	4.80432163e-01	4.99243912e-01
9.79000000e+01	2.96296296e-01	2.08504396e-02	4.81481481e-01	2.08516646e-02	7.67676768e-01	5.94665392e-02	4.83409751e-01	4.96921166e-01
9.80000000e+01	2.96023965e-01	2.11096565e-02	4.80820106e-01	2.11108533e-02	7.66414141e-01	5.92900113e-02	4.86408481e-01	4.94605736e-01
9.81000000e+01	2.95751634e-01	2.13716738e-02	4.80158730e-01	2.13728432e-02	7.65151515e-01	5.91204551e-02	4.89428453e-01	4.92297725e-01
9.82000000e+01	2.95479303e-01	2.16365159e-02	4.79497354e-01	2.16376585e-02	7.63888889e-01	5.89578649e-02	4.92469769e-01	4.89997232e-01
9.83000000e+01	2.95206972e-01	2.19042074e-02	4.78835979e-01	2.19053236e-02	7.62626263e-01	5.88022349e-02	4.95532526e-01	4.87704357e-01
9.84000000e+01	2.94934641e-01	2.21747727e-02	4.78174603e-01	2.21758633e-02	7.61363636e-01	5.86535598e-02	4.98616827e-01	4.85419201e-01
9.85000000e+01	2.94662309e-01	2.24482367e-02	4.77513228e-01	2.24493022e-02	7.60101010e-01	5.85118344e-02	5.01722773e-01	4.83141861e-01
9.86000000e+01	2.94389978e-01	2.27246243e-02	4.76851852e-01	2.27256652e-02	7.58838384e-01	5.83770539e-02	5.04850463e-01	4.80872436e-01
9.87000000e+01	2.94117647e-01	2.30039603e-02	4.76190476e-01	2.30049772e-02	7.57575758e-01	5.82492134e-02	5.08000000e-01	4.78611024e-01
9.88000000e+01	2.93845316e-01	2.32862701e-02	4.75529101e-01	2.32872635e-02	7.56313131e-01	5.81283087e-02	5.11171485e-01	4.76357721e-01
9.89000000e+01	2.93572985e-01	2.35715788e-02	4.74867725e-01	2.35725493e-02	7.55050505e-01	5.80143353e-02	5.14365019e-01	4.74112625e-01
9.90000000e+01	2.93300654e-01	2.38599119e-02	4.74206349e-01	2.38608599e-02	7.53787879e-01	5.79072895e-02	5.17580705e-01	4.71875831e-01
9.91000000e+01	2.93028322e-01	2.41512948e-02	4.73544974e-01	2.41522209e-02	7.52525253e-01	5.78071674e-02	5.20818645e-01	4.69647434e-01
9.92000000e+01	2.92755991e-01	2.44457533e-02	4.72883598e-01	2.44466580e-02	7.51262626e-01	5.77139655e-02	5.24078941e-01	4.67427530e-01
9.93000000e+01	2.92483660e-01	2.47433132e-02	4.72222222e-01	2.47441969e-02	7.50000000e-01	5.76276806e-02	5.27361695e-01	4.65216213e-01
9.94000000e+01	2.92211329e-01	2.50440003e-02	4.71560847e-01	2.50448635e-02	7.48737374e-01	5.75483096e-02	5.30667012e-01	4.63013575e-01
9.95000000e+01	2.91938998e-01	2.53478408e-02	4.70899471e-01	2.53486839e-02	7.47474747e-01	5.74758498e-02	5.33994993e-01	4.60819712e-01
9.96000000e+01	2.91666667e-01	2.56548608e-02	4.70238095e-01	2.56556843e-02	7.46212121e-01	5.74102986e-02	5.37345743e-01	4.58634714e-01
9.97000000e+01	2.91394336e-01	2.59650865e-02	4.69576720e-01	2.59658909e-02	7.44949495e-01	5.73516538e-02	5.40719365e-01	4.56458674e-01
9.98000000e+01	2.91122004e-01	2.62785446e-02	4.68915344e-01	2.62793302e-02	7.43686869e-01	5.72999131e-02	5.44115963e-01	4.54291683e-01
9.99000000e+01	2.90849673e-01	2.65952614e-02	4.68253968e-01	2.65960287e-02	7.42424242e-01	5.72550749e-02	5.47535640e-01	4.52133831e-01
1.00000000e+02	2.90577342e-01	2.69152637e-02	4.67592593e-01	2.69160132e-02	7.41161616e-01	5.72171376e-02	5.50978501e-01	4.49985210e-01
1.00100000e+02	2.90305011e-01	2.72385784e-02	4.66931217e-01	2.72393103e-02	7.39898990e-01	5.71860998e-02	5.54444652e-01	4.47845908e-01
1.00200000e+02	2.90032680e-01	2.75652323e-02	4.66269841e-01	2.75659471e-02	7.38636364e-01	5.71619604e-02	5.57934195e-01	4.45716014e-01
1.00300000e+02	2.89760349e-01	2.78952525e-02	4.65608466e-01	2.78959506e-02	7.37373737e-01	5.71447186e-02	5.61447237e-01	4.43595617e-01
1.00400000e+02	2.89488017e-01	2.82286662e-02	4.64947090e-01	2.82293480e-02	7.36111111e-01	5.71343737e-02	5.64983883e-01	4.41484805e-01
1.00500000e+02	2.89215686e-01	2.85655008e-02	4.64285714e-01	2.85661666e-02	7.34848485e-01	5.71309255e-02	5.68544239e-01	4.39383664e-01
1.00600000e+02	2.88943355e-01	2.89057836e-02	4.63624339e-01	2.89064338e-02	7.33585859e-01	5.71343737e-02	5.72128409e-01	4.37292281e-01
1.00700000e+02	2.88671024e-01	2.92495422e-02	4.62962963e-01	2.92501771e-02	7.32323232e-01	5.71447186e-02	5.75736500e-01	4.35210742e-01
1.00800000e+02	2.88398693e-01	2.95968042e-02	4.62301587e-01	2.95974243e-02	7.31060606e-01	5.71619604e-02	5.79368618e-01	4.33139133e-01
1.00900000e+02	2.88126362e-01	2.99475976e-02	4.61640212e-01	2.99482031e-02	7.29797980e-01	5.71860998e-02	5.83024870e-01	4.31077538e-01
1.01000000e+02	2.87854031e-01	3.03019501e-02	4.60978836e-01	3.03025413e-02	7.28535354e-01	5.72171376e-02	5.86705362e-01	4.29026041e-01
1.01100000e+02	2.87581699e-01	3.06598898e-02	4.60317460e-01	3.06604672e-02	7.27272727e-01	5.72550749e-02	5.90410202e-01	4.26984726e-01
1.01200000e+02	2.87309368e-01	3.10214449e-02	4.59656085e-01	3.10220086e-02	7.26010101e-01	5.72999131e-02	5.94139495e-01	4.24953676e-01
1.01300000e+02	2.87037037e-01	3.13866436e-02	4.58994709e-01	3.13871941e-02	7.24747475e-01	5.73516538e-02	5.97893351e-01	4.22932972e-01
1.01400000e+02	2.86764706e-01	3.17555143e-02	4.58333333e-01	3.17560518e-02	7.23484848e-01	5.74102986e-02	6.01671875e-01	4.20922698e-01
1.01500000e+02	2.86492375e-01	3.21280856e-02	4.57671958e-01	3.21286104e-02	7.22222222e-01	5.74758498e-02	6.05475177e-01	4.18922933e-01
1.01600000e+02	2.86220044e-01	3.25043859e-02	4.57010582e-01	3.25048983e-02	7.20959596e-01	5.75483096e-02	6.09303363e-01	4.16933759e-01
1.01700000e+02	2.85947712e-01	3.28844441e-02	4.56349206e-01	3.28849444e-02	7.19696970e-01	5.76276806e-02	6.13156544e-01	4.14955255e-01
1.01800000e+02	2.85675381e-01	3.32682890e-02	4.55687831e-01	3.32687775e-02	7.18434343e-01	5.77139655e-02	6.17034826e-01	4.12987501e-01
1.01900000e+02	2.85403050e-01	3.36559495e-02	4.55026455e-01	3.36564264e-02	7.17171717e-01	5.78071674e-02	6.20938319e-01	4.11030574e-01
1.02000000e+02	2.85130719e-01	3.40474547e-02	4.54365079e-01	3.40479203e-02	7.15909091e-01	5.79072895e-02	6.24867132e-01	4.09084554e-01
1.02100000e+02	2.84858388e-01	3.44428338e-02	4.53703704e-01	3.44432883e-02	7.14646465e-01	5.80143353e-02	6.28821374e-01	4.07149518e-01
1.02200000e+02	2.84586057e-01	3.48421160e-02	4.53042328e-01	3.48425597e-02	7.13383838e-01	5.81283087e-02	6.32801155e-01	4.05225542e-01
1.02300000e+02	2.84313725e-01	3.52453307e-02	4.52380952e-01	3.52457638e-02	7.12121212e-01	5.82492134e-02	6.36806584e-01	4.03312703e-01
1.02400000e+02	2.84041394e-01	3.56525073e-02	4.51719577e-01	3.56529302e-02	7.10858586e-01	5.83770539e-02	6.40837772e-01	4.01411077e-01
1.02500000e+02	2.83769063e-01	3.60636756e-02	4.51058201e-01	3.60640884e-02	7.09595960e-01	5.85118344e-02	6.44894828e-01	3.99520737e-01
1.02600000e+02	2.83496732e-01	3.64788652e-02	4.50396825e-01	3.64792682e-02	7.08333333e-01	5.86535598e-02	6.48977862e-01	3.97641760e-01
1.02700000e+02	2.83224401e-01	3.68981058e-02	4.49735450e-01	3.68984992e-02	7.07070707e-01	5.88022349e-02	6.53086987e-01	3.95774217e-01
1.02800000e+02	2.82952070e-01	3.73214275e-02	4.49074074e-01	3.73218115e-02	7.05808081e-01	5.89578649e-02	6.57222312e-01	3.93918184e-01
1.02900000e+02	2.82679739e-01	3.77488601e-02	4.48412698e-01	3.77492349e-02	7.04545455e-01	5.91204551e-02	6.61383948e-01	3.92073732e-01
1.03000000e+02	2.82407407e-01	3.81804338e-02	4.47751323e-01	3.81807997e-02	7.03282828e-01	5.92900113e-02	6.65572008e-01	3.90240933e-01
1.03100000e+02	2.82135076e-01	3.86161788e-02	4.47089947e-01	3.86165359e-02	7.02020202e-01	5.94665392e-02	6.69786602e-01	3.88419858e-01
1.03200000e+02	2.81862745e-01	3.90561254e-02	4.46428571e-01	3.90564739e-02	7.00757576e-01	5.96500449e-02	6.74027842e-01	3.86610578e-01
1.03300000e+02	2.81590414e-01	3.95003039e-02	4.45767196e-01	3.95006441e-02	6.99494949e-01	5.98405348e-02	6.78295841e-01	3.84813164e-01
1.03400000e+02	2.81318083e-01	3.99487449e-02	4.45105820e-01	3.99490769e-02	6.98232323e-01	6.00380154e-02	6.82590711e-01	3.83027685e-01
1.03500000e+02	2.81045752e-01	4.04014789e-02	4.44444444e-01	4.04018030e-02	6.96969697e-01	6.02424934e-02	6.86912564e-01	3.81254209e-01
1.03600000e+02	2.80773420e-01	4.08585366e-02	4.43783069e-01	4.08588529e-02	6.95707071e-01	6.04539758e-02	6.91261514e-01	3.79492804e-01
1.03700000e+02	2.80501089e-01	4.13199487e-02	4.43121693e-01	4.13202574e-02	6.94444444e-01	6.06724700e-02	6.95637672e-01	3.77743540e-01
1.03800000e+02	2.80228758e-01	4.17857461e-02	4.42460317e-01	4.17860474e-02	6.93181818e-01	6.08979832e-02	7.00041153e-01	3.76006481e-01
1.03900000e+02	2.79956427e-01	4.22559597e-02	4.41798942e-01	4.22562538e-02	6.91919192e-01	6.11305231e-02	7.04472070e-01	3.74281696e-01
1.04000000e+02	2.79684096e-01	4.27306206e-02	4.41137566e-01	4.27309075e-02	6.90656566e-01	6.13700977e-02	7.08930537e-01	3.72569250e-01
1.04100000e+02	2.79411765e-01	4.32097598e-02	4.40476190e-01	4.32100398e-02	6.89393939e-01	6.16167151e-02	7.13416667e-01	3.70869207e-01
1.04200000e+02	2.79139434e-01	4.36934084e-02	4.39814815e-01	4.36936817e-02	6.88131313e-01	6.18703835e-02	7.17930575e-01	3.69181633e-01
1.04300000e+02	2.78867102e-01	4.41815979e-02	4.39153439e-01	4.41818646e-02	6.86868687e-01	6.21311115e-02	7.22472375e-01	3.67506591e-01
1.04400000e+02	2.78594771e-01	4.46743595e-02	4.38492063e-01	4.46746197e-02	6.85606061e-01	6.23989078e-02	7.27042182e-01	3.65844145e-01
1.04500000e+02	2.78322440e-01	4.51717246e-02	4.37830688e-01	4.51719785e-02	6.84343434e-01	6.26737815e-02	7.31640111e-01	3.64194358e-01
1.04600000e+02	2.78050109e-01	4.56737247e-02	4.37169312e-01	4.56739725e-02	6.83080808e-01	6.29557416e-02	7.36266277e-01	3.62557291e-01
1.04700000e+02	2.77777778e-01	4.61803914e-02	4.36507937e-01	4.61806332e-02	6.81818182e-01	6.32447976e-02	7.40920795e-01	3.60933007e-01
1.04800000e+02	2.77505447e-01	4.66917563e-02	4.35846561e-01	4.66919922e-02	6.80555556e-01	6.35409591e-02	7.45603781e-01	3.59321565e-01
1.04900000e+02	2.77233115e-01	4.72078512e-02	4.35185185e-01	4.72080814e-02	6.79292929e-01	6.38442358e-02	7.50315350e-01	3.57723027e-01
1.05000000e+02	2.76960784e-01	4.77287078e-02	4.34523810e-01	4.77289324e-02	6.78030303e-01	6.41546378e-02	7.55055620e-01	3.56137453e-01
1.05100000e+02	2.76688453e-01	4.82543579e-02	4.33862434e-01	4.82545771e-02	6.76767677e-01	6.44721753e-02	7.59824706e-01	3.54564900e-01
1.05200000e+02	2.76416122e-01	4.87848335e-02	4.33201058e-01	4.87850474e-02	6.75505051e-01	6.47968587e-02	7.64622724e-01	3.53005429e-01
1.05300000e+02	2.76143791e-01	4.93201666e-02	4.32539683e-01	4.93203752e-02	6.74242424e-01	6.51286986e-02	7.69449792e-01	3.51459096e-01
1.05400000e+02	2.75871460e-01	4.98603892e-02	4.31878307e-01	4.98605927e-02	6.72979798e-01	6.54677058e-02	7.74306026e-01	3.49925959e-01
1.05500000e+02	2.75599129e-01	5.04055334e-02	4.31216931e-01	5.04057319e-02	6.71717172e-01	6.58138913e-02	7.79191544e-01	3.48406075e-01
1.05600000e+02	2.75326797e-01	5.09556313e-02	4.30555556e-01	5.09558250e-02	6.70454545e-01	6.61672663e-02	7.84106463e-01	3.46899499e-01
1.05700000e+02	2.75054466e-01	5.15107151e-02	4.29894180e-01	5.15109041e-02	6.69191919e-01	6.65278422e-02	7.89050901e-01	3.45406288e-01
1.05800000e+02	2.74782135e-01	5.20708172e-02	4.29232804e-01	5.20710016e-02	6.67929293e-01	6.68956306e-02	7.94024976e-01	3.43926495e-01
1.05900000e+02	2.74509804e-01	5.26359698e-02	4.28571429e-01	5.26361497e-02	6.66666667e-01	6.72706432e-02	7.99028807e-01	3.42460176e-01
1.06000000e+02	2.74237473e-01	5.32062054e-02	4.27910053e-01	5.32063809e-02	6.65404040e-01	6.76528921e-02	8.04062510e-01	3.41007384e-01
1.06100000e+02	2.73965142e-01	5.37815562e-02	4.27248677e-01	5.37817274e-02	6.64141414e-01	6.80423892e-02	8.09126206e-01	3.39568172e-01
1.06200000e+02	2.73692810e-01	5.43620549e-02	4.26587302e-01	5.43622219e-02	6.62878788e-01	6.84391470e-02	8.14220013e-01	3.38142593e-01
1.06300000e+02	2.73420479e-01	5.49477338e-02	4.25925926e-01	5.49478967e-02	6.61616162e-01	6.88431780e-02	8.19344050e-01	3.36730698e-01
1.06400000e+02	2.73148148e-01	5.55386256e-02	4.25264550e-01	5.55387845e-02	6.60353535e-01	6.92544948e-02	8.24498437e-01	3.35332538e-01
1.06500000e+02	2.72875817e-01	5.61347628e-02	4.24603175e-01	5.61349178e-02	6.59090909e-01	6.96731102e-02	8.29683293e-01	3.33948165e-01
1.06600000e+02	2.72603486e-01	5.67361781e-02	4.23941799e-01	5.67363293e-02	6.57828283e-01	7.00990373e-02	8.34898738e-01	3.32577629e-01
1.06700000e+02	2.72331155e-01	5.73429041e-02	4.23280423e-01	5.73430515e-02	6.56565657e-01	7.05322893e-02	8.40144892e-01	3.31220978e-01
1.06800000e+02	2.72058824e-01	5.79549735e-02	4.22619048e-01	5.79551173e-02	6.55303030e-01	7.09728795e-02	8.45421875e-01	3.29878263e-01
1.06900000e+02	2.71786492e-01	5.85724190e-02	4.21957672e-01	5.85725593e-02	6.54040404e-01	7.14208215e-02	8.50729808e-01	3.28549530e-01
1.07000000e+02	2.71514161e-01	5.91952735e-02	4.21296296e-01	5.91954103e-02	6.52777778e-01	7.18761289e-02	8.56068812e-01	3.27234829e-01
1.07100000e+02	2.71241830e-01	5.98235696e-02	4.20634921e-01	5.98237030e-02	6.51515152e-01	7.23388156e-02	8.61439008e-01	3.25934206e-01
1.07200000e+02	2.70969499e-01	6.04573402e-02	4.19973545e-01	6.04574703e-02	6.50252525e-01	7.28088955e-02	8.66840517e-01	3.24647707e-01
1.07300000e+02	2.70697168e-01	6.10966180e-02	4.19312169e-01	6.10967450e-02	6.48989899e-01	7.32863829e-02	8.72273460e-01	3.23375378e-01
1.07400000e+02	2.70424837e-01	6.17414361e-02	4.18650794e-01	6.17415599e-02	6.47727273e-01	7.37712921e-02	8.77737960e-01	3.22117266e-01
1.07500000e+02	2.70152505e-01	6.23918271e-02	4.17989418e-01	6.23919478e-02	6.46464646e-01	7.42636374e-02	8.83234138e-01	3.20873414e-01
1.07600000e+02	2.69880174e-01	6.30478241e-02	4.17328042e-01	6.30479418e-02	6.45202020e-01	7.47634335e-02	8.88762116e-01	3.19643867e-01
1.07700000e+02	2.69607843e-01	6.37094598e-02	4.16666667e-01	6.37095746e-02	6.43939394e-01	7.52706951e-02	8.94322016e-01	3.18428669e-01
1.07800000e+02	2.69335512e-01	6.43767672e-02	4.16005291e-01	6.43768791e-02	6.42676768e-01	7.57854372e-02	8.99913963e-01	3.17227862e-01
1.07900000e+02	2.69063181e-01	6.50497791e-02	4.15343915e-01	6.50498883e-02	6.41414141e-01	7.63076747e-02	9.05538077e-01	3.16041489e-01
1.08000000e+02	2.68790850e-01	6.57285286e-02	4.14682540e-01	6.57286351e-02	6.40151515e-01	7.68374228e-02	9.11194483e-01	3.14869592e-01
1.08100000e+02	2.68518519e-01	6.64130485e-02	4.14021164e-01	6.64131523e-02	6.38888889e-01	7.73746969e-02	9.16883304e-01	3.13712212e-01
1.08200000e+02	2.68246187e-01	6.71033717e-02	4.13359788e-01	6.71034729e-02	6.37626263e-01	7.79195122e-02	9.22604664e-01	3.12569389e-01
1.08300000e+02	2.67973856e-01	6.77995311e-02	4.12698413e-01	6.77996298e-02	6.36363636e-01	7.84718844e-02	9.28358685e-01	3.11441165e-01
1.08400000e+02	2.67701525e-01	6.85015596e-02	4.12037037e-01	6.85016559e-02	6.35101010e-01	7.90318292e-02	9.34145493e-01	3.10327578e-01
1.08500000e+02	2.67429194e-01	6.92094902e-02	4.11375661e-01	6.92095840e-02	6.33838384e-01	7.95993623e-02	9.39965212e-01	3.09228668e-01
1.08600000e+02	2.67156863e-01	6.99233557e-02	4.10714286e-01	6.99234472e-02	6.32575758e-01	8.01744997e-02	9.45817966e-01	3.08144472e-01
1.08700000e+02	2.66884532e-01	7.06431889e-02	4.10052910e-01	7.06432781e-02	6.31313131e-01	8.07572573e-02	9.51703879e-01	3.07075029e-01
1.08800000e+02	2.66612200e-01	7.13690228e-02	4.09391534e-01	7.13691098e-02	6.30050505e-01	8.13476513e-02	9.57623078e-01	3.06020376e-01
1.08900000e+02	2.66339869e-01	7.21008901e-02	4.08730159e-01	7.21009749e-02	6.28787879e-01	8.19456980e-02	9.63575687e-01	3.04980549e-01
1.09000000e+02	2.66067538e-01	7.28388237e-02	4.08068783e-01	7.28389064e-02	6.27525253e-01	8.25514136e-02	9.69561832e-01	3.03955586e-01
1.09100000e+02	2.65795207e-01	7.35828564e-02	4.07407407e-01	7.35829370e-02	6.26262626e-01	8.31648147e-02	9.75581638e-01	3.02945520e-01
1.09200000e+02	2.65522876e-01	7.43330209e-02	4.06746032e-01	7.43330994e-02	6.25000000e-01	8.37859178e-02	9.81635232e-01	3.01950387e-01
1.09300000e+02	2.65250545e-01	7.50893498e-02	4.06084656e-01	7.50894265e-02	6.23737374e-01	8.44147395e-02	9.87722739e-01	3.00970223e-01
1.09400000e+02	2.64978214e-01	7.58518761e-02	4.05423280e-01	7.58519508e-02	6.22474747e-01	8.50512966e-02	9.93844286e-01	3.00005059e-01
1.09500000e+02	2.64705882e-01	7.66206322e-02	4.04761905e-01	7.66207050e-02	6.21212121e-01	8.56956059e-02	1.00000000e+00	2.99054930e-01
1.09600000e+02	2.64433551e-01	7.73956508e-02	4.04100529e-01	7.73957218e-02	6.19949495e-01	8.63476842e-02	9.97685185e-01	2.98119869e-01
1.09700000e+02	2.64161220e-01	7.81769645e-02	4.03439153e-01	7.81770336e-02	6.18686869e-01	8.70075486e-02	9.95370370e-01	2.97199907e-01
1.09800000e+02	2.63888889e-01	7.89646057e-02	4.02777778e-01	7.89646732e-02	6.17424242e-01	8.76752162e-02	9.93055556e-01	2.96295076e-01
1.09900000e+02	2.63616558e-01	7.97586071e-02	4.02116402e-01	7.97586728e-02	6.16161616e-01	8.83507040e-02	9.90740741e-01	2.95405408e-01
1.10000000e+02	2.63344227e-01	8.05590009e-02	4.01455026e-01	8.05590650e-02	6.14898990e-01	8.90340293e-02	9.88425926e-01	2.94530932e-01
1.10100000e+02	2.63071895e-01	8.13658197e-02	4.00793651e-01	8.13658821e-02	6.13636364e-01	8.97252094e-02	9.86111111e-01	2.93671678e-01
1.10200000e+02	2.62799564e-01	8.21790956e-02	4.00132275e-01	8.21791565e-02	6.12373737e-01	9.04242616e-02	9.83796296e-01	2.92827676e-01
1.10300000e+02	2.62527233e-01	8.29988609e-02	3.99470899e-01	8.29989203e-02	6.11111111e-01	9.11312033e-02	9.81481481e-01	2.91998955e-01
1.10400000e+02	2.62254902e-01	8.38251479e-02	3.98809524e-01	8.38252057e-02	6.09848485e-01	9.18460520e-02	9.79166667e-01	2.91185543e-01
1.10500000e+02	2.61982571e-01	8.46579886e-02	3.98148148e-01	8.46580450e-02	6.08585859e-01	9.25688251e-02	9.76851852e-01	2.90387467e-01
1.10600000e+02	2.61710240e-01	8.54974151e-02	3.97486772e-01	8.54974701e-02	6.07323232e-01	9.32995402e-02	9.74537037e-01	2.89604755e-01
1.10700000e+02	2.61437908e-01	8.63434594e-02	3.96825397e-01	8.63435130e-02	6.06060606e-01	9.40382150e-02	9.72222222e-01	2.88837433e-01
1.10800000e+02	2.61165577e-01	8.71961534e-02	3.96164021e-01	8.71962056e-02	6.04797980e-01	9.47848671e-02	9.69907407e-01	2.88085527e-01
1.10900000e+02	2.60893246e-01	8.80555288e-02	3.95502646e-01	8.80555797e-02	6.03535354e-01	9.55395141e-02	9.67592593e-01	2.87349062e-01
1.11000000e+02	2.60620915e-01	8.89216175e-02	3.94841270e-01	8.89216670e-02	6.02272727e-01	9.63021738e-02	9.65277778e-01	2.86628065e-01
1.11100000e+02	2.60348584e-01	8.97944510e-02	3.94179894e-01	8.97944993e-02	6.01010101e-01	9.70728639e-02	9.62962963e-01	2.85922558e-01
1.11200000e+02	2.60076253e-01	9.06740609e-02	3.93518519e-01	9.06741080e-02	5.99747475e-01	9.78516021e-02	9.60648148e-01	2.85232565e-01
1.11300000e+02	2.59803922e-01	9.15604787e-02	3.92857143e-01	9.15605246e-02	5.98484848e-01	9.86384064e-02	9.58333333e-01	2.84558111e-01
1.11400000e+02	2.59531590e-01	9.24537358e-02	3.92195767e-01	9.24537805e-02	5.97222222e-01	9.94332944e-02	9.56018519e-01	2.83899217e-01
1.11500000e+02	2.59259259e-01	9.33538633e-02	3.91534392e-01	9.33539069e-02	5.95959596e-01	1.00236284e-01	9.53703704e-01	2.83255906e-01
1.11600000e+02	2.58986928e-01	9.42608925e-02	3.90873016e-01	9.42609350e-02	5.94696970e-01	1.01047393e-01	9.51388889e-01	2.82628200e-01
1.11700000e+02	2.58714597e-01	9.51748544e-02	3.90211640e-01	9.51748958e-02	5.93434343e-01	1.01866640e-01	9.49074074e-01	2.82016119e-01
1.11800000e+02	2.58442266e-01	9.60957800e-02	3.89550265e-01	9.60958203e-02	5.92171717e-01	1.02694041e-01	9.46759259e-01	2.81419684e-01
1.11900000e+02	2.58169935e-01	9.70237000e-02	3.88888889e-01	9.70237393e-02	5.90909091e-01	1.03529616e-01	9.44444444e-01	2.80838915e-01
1.12000000e+02	2.57897603e-01	9.79586453e-02	3.88227513e-01	9.79586835e-02	5.89646465e-01	1.04373381e-01	9.42129630e-01	2.80273832e-01
1.12100000e+02	2.57625272e-01	9.89006462e-02	3.87566138e-01	9.89006835e-02	5.88383838e-01	1.05225355e-01	9.39814815e-01	2.79724452e-01
1.12200000e+02	2.57352941e-01	9.98497334e-02	3.86904762e-01	9.98497697e-02	5.87121212e-01	1.06085555e-01	9.37500000e-01	2.79190796e-01
1.12300000e+02	2.57080610e-01	1.00805937e-01	3.86243386e-01	1.00805973e-01	5.85858586e-01	1.06954000e-01	9.35185185e-01	2.78672880e-01
1.12400000e+02	2.56808279e-01	1.01769288e-01	3.85582011e-01	1.01769322e-01	5.84595960e-01	1.07830707e-01	9.32870370e-01	2.78170722e-01
1.12500000e+02	2.56535948e-01	1.02739815e-01	3.84920635e-01	1.02739848e-01	5.83333333e-01	1.08715693e-01	9.30555556e-01	2.77684338e-01
1.12600000e+02	2.56263617e-01	1.03717549e-01	3.84259259e-01	1.03717582e-01	5.82070707e-01	1.09608977e-01	9.28240741e-01	2.77213745e-01
1.12700000e+02	2.55991285e-01	1.04702519e-01	3.83597884e-01	1.04702551e-01	5.80808081e-01	1.10510576e-01	9.25925926e-01	2.76758959e-01
1.12800000e+02	2.55718954e-01	1.05694756e-01	3.82936508e-01	1.05694787e-01	5.79545455e-01	1.11420507e-01	9.23611111e-01	2.76319994e-01
1.12900000e+02	2.55446623e-01	1.06694288e-01	3.82275132e-01	1.06694318e-01	5.78282828e-01	1.12338789e-01	9.21296296e-01	2.75896865e-01
1.13000000e+02	2.55174292e-01	1.07701145e-01	3.81613757e-01	1.07701175e-01	5.77020202e-01	1.13265439e-01	9.18981481e-01	2.75489586e-01
1.13100000e+02	2.54901961e-01	1.08715356e-01	3.80952381e-01	1.08715385e-01	5.75757576e-01	1.14200475e-01	9.16666667e-01	2.75098171e-01
1.13200000e+02	2.54629630e-01	1.09736951e-01	3.80291005e-01	1.09736979e-01	5.74494949e-01	1.15143913e-01	9.14351852e-01	2.74722633e-01
1.13300000e+02	2.54357298e-01	1.10765957e-01	3.79629630e-01	1.10765984e-01	5.73232323e-01	1.16095771e-01	9.12037037e-01	2.74362984e-01
1.13400000e+02	2.54084967e-01	1.11802403e-01	3.78968254e-01	1.11802430e-01	5.71969697e-01	1.17056067e-01	9.09722222e-01	2.74019236e-01
1.13500000e+02	2.53812636e-01	1.12846319e-01	3.78306878e-01	1.12846345e-01	5.70707071e-01	1.18024817e-01	9.07407407e-01	2.73691400e-01
1.13600000e+02	2.53540305e-01	1.13897732e-01	3.77645503e-01	1.13897757e-01	5.69444444e-01	1.19002039e-01	9.05092593e-01	2.73379487e-01
1.13700000e+02	2.53267974e-01	1.14956670e-01	3.76984127e-01	1.14956695e-01	5.68181818e-01	1.19987750e-01	9.02777778e-01	2.73083508e-01
1.13800000e+02	2.52995643e-01	1.16023162e-01	3.76322751e-01	1.16023186e-01	5.66919192e-01	1.20981967e-01	9.00462963e-01	2.72803473e-01
1.13900000e+02	2.52723312e-01	1.17097235e-01	3.75661376e-01	1.17097259e-01	5.65656566e-01	1.21984707e-01	8.98148148e-01	2.72539390e-01
1.14000000e+02	2.52450980e-01	1.18178917e-01	3.75000000e-01	1.18178940e-01	5.64393939e-01	1.22995987e-01	8.95833333e-01	2.72291268e-01
1.14100000e+02	2.52178649e-01	1.19268235e-01	3.74338624e-01	1.19268257e-01	5.63131313e-01	1.24015822e-01	8.93518519e-01	2.72059116e-01
1.14200000e+02	2.51906318e-01	1.20365216e-01	3.73677249e-01	1.20365238e-01	5.61868687e-01	1.25044231e-01	8.91203704e-01	2.71842942e-01
1.14300000e+02	2.51633987e-01	1.21469887e-01	3.73015873e-01	1.21469908e-01	5.60606061e-01	1.26081229e-01	8.88888889e-01	2.71642751e-01
1.14400000e+02	2.51361656e-01	1.22582275e-01	3.72354497e-01	1.22582296e-01	5.59343434e-01	1.27126833e-01	8.86574074e-01	2.71458552e-01
1.14500000e+02	2.51089325e-01	1.23702407e-01	3.71693122e-01	1.23702427e-01	5.58080808e-01	1.28181059e-01	8.84259259e-01	2.71290349e-01
1.14600000e+02	2.50816993e-01	1.24830308e-01	3.71031746e-01	1.24830327e-01	5.56818182e-01	1.29243923e-01	8.81944444e-01	2.71138149e-01
1.14700000e+02	2.50544662e-01	1.25966005e-01	3.70370370e-01	1.25966024e-01	5.55555556e-01	1.30315441e-01	8.79629630e-01	2.71001957e-01
1.14800000e+02	2.50272331e-01	1.27109524e-01	3.69708995e-01	1.27109542e-01	5.54292929e-01	1.31395630e-01	8.77314815e-01	2.70881777e-01
1.14900000e+02	2.50000000e-01	1.28260890e-01	3.69047619e-01	1.28260908e-01	5.53030303e-01	1.32484504e-01	8.75000000e-01	2.70777613e-01
1.15000000e+02	2.49727669e-01	1.29420128e-01	3.68386243e-01	1.29420146e-01	5.51767677e-01	1.33582080e-01	8.72685185e-01	2.70689468e-01
1.15100000e+02	2.49455338e-01	1.30587265e-01	3.67724868e-01	1.30587282e-01	5.50505051e-01	1.34688373e-01	8.70370370e-01	2.70617345e-01
1.15200000e+02	2.49183007e-01	1.31762324e-01	3.67063492e-01	1.31762340e-01	5.49242424e-01	1.35803398e-01	8.68055556e-01	2.70561248e-01
1.15300000e+02	2.48910675e-01	1.32945331e-01	3.66402116e-01	1.32945347e-01	5.47979798e-01	1.36927171e-01	8.65740741e-01	2.70521177e-01
1.15400000e+02	2.48638344e-01	1.34136309e-01	3.65740741e-01	1.34136325e-01	5.46717172e-01	1.38059706e-01	8.63425926e-01	2.70497133e-01
1.15500000e+02	2.48366013e-01	1.35335283e-01	3.65079365e-01	1.35335298e-01	5.45454545e-01	1.39201018e-01	8.61111111e-01	2.70489119e-01
1.15600000e+02	2.48093682e-01	1.36542277e-01	3.64417989e-01	1.36542292e-01	5.44191919e-01	1.40351122e-01	8.58796296e-01	2.70497133e-01
1.15700000e+02	2.47821351e-01	1.37757315e-01	3.63756614e-01	1.37757330e-01	5.42929293e-01	1.41510033e-01	8.56481481e-01	2.70521177e-01
1.15800000e+02	2.47549020e-01	1.38980420e-01	3.63095238e-01	1.38980434e-01	5.41666667e-01	1.42677765e-01	8.54166667e-01	2.70561248e-01
1.15900000e+02	2.47276688e-01	1.40211614e-01	3.62433862e-01	1.40211628e-01	5.40404040e-01	1.43854331e-01	8.51851852e-01	2.70617345e-01
1.16000000e+02	2.47004357e-01	1.41450921e-01	3.61772487e-01	1.41450934e-01	5.39141414e-01	1.45039746e-01	8.49537037e-01	2.70689468e-01
1.16100000e+02	2.46732026e-01	1.42698364e-01	3.61111111e-01	1.42698377e-01	5.37878788e-01	1.46234024e-01	8.47222222e-01	2.70777613e-01
1.16200000e+02	2.46459695e-01	1.43953964e-01	3.60449735e-01	1.43953976e-01	5.36616162e-01	1.47437178e-01	8.44907407e-01	2.70881777e-01
1.16300000e+02	2.46187364e-01	1.45217743e-01	3.59788360e-01	1.45217755e-01	5.35353535e-01	1.48649222e-01	8.42592593e-01	2.71001957e-01
1.16400000e+02	2.45915033e-01	1.46489723e-01	3.59126984e-01	1.46489735e-01	5.34090909e-01	1.49870168e-01	8.40277778e-01	2.71138149e-01
1.16500000e+02	2.45642702e-01	1.47769927e-01	3.58465608e-01	1.47769938e-01	5.32828283e-01	1.51100030e-01	8.37962963e-01	2.71290349e-01
1.16600000e+02	2.45370370e-01	1.49058373e-01	3.57804233e-01	1.49058384e-01	5.31565657e-01	1.52338821e-01	8.35648148e-01	2.71458552e-01
1.16700000e+02	2.45098039e-01	1.50355084e-01	3.57142857e-01	1.50355095e-01	5.30303030e-01	1.53586552e-01	8.33333333e-01	2.71642751e-01
1.16800000e+02	2.44825708e-01	1.51660080e-01	3.56481481e-01	1.51660090e-01	5.29040404e-01	1.54843236e-01	8.31018519e-01	2.71842942e-01
1.16900000e+02	2.44553377e-01	1.52973380e-01	3.55820106e-01	1.52973391e-01	5.27777778e-01	1.56108885e-01	8.28703704e-01	2.72059116e-01
1.17000000e+02	2.44281046e-01	1.54295006e-01	3.55158730e-01	1.54295016e-01	5.26515152e-01	1.57383511e-01	8.26388889e-01	2.72291268e-01
1.17100000e+02	2.44008715e-01	1.55624975e-01	3.54497354e-01	1.55624985e-01	5.25252525e-01	1.58667126e-01	8.24074074e-01	2.72539390e-01
1.17200000e+02	2.43736383e-01	1.56963308e-01	3.53835979e-01	1.56963317e-01	5.23989899e-01	1.59959740e-01	8.21759259e-01	2.72803473e-01
1.17300000e+02	2.43464052e-01	1.58310023e-01	3.53174603e-01	1.58310032e-01	5.22727273e-01	1.61261366e-01	8.19444444e-01	2.73083508e-01
1.17400000e+02	2.43191721e-01	1.59665138e-01	3.52513228e-01	1.59665147e-01	5.21464646e-01	1.62572012e-01	8.17129630e-01	2.73379487e-01
1.17500000e+02	2.42919390e-01	1.61028673e-01	3.51851852e-01	1.61028681e-01	5.20202020e-01	1.63891691e-01	8.14814815e-01	2.73691400e-01
1.17600000e+02	2.42647059e-01	1.62400643e-01	3.51190476e-01	1.62400652e-01	5.18939394e-01	1.65220413e-01	8.12500000e-01	2.74019236e-01
1.17700000e+02	2.42374728e-01	1.63781068e-01	3.50529101e-01	1.63781077e-01	5.17676768e-01	1.66558186e-01	8.10185185e-01	2.74362984e-01
1.17800000e+02	2.42102397e-01	1.65169965e-01	3.49867725e-01	1.65169973e-01	5.16414141e-01	1.67905022e-01	8.07870370e-01	2.74722633e-01
1.17900000e+02	2.41830065e-01	1.66567349e-01	3.49206349e-01	1.66567357e-01	5.15151515e-01	1.69260930e-01	8.05555556e-01	2.75098171e-01
1.18000000e+02	2.41557734e-01	1.67973237e-01	3.48544974e-01	1.67973245e-01	5.13888889e-01	1.70625918e-01	8.03240741e-01	2.75489586e-01
1.18100000e+02	2.41285403e-01	1.69387645e-01	3.47883598e-01	1.69387653e-01	5.12626263e-01	1.71999996e-01	8.00925926e-01	2.75896865e-01
1.18200000e+02	2.41013072e-01	1.70810590e-01	3.47222222e-01	1.70810597e-01	5.11363636e-01	1.73383171e-01	7.98611111e-01	2.76319994e-01
1.18300000e+02	2.40740741e-01	1.72242085e-01	3.46560847e-01	1.72242092e-01	5.10101010e-01	1.74775453e-01	7.96296296e-01	2.76758959e-01
1.18400000e+02	2.40468410e-01	1.73682146e-01	3.45899471e-01	1.73682153e-01	5.08838384e-01	1.76176850e-01	7.93981481e-01	2.77213745e-01
1.18500000e+02	2.40196078e-01	1.75130788e-01	3.45238095e-01	1.75130795e-01	5.07575758e-01	1.77587368e-01	7.91666667e-01	2.77684338e-01
1.18600000e+02	2.39923747e-01	1.76588025e-01	3.44576720e-01	1.76588031e-01	5.06313131e-01	1.79007016e-01	7.89351852e-01	2.78170722e-01
1.18700000e+02	2.39651416e-01	1.78053870e-01	3.43915344e-01	1.78053876e-01	5.05050505e-01	1.80435800e-01	7.87037037e-01	2.78672880e-01
1.18800000e+02	2.39379085e-01	1.79528336e-01	3.43253968e-01	1.79528342e-01	5.03787879e-01	1.81873727e-01	7.84722222e-01	2.79190796e-01
1.18900000e+02	2.39106754e-01	1.81011437e-01	3.42592593e-01	1.81011443e-01	5.02525253e-01	1.83320803e-01	7.82407407e-01	2.79724452e-01
1.19000000e+02	2.38834423e-01	1.82503185e-01	3.41931217e-01	1.82503191e-01	5.01262626e-01	1.84777035e-01	7.80092593e-01	2.80273832e-01
1.19100000e+02	2.38562092e-01	1.84003592e-01	3.41269841e-01	1.84003598e-01	5.00000000e-01	1.86242427e-01	7.77777778e-01	2.80838915e-01
1.19200000e+02	2.38289760e-01	1.85512670e-01	3.40608466e-01	1.85512675e-01	4.98737374e-01	1.87716986e-01	7.75462963e-01	2.81419684e-01
1.19300000e+02	2.38017429e-01	1.87030430e-01	3.39947090e-01	1.87030435e-01	4.97474747e-01	1.89200716e-01	7.73148148e-01	2.82016119e-01
1.19400000e+02	2.37745098e-01	1.88556882e-01	3.39285714e-01	1.88556887e-01	4.96212121e-01	1.90693621e-01	7.70833333e-01	2.82628200e-01
1.19500000e+02	2.37472767e-01	1.90092038e-01	3.38624339e-01	1.90092043e-01	4.94949495e-01	1.92195707e-01	7.68518519e-01	2.83255906e-01
1.19600000e+02	2.37200436e-01	1.91635907e-01	3.37962963e-01	1.91635912e-01	4.93686869e-01	1.93706977e-01	7.66203704e-01	2.83899217e-01
1.19700000e+02	2.36928105e-01	1.93188499e-01	3.37301587e-01	1.93188504e-01	4.92424242e-01	1.95227434e-01	7.63888889e-01	2.84558111e-01
1.19800000e+02	2.36655773e-01	1.94749822e-01	3.36640212e-01	1.94749827e-01	4.91161616e-01	1.96757082e-01	7.61574074e-01	2.85232565e-01
1.19900000e+02	2.36383442e-01	1.96319886e-01	3.35978836e-01	1.96319891e-01	4.89898990e-01	1.98295923e-01	7.59259259e-01	2.85922558e-01
1.20000000e+02	2.36111111e-01	1.97898699e-01	3.35317460e-01	1.97898704e-01	4.88636364e-01	1.99843960e-01	7.56944444e-01	2.86628065e-01
1.20100000e+02	2.35838780e-01	1.99486268e-01	3.34656085e-01	1.99486272e-01	4.87373737e-01	2.01401195e-01	7.54629630e-01	2.87349062e-01
1.20200000e+02	2.35566449e-01	2.01082601e-01	3.33994709e-01	2.01082605e-01	4.86111111e-01	2.02967629e-01	7.52314815e-01	2.88085527e-01
1.20300000e+02	2.35294118e-01	2.02687704e-01	3.33333333e-01	2.02687708e-01	4.84848485e-01	2.04543263e-01	7.50000000e-01	2.88837433e-01
1.20400000e+02	2.35021786e-01	2.04301584e-01	3.32671958e-01	2.04301588e-01	4.83585859e-01	2.06128099e-01	7.47685185e-01	2.89604755e-01
1.20500000e+02	2.34749455e-01	2.05924246e-01	3.32010582e-01	2.05924250e-01	4.82323232e-01	2.07722136e-01	7.45370370e-01	2.90387467e-01
1.20600000e+02	2.34477124e-01	2.07555697e-01	3.31349206e-01	2.07555701e-01	4.81060606e-01	2.09325375e-01	7.43055556e-01	2.91185543e-01
1.20700000e+02	2.34204793e-01	2.09195941e-01	3.30687831e-01	2.09195944e-01	4.79797980e-01	2.10937815e-01	7.40740741e-01	2.91998955e-01
1.20800000e+02	2.33932462e-01	2.10844982e-01	3.30026455e-01	2.10844985e-01	4.78535354e-01	2.12559456e-01	7.38425926e-01	2.92827676e-01
1.20900000e+02	2.33660131e-01	2.12502824e-01	3.29365079e-01	2.12502828e-01	4.77272727e-01	2.14190295e-01	7.36111111e-01	2.93671678e-01
1.21000000e+02	2.33387800e-01	2.14169472e-01	3.28703704e-01	2.14169475e-01	4.76010101e-01	2.15830331e-01	7.33796296e-01	2.94530932e-01
1.21100000e+02	2.33115468e-01	2.15844927e-01	3.28042328e-01	2.15844930e-01	4.74747475e-01	2.17479562e-01	7.31481481e-01	2.95405408e-01
1.21200000e+02	2.32843137e-01	2.17529192e-01	3.27380952e-01	2.17529195e-01	4.73484848e-01	2.19137986e-01	7.29166667e-01	2.96295076e-01
1.21300000e+02	2.32570806e-01	2.19222269e-01	3.26719577e-01	2.19222272e-01	4.72222222e-01	2.20805599e-01	7.26851852e-01	2.97199907e-01
1.21400000e+02	2.32298475e-01	2.20924160e-01	3.26058201e-01	2.20924163e-01	4.70959596e-01	2.22482398e-01	7.24537037e-01	2.98119869e-01
1.21500000e+02	2.32026144e-01	2.22634866e-01	3.25396825e-01	2.22634869e-01	4.69696970e-01	2.24168378e-01	7.22222222e-01	2.99054930e-01
1.21600000e+02	2.31753813e-01	2.24354386e-01	3.24735450e-01	2.24354389e-01	4.68434343e-01	2.25863536e-01	7.19907407e-01	3.00005059e-01
1.21700000e+02	2.31481481e-01	2.26082722e-01	3.24074074e-01	2.26082725e-01	4.67171717e-01	2.27567866e-01	7.17592593e-01	3.00970223e-01
1.21800000e+02	2.31209150e-01	2.27819871e-01	3.23412698e-01	2.27819874e-01	4.65909091e-01	2.29281363e-01	7.15277778e-01	3.01950387e-01
1.21900000e+02	2.30936819e-01	2.29565834e-01	3.22751323e-01	2.29565837e-01	4.64646465e-01	2.31004021e-01	7.12962963e-01	3.02945520e-01
1.22000000e+02	2.30664488e-01	2.31320608e-01	3.22089947e-01	2.31320611e-01	4.63383838e-01	2.32735834e-01	7.10648148e-01	3.03955586e-01
1.22100000e+02	2.30392157e-01	2.33084191e-01	3.21428571e-01	2.33084194e-01	4.62121212e-01	2.34476795e-01	7.08333333e-01	3.04980549e-01
1.22200000e+02	2.30119826e-01	2.34856580e-01	3.20767196e-01	2.34856583e-01	4.60858586e-01	2.36226897e-01	7.06018519e-01	3.06020376e-01
1.22300000e+02	2.29847495e-01	2.36637773e-01	3.20105820e-01	2.36637775e-01	4.59595960e-01	2.37986132e-01	7.03703704e-01	3.07075029e-01
1.22400000e+02	2.29575163e-01	2.38427764e-01	3.19444444e-01	2.38427767e-01	4.58333333e-01	2.39754491e-01	7.01388889e-01	3.08144472e-01
1.22500000e+02	2.29302832e-01	2.40226551e-01	3.18783069e-01	2.40226553e-01	4.57070707e-01	2.41531966e-01	6.99074074e-01	3.09228668e-01
1.22600000e+02	2.29030501e-01	2.42034127e-01	3.18121693e-01	2.42034129e-01	4.55808081e-01	2.43318548e-01	6.96759259e-01	3.10327578e-01
1.22700000e+02	2.28758170e-01	2.43850487e-01	3.17460317e-01	2.43850489e-01	4.54545455e-01	2.45114226e-01	6.94444444e-01	3.11441165e-01
1.22800000e+02	2.28485839e-01	2.45675625e-01	3.16798942e-01	2.45675627e-01	4.53282828e-01	2.46918991e-01	6.92129630e-01	3.12569389e-01
1.22900000e+02	2.28213508e-01	2.47509535e-01	3.16137566e-01	2.47509537e-01	4.52020202e-01	2.48732831e-01	6.89814815e-01	3.13712212e-01
1.23000000e+02	2.27941176e-01	2.49352209e-01	3.15476190e-01	2.49352211e-01	4.50757576e-01	2.50555735e-01	6.87500000e-01	3.14869592e-01
1.23100000e+02	2.27668845e-01	2.51203639e-01	3.14814815e-01	2.51203641e-01	4.49494949e-01	2.52387692e-01	6.85185185e-01	3.16041489e-01
1.23200000e+02	2.27396514e-01	2.53063817e-01	3.14153439e-01	2.53063819e-01	4.48232323e-01	2.54228688e-01	6.82870370e-01	3.17227862e-01
1.23300000e+02	2.27124183e-01	2.54932734e-01	3.13492063e-01	2.54932736e-01	4.46969697e-01	2.56078712e-01	6.80555556e-01	3.18428669e-01
1.23400000e+02	2.26851852e-01	2.56810381e-01	3.12830688e-01	2.56810383e-01	4.45707071e-01	2.57937748e-01	6.78240741e-01	3.19643867e-01
1.23500000e+02	2.26579521e-01	2.58696747e-01	3.12169312e-01	2.58696748e-01	4.44444444e-01	2.59805784e-01	6.75925926e-01	3.20873414e-01
1.23600000e+02	2.26307190e-01	2.60591821e-01	3.11507937e-01	2.60591823e-01	4.43181818e-01	2.61682805e-01	6.73611111e-01	3.22117266e-01
1.23700000e+02	2.26034858e-01	2.62495592e-01	3.10846561e-01	2.62495594e-01	4.41919192e-01	2.63568796e-01	6.71296296e-01	3.23375378e-01
1.23800000e+02	2.25762527e-01	2.64408049e-01	3.10185185e-01	2.64408051e-01	4.40656566e-01	2.65463740e-01	6.68981481e-01	3.24647707e-01
1.23900000e+02	2.25490196e-01	2.66329178e-01	3.09523810e-01	2.66329180e-01	4.39393939e-01	2.67367623e-01	6.66666667e-01	3.25934206e-01
1.24000000e+02	2.25217865e-01	2.68258967e-01	3.08862434e-01	2.68258969e-01	4.38131313e-01	2.69280426e-01	6.64351852e-01	3.27234829e-01
1.24100000e+02	2.24945534e-01	2.70197402e-01	3.08201058e-01	2.70197403e-01	4.36868687e-01	2.71202132e-01	6.62037037e-01	3.28549530e-01
1.24200000e+02	2.24673203e-01	2.72144468e-01	3.07539683e-01	2.72144469e-01	4.35606061e-01	2.73132725e-01	6.59722222e-01	3.29878263e-01
1.24300000e+02	2.24400871e-01	2.74100150e-01	3.06878307e-01	2.74100151e-01	4.34343434e-01	2.75072184e-01	6.57407407e-01	3.31220978e-01
1.24400000e+02	2.24128540e-01	2.76064433e-01	3.06216931e-01	2.76064434e-01	4.33080808e-01	2.77020491e-01	6.55092593e-01	3.32577629e-01
1.24500000e+02	2.23856209e-01	2.78037300e-01	3.05555556e-01	2.78037302e-01	4.31818182e-01	2.78977627e-01	6.52777778e-01	3.33948165e-01
1.24600000e+02	2.23583878e-01	2.80018736e-01	3.04894180e-01	2.80018737e-01	4.30555556e-01	2.80943570e-01	6.50462963e-01	3.35332538e-01
1.24700000e+02	2.23311547e-01	2.82008721e-01	3.04232804e-01	2.82008722e-01	4.29292929e-01	2.82918301e-01	6.48148148e-01	3.36730698e-01
1.24800000e+02	2.23039216e-01	2.84007238e-01	3.03571429e-01	2.84007239e-01	4.28030303e-01	2.84901797e-01	6.45833333e-01	3.38142593e-01
1.24900000e+02	2.22766885e-01	2.86014268e-01	3.02910053e-01	2.86014269e-01	4.26767677e-01	2.86894037e-01	6.43518519e-01	3.39568172e-01
1.25000000e+02	2.22494553e-01	2.88029792e-01	3.02248677e-01	2.88029794e-01	4.25505051e-01	2.88894998e-01	6.41203704e-01	3.41007384e-01
1.25100000e+02	2.22222222e-01	2.90053790e-01	3.01587302e-01	2.90053792e-01	4.24242424e-01	2.90904657e-01	6.38888889e-01	3.42460176e-01
1.25200000e+02	2.21949891e-01	2.92086241e-01	3.00925926e-01	2.92086243e-01	4.22979798e-01	2.92922990e-01	6.36574074e-01	3.43926495e-01
1.25300000e+02	2.21677560e-01	2.94127124e-01	3.00264550e-01	2.94127125e-01	4.21717172e-01	2.94949972e-01	6.34259259e-01	3.45406288e-01
1.25400000e+02	2.21405229e-01	2.96176417e-01	2.99603175e-01	2.96176418e-01	4.20454545e-01	2.96985579e-01	6.31944444e-01	3.46899499e-01
1.25500000e+02	2.21132898e-01	2.98234096e-01	2.98941799e-01	2.98234097e-01	4.19191919e-01	2.99029785e-01	6.29629630e-01	3.48406075e-01
1.25600000e+02	2.20860566e-01	3.00300139e-01	2.98280423e-01	3.00300140e-01	4.17929293e-01	3.01082563e-01	6.27314815e-01	3.49925959e-01
1.25700000e+02	2.20588235e-01	3.02374523e-01	2.97619048e-01	3.02374524e-01	4.16666667e-01	3.03143886e-01	6.25000000e-01	3.51459096e-01
1.25800000e+02	2.20315904e-01	3.04457221e-01	2.96957672e-01	3.04457222e-01	4.15404040e-01	3.05213728e-01	6.22685185e-01	3.53005429e-01
1.25900000e+02	2.20043573e-01	3.06548209e-01	2.96296296e-01	3.06548210e-01	4.14141414e-01	3.07292059e-01	6.20370370e-01	3.54564900e-01
1.26000000e+02	2.19771242e-01	3.08647461e-01	2.95634921e-01	3.08647462e-01	4.12878788e-01	3.09378852e-01	6.18055556e-01	3.56137453e-01
1.26100000e+02	2.19498911e-01	3.10754951e-01	2.94973545e-01	3.10754952e-01	4.11616162e-01	3.11474076e-01	6.15740741e-01	3.57723027e-01
1.26200000e+02	2.19226580e-01	3.12870650e-01	2.94312169e-01	3.12870651e-01	4.10353535e-01	3.13577701e-01	6.13425926e-01	3.59321565e-01
1.26300000e+02	2.18954248e-01	3.14994532e-01	2.93650794e-01	3.14994532e-01	4.09090909e-01	3.15689698e-01	6.11111111e-01	3.60933007e-01
1.26400000e+02	2.18681917e-01	3.17126567e-01	2.92989418e-01	3.17126567e-01	4.07828283e-01	3.17810033e-01	6.08796296e-01	3.62557291e-01
1.26500000e+02	2.18409586e-01	3.19266726e-01	2.92328042e-01	3.19266726e-01	4.06565657e-01	3.19938677e-01	6.06481481e-01	3.64194358e-01
1.26600000e+02	2.18137255e-01	3.21414979e-01	2.91666667e-01	3.21414979e-01	4.05303030e-01	3.22075595e-01	6.04166667e-01	3.65844145e-01
1.26700000e+02	2.17864924e-01	3.23571295e-01	2.91005291e-01	3.23571296e-01	4.04040404e-01	3.24220754e-01	6.01851852e-01	3.67506591e-01
1.26800000e+02	2.17592593e-01	3.25735644e-01	2.90343915e-01	3.25735644e-01	4.02777778e-01	3.26374121e-01	5.99537037e-01	3.69181633e-01
1.26900000e+02	2.17320261e-01	3.27907992e-01	2.89682540e-01	3.27907993e-01	4.01515152e-01	3.28535662e-01	5.97222222e-01	3.70869207e-01
1.27000000e+02	2.17047930e-01	3.30088308e-01	2.89021164e-01	3.30088308e-01	4.00252525e-01	3.30705339e-01	5.94907407e-01	3.72569250e-01
1.27100000e+02	2.16775599e-01	3.32276557e-01	2.88359788e-01	3.32276557e-01	3.98989899e-01	3.32883119e-01	5.92592593e-01	3.74281696e-01
1.27200000e+02	2.16503268e-01	3.34472706e-01	2.87698413e-01	3.34472706e-01	3.97727273e-01	3.35068964e-01	5.90277778e-01	3.76006481e-01
1.27300000e+02	2.16230937e-01	3.36676719e-01	2.87037037e-01	3.36676720e-01	3.96464646e-01	3.37262837e-01	5.87962963e-01	3.77743540e-01
1.27400000e+02	2.15958606e-01	3.38888562e-01	2.86375661e-01	3.38888563e-01	3.95202020e-01	3.39464700e-01	5.85648148e-01	3.79492804e-01
1.27500000e+02	2.15686275e-01	3.41108198e-01	2.85714286e-01	3.41108199e-01	3.93939394e-01	3.41674514e-01	5.83333333e-01	3.81254209e-01
1.27600000e+02	2.15413943e-01	3.43335590e-01	2.85052910e-01	3.43335591e-01	3.92676768e-01	3.43892241e-01	5.81018519e-01	3.83027685e-01
1.27700000e+02	2.15141612e-01	3.45570700e-01	2.84391534e-01	3.45570701e-01	3.91414141e-01	3.46117840e-01	5.78703704e-01	3.84813164e-01
1.27800000e+02	2.14869281e-01	3.47813491e-01	2.83730159e-01	3.47813491e-01	3.90151515e-01	3.48351270e-01	5.76388889e-01	3.86610578e-01
1.27900000e+02	2.14596950e-01	3.50063922e-01	2.83068783e-01	3.50063923e-01	3.88888889e-01	3.50592491e-01	5.74074074e-01	3.88419858e-01
1.28000000e+02	2.14324619e-01	3.52321955e-01	2.82407407e-01	3.52321955e-01	3.87626263e-01	3.52841461e-01	5.71759259e-01	3.90240933e-01
1.28100000e+02	2.14052288e-01	3.54587549e-01	2.81746032e-01	3.54587549e-01	3.86363636e-01	3.55098136e-01	5.69444444e-01	3.92073732e-01
1.28200000e+02	2.13779956e-01	3.56860662e-01	2.81084656e-01	3.56860662e-01	3.85101010e-01	3.57362475e-01	5.67129630e-01	3.93918184e-01
1.28300000e+02	2.13507625e-01	3.59141253e-01	2.80423280e-01	3.59141253e-01	3.83838384e-01	3.59634431e-01	5.64814815e-01	3.95774217e-01
1.28400000e+02	2.13235294e-01	3.61429279e-01	2.79761905e-01	3.61429279e-01	3.82575758e-01	3.61913962e-01	5.62500000e-01	3.97641760e-01
1.28500000e+02	2.12962963e-01	3.63724697e-01	2.79100529e-01	3.63724697e-01	3.81313131e-01	3.64201021e-01	5.60185185e-01	3.99520737e-01
1.28600000e+02	2.12690632e-01	3.66027463e-01	2.78439153e-01	3.66027463e-01	3.80050505e-01	3.66495562e-01	5.57870370e-01	4.01411077e-01
1.28700000e+02	2.12418301e-01	3.68337532e-01	2.77777778e-01	3.68337532e-01	3.78787879e-01	3.68797540e-01	5.55555556e-01	4.03312703e-01
1.28800000e+02	2.12145969e-01	3.70654858e-01	2.77116402e-01	3.70654859e-01	3.77525253e-01	3.71106905e-01	5.53240741e-01	4.05225542e-01
1.28900000e+02	2.11873638e-01	3.72979396e-01	2.76455026e-01	3.72979397e-01	3.76262626e-01	3.73423611e-01	5.50925926e-01	4.07149518e-01
1.29000000e+02	2.11601307e-01	3.75311099e-01	2.75793651e-01	3.75311099e-01	3.75000000e-01	3.75747608e-01	5.48611111e-01	4.09084554e-01
1.29100000e+02	2.11328976e-01	3.77649918e-01	2.75132275e-01	3.77649919e-01	3.73737374e-01	3.78078847e-01	5.46296296e-01	4.11030574e-01
1.29200000e+02	2.11056645e-01	3.79995807e-01	2.74470899e-01	3.79995807e-01	3.72474747e-01	3.80417278e-01	5.43981481e-01	4.12987501e-01
1.29300000e+02	2.10784314e-01	3.82348714e-01	2.73809524e-01	3.82348715e-01	3.71212121e-01	3.82762849e-01	5.41666667e-01	4.14955255e-01
1.29400000e+02	2.10511983e-01	3.84708592e-01	2.73148148e-01	3.84708592e-01	3.69949495e-01	3.85115510e-01	5.39351852e-01	4.16933759e-01
1.29500000e+02	2.10239651e-01	3.87075389e-01	2.72486772e-01	3.87075389e-01	3.68686869e-01	3.87475207e-01	5.37037037e-01	4.18922933e-01
1.29600000e+02	2.09967320e-01	3.89449053e-01	2.71825397e-01	3.89449054e-01	3.67424242e-01	3.89841889e-01	5.34722222e-01	4.20922698e-01
1.29700000e+02	2.09694989e-01	3.91829534e-01	2.71164021e-01	3.91829535e-01	3.66161616e-01	3.92215500e-01	5.32407407e-01	4.22932972e-01
1.29800000e+02	2.09422658e-01	3.94216779e-01	2.70502646e-01	3.94216779e-01	3.64898990e-01	3.94595988e-01	5.30092593e-01	4.24953676e-01
1.29900000e+02	2.09150327e-01	3.96610733e-01	2.69841270e-01	3.96610734e-01	3.63636364e-01	3.96983296e-01	5.27777778e-01	4.26984726e-01
1.30000000e+02	2.08877996e-01	3.99011344e-01	2.69179894e-01	3.99011344e-01	3.62373737e-01	3.99377369e-01	5.25462963e-01	4.29026041e-01
1.30100000e+02	2.08605664e-01	4.01418555e-01	2.68518519e-01	4.01418556e-01	3.61111111e-01	4.01778150e-01	5.23148148e-01	4.31077538e-01
1.30200000e+02	2.08333333e-01	4.03832312e-01	2.67857143e-01	4.03832313e-01	3.59848485e-01	4.04185583e-01	5.20833333e-01	4.33139133e-01
1.30300000e+02	2.08061002e-01	4.06252559e-01	2.67195767e-01	4.06252559e-01	3.58585859e-01	4.06599609e-01	5.18518519e-01	4.35210742e-01
1.30400000e+02	2.07788671e-01	4.08679237e-01	2.66534392e-01	4.08679238e-01	3.57323232e-01	4.09020169e-01	5.16203704e-01	4.37292281e-01
1.30500000e+02	2.07516340e-01	4.11112291e-01	2.65873016e-01	4.11112291e-01	3.56060606e-01	4.11447205e-01	5.13888889e-01	4.39383664e-01
1.30600000e+02	2.07244009e-01	4.13551660e-01	2.65211640e-01	4.13551660e-01	3.54797980e-01	4.13880657e-01	5.11574074e-01	4.41484805e-01
1.30700000e+02	2.06971678e-01	4.15997286e-01	2.64550265e-01	4.15997286e-01	3.53535354e-01	4.16320463e-01	5.09259259e-01	4.43595617e-01
1.30800000e+02	2.06699346e-01	4.18449109e-01	2.63888889e-01	4.18449109e-01	3.52272727e-01	4.18766563e-01	5.06944444e-01	4.45716014e-01
1.30900000e+02	2.06427015e-01	4.20907068e-01	2.63227513e-01	4.20907069e-01	3.51010101e-01	4.21218894e-01	5.04629630e-01	4.47845908e-01
1.31000000e+02	2.06154684e-01	4.23371103e-01	2.62566138e-01	4.23371103e-01	3.49747475e-01	4.23677394e-01	5.02314815e-01	4.49985210e-01
1.31100000e+02	2.05882353e-01	4.25841150e-01	2.61904762e-01	4.25841150e-01	3.48484848e-01	4.26141998e-01	5.00000000e-01	4.52133831e-01
1.31200000e+02	2.05610022e-01	4.28317148e-01	2.61243386e-01	4.28317148e-01	3.47222222e-01	4.28612643e-01	4.97685185e-01	4.54291683e-01
1.31300000e+02	2.05337691e-01	4.30799032e-01	2.60582011e-01	4.30799032e-01	3.45959596e-01	4.31089264e-01	4.95370370e-01	4.56458674e-01
1.31400000e+02	2.05065359e-01	4.33286739e-01	2.59920635e-01	4.33286739e-01	3.44696970e-01	4.33571796e-01	4.93055556e-01	4.58634714e-01
1.31500000e+02	2.04793028e-01	4.35780203e-01	2.59259259e-01	4.35780203e-01	3.43434343e-01	4.36060171e-01	4.90740741e-01	4.60819712e-01
1.31600000e+02	2.04520697e-01	4.38279359e-01	2.58597884e-01	4.38279359e-01	3.42171717e-01	4.38554323e-01	4.88425926e-01	4.63013575e-01
1.31700000e+02	2.04248366e-01	4.40784141e-01	2.57936508e-01	4.40784141e-01	3.40909091e-01	4.41054184e-01	4.86111111e-01	4.65216213e-01
1.31800000e+02	2.03976035e-01	4.43294481e-01	2.57275132e-01	4.43294481e-01	3.39646465e-01	4.43559687e-01	4.83796296e-01	4.67427530e-01
1.31900000e+02	2.03703704e-01	4.45810311e-01	2.56613757e-01	4.45810311e-01	3.38383838e-01	4.46070761e-01	4.81481481e-01	4.69647434e-01
1.32000000e+02	2.03431373e-01	4.48331564e-01	2.55952381e-01	4.48331564e-01	3.37121212e-01	4.48587337e-01	4.79166667e-01	4.71875831e-01
1.32100000e+02	2.03159041e-01	4.50858169e-01	2.55291005e-01	4.50858170e-01	3.35858586e-01	4.51109345e-01	4.76851852e-01	4.74112625e-01
1.32200000e+02	2.02886710e-01	4.53390058e-01	2.54629630e-01	4.53390058e-01	3.34595960e-01	4.53636713e-01	4.74537037e-01	4.76357721e-01
1.32300000e+02	2.02614379e-01	4.55927159e-01	2.53968254e-01	4.55927159e-01	3.33333333e-01	4.56169369e-01	4.72222222e-01	4.78611024e-01
1.32400000e+02	2.02342048e-01	4.58469400e-01	2.53306878e-01	4.58469400e-01	3.32070707e-01	4.58707242e-01	4.69907407e-01	4.80872436e-01
1.32500000e+02	2.02069717e-01	4.61016711e-01	2.52645503e-01	4.61016711e-01	3.30808081e-01	4.61250257e-01	4.67592593e-01	4.83141861e-01
1.32600000e+02	2.01797386e-01	4.63569017e-01	2.51984127e-01	4.63569018e-01	3.29545455e-01	4.63798341e-01	4.65277778e-01	4.85419201e-01
1.32700000e+02	2.01525054e-01	4.66126247e-01	2.51322751e-01	4.66126247e-01	3.28282828e-01	4.66351419e-01	4.62962963e-01	4.87704357e-01
1.32800000e+02	2.01252723e-01	4.68688325e-01	2.50661376e-01	4.68688325e-01	3.27020202e-01	4.68909417e-01	4.60648148e-01	4.89997232e-01
1.32900000e+02	2.00980392e-01	4.71255177e-01	2.50000000e-01	4.71255177e-01	3.25757576e-01	4.71472257e-01	4.58333333e-01	4.92297725e-01
1.33000000e+02	2.00708061e-01	4.73826726e-01	2.49338624e-01	4.73826727e-01	3.24494949e-01	4.74039864e-01	4.56018519e-01	4.94605736e-01
1.33100000e+02	2.00435730e-01	4.76402898e-01	2.48677249e-01	4.76402898e-01	3.23232323e-01	4.76612160e-01	4.53703704e-01	4.96921166e-01
1.33200000e+02	2.00163399e-01	4.78983615e-01	2.48015873e-01	4.78983615e-01	3.21969697e-01	4.79189067e-01	4.51388889e-01	4.99243912e-01
1.33300000e+02	1.99891068e-01	4.81568799e-01	2.47354497e-01	4.81568799e-01	3.20707071e-01	4.81770506e-01	4.49074074e-01	5.01573874e-01
1.33400000e+02	1.99618736e-01	4.84158373e-01	2.46693122e-01	4.84158373e-01	3.19444444e-01	4.84356399e-01	4.46759259e-01	5.03910950e-01
1.33500000e+02	1.99346405e-01	4.86752256e-01	2.46031746e-01	4.86752256e-01	3.18181818e-01	4.86946664e-01	4.44444444e-01	5.06255035e-01
1.33600000e+02	1.99074074e-01	4.89350370e-01	2.45370370e-01	4.89350370e-01	3.16919192e-01	4.89541222e-01	4.42129630e-01	5.08606028e-01
1.33700000e+02	1.98801743e-01	4.91952634e-01	2.44708995e-01	4.91952634e-01	3.15656566e-01	4.92139992e-01	4.39814815e-01	5.10963825e-01
1.33800000e+02	1.98529412e-01	4.94558967e-01	2.44047619e-01	4.94558967e-01	3.14393939e-01	4.94742890e-01	4.37500000e-01	5.13328321e-01
1.33900000e+02	1.98257081e-01	4.97169288e-01	2.43386243e-01	4.97169288e-01	3.13131313e-01	4.97349835e-01	4.35185185e-01	5.15699411e-01
1.34000000e+02	1.97984749e-01	4.99783514e-01	2.42724868e-01	4.99783514e-01	3.11868687e-01	4.99960743e-01	4.32870370e-01	5.18076990e-01
1.34100000e+02	1.97712418e-01	5.02401562e-01	2.42063492e-01	5.02401562e-01	3.10606061e-01	5.02575530e-01	4.30555556e-01	5.20460952e-01
1.34200000e+02	1.97440087e-01	5.05023348e-01	2.41402116e-01	5.05023348e-01	3.09343434e-01	5.05194112e-01	4.28240741e-01	5.22851190e-01
1.34300000e+02	1.97167756e-01	5.07648788e-01	2.40740741e-01	5.07648788e-01	3.08080808e-01	5.07816404e-01	4.25925926e-01	5.25247599e-01
1.34400000e+02	1.96895425e-01	5.10277798e-01	2.40079365e-01	5.10277798e-01	3.06818182e-01	5.10442318e-01	4.23611111e-01	5.27650069e-01
1.34500000e+02	1.96623094e-01	5.12910291e-01	2.39417989e-01	5.12910291e-01	3.05555556e-01	5.13071770e-01	4.21296296e-01	5.30058493e-01
1.34600000e+02	1.96350763e-01	5.15546181e-01	2.38756614e-01	5.15546181e-01	3.04292929e-01	5.15704672e-01	4.18981481e-01	5.32472763e-01
1.34700000e+02	1.96078431e-01	5.18185381e-01	2.38095238e-01	5.18185381e-01	3.03030303e-01	5.18340936e-01	4.16666667e-01	5.34892769e-01
1.34800000e+02	1.95806100e-01	5.20827804e-01	2.37433862e-01	5.20827804e-01	3.01767677e-01	5.20980473e-01	4.14351852e-01	5.37318403e-01
1.34900000e+02	1.95533769e-01	5.23473361e-01	2.36772487e-01	5.23473361e-01	3.00505051e-01	5.23623196e-01	4.12037037e-01	5.39749553e-01
1.35000000e+02	1.95261438e-01	5.26121964e-01	2.36111111e-01	5.26121964e-01	2.99242424e-01	5.26269012e-01	4.09722222e-01	5.42186110e-01
1.35100000e+02	1.94989107e-01	5.28773523e-01	2.35449735e-01	5.28773523e-01	2.97979798e-01	5.28917834e-01	4.07407407e-01	5.44627962e-01
1.35200000e+02	1.94716776e-01	5.31427948e-01	2.34788360e-01	5.31427948e-01	2.96717172e-01	5.31569569e-01	4.05092593e-01	5.47074998e-01
1.35300000e+02	1.94444444e-01	5.34085148e-01	2.34126984e-01	5.34085148e-01	2.95454545e-01	5.34224127e-01	4.02777778e-01	5.49527105e-01
1.35400000e+02	1.94172113e-01	5.36745032e-01	2.33465608e-01	5.36745032e-01	2.94191919e-01	5.36881414e-01	4.00462963e-01	5.51984173e-01
1.35500000e+02	1.93899782e-01	5.39407507e-01	2.32804233e-01	5.39407507e-01	2.92929293e-01	5.39541339e-01	3.98148148e-01	5.54446086e-01
1.35600000e+02	1.93627451e-01	5.42072482e-01	2.32142857e-01	5.42072482e-01	2.91666667e-01	5.42203808e-01	3.95833333e-01	5.56912732e-01
1.35700000e+02	1.93355120e-01	5.44739863e-01	2.31481481e-01	5.44739863e-01	2.90404040e-01	5.44868727e-01	3.93518519e-01	5.59383998e-01
1.35800000e+02	1.93082789e-01	5.47409556e-01	2.30820106e-01	5.47409556e-01	2.89141414e-01	5.47536001e-01	3.91203704e-01	5.61859768e-01
1.35900000e+02	1.92810458e-01	5.50081468e-01	2.30158730e-01	5.50081468e-01	2.87878788e-01	5.50205536e-01	3.88888889e-01	5.64339927e-01
1.36000000e+02	1.92538126e-01	5.52755502e-01	2.29497354e-01	5.52755502e-01	2.86616162e-01	5.52877235e-01	3.86574074e-01	5.66824362e-01
1.36100000e+02	1.92265795e-01	5.55431563e-01	2.28835979e-01	5.55431563e-01	2.85353535e-01	5.55551003e-01	3.84259259e-01	5.69312955e-01
1.36200000e+02	1.91993464e-01	5.58109555e-01	2.28174603e-01	5.58109555e-01	2.84090909e-01	5.58226743e-01	3.81944444e-01	5.71805590e-01
1.36300000e+02	1.91721133e-01	5.60789382e-01	2.27513228e-01	5.60789382e-01	2.82828283e-01	5.60904357e-01	3.79629630e-01	5.74302151e-01
1.36400000e+02	1.91448802e-01	5.63470946e-01	2.26851852e-01	5.63470946e-01	2.81565657e-01	5.63583747e-01	3.77314815e-01	5.76802521e-01
1.36500000e+02	1.91176471e-01	5.66154150e-01	2.26190476e-01	5.66154150e-01	2.80303030e-01	5.66264815e-01	3.75000000e-01	5.79306583e-01
1.36600000e+02	1.90904139e-01	5.68838893e-01	2.25529101e-01	5.68838894e-01	2.79040404e-01	5.68947461e-01	3.72685185e-01	5.81814217e-01
1.36700000e+02	1.90631808e-01	5.71525079e-01	2.24867725e-01	5.71525079e-01	2.77777778e-01	5.71631587e-01	3.70370370e-01	5.84325307e-01
1.36800000e+02	1.90359477e-01	5.74212607e-01	2.24206349e-01	5.74212607e-01	2.76515152e-01	5.74317091e-01	3.68055556e-01	5.86839732e-01
1.36900000e+02	1.90087146e-01	5.76901377e-01	2.23544974e-01	5.76901377e-01	2.75252525e-01	5.77003873e-01	3.65740741e-01	5.89357375e-01
1.37000000e+02	1.89814815e-01	5.79591289e-01	2.22883598e-01	5.79591289e-01	2.73989899e-01	5.79691832e-01	3.63425926e-01	5.91878115e-01
1.37100000e+02	1.89542484e-01	5.82282240e-01	2.22222222e-01	5.82282240e-01	2.72727273e-01	5.82380866e-01	3.61111111e-01	5.94401832e-01
1.37200000e+02	1.89270153e-01	5.84974130e-01	2.21560847e-01	5.84974130e-01	2.71464646e-01	5.85070873e-01	3.58796296e-01	5.96928406e-01
1.37300000e+02	1.88997821e-01	5.87666857e-01	2.20899471e-01	5.87666857e-01	2.70202020e-01	5.87761750e-01	3.56481481e-01	5.99457716e-01
1.37400000e+02	1.88725490e-01	5.90360317e-01	2.20238095e-01	5.90360317e-01	2.68939394e-01	5.90453394e-01	3.54166667e-01	6.01989641e-01
1.37500000e+02	1.88453159e-01	5.93054407e-01	2.19576720e-01	5.93054407e-01	2.67676768e-01	5.93145700e-01	3.51851852e-01	6.04524059e-01
1.37600000e+02	1.88180828e-01	5.95749023e-01	2.18915344e-01	5.95749023e-01	2.66414141e-01	5.95838564e-01	3.49537037e-01	6.07060849e-01
1.37700000e+02	1.87908497e-01	5.98444062e-01	2.18253968e-01	5.98444062e-01	2.65151515e-01	5.98531882e-01	3.47222222e-01	6.09599888e-01
1.37800000e+02	1.87636166e-01	6.01139418e-01	2.17592593e-01	6.01139418e-01	2.63888889e-01	6.01225549e-01	3.44907407e-01	6.12141052e-01
1.37900000e+02	1.87363834e-01	6.03834986e-01	2.16931217e-01	6.03834986e-01	2.62626263e-01	6.03919457e-01	3.42592593e-01	6.14684220e-01
1.38000000e+02	1.87091503e-01	6.06530660e-01	2.16269841e-01	6.06530660e-01	2.61363636e-01	6.06613502e-01	3.40277778e-01	6.17229268e-01
1.38100000e+02	1.86819172e-01	6.09226334e-01	2.15608466e-01	6.09226334e-01	2.60101010e-01	6.09307576e-01	3.37962963e-01	6.19776072e-01
1.38200000e+02	1.86546841e-01	6.11921901e-01	2.14947090e-01	6.11921901e-01	2.58838384e-01	6.12001573e-01	3.35648148e-01	6.22324508e-01
1.38300000e+02	1.86274510e-01	6.14617254e-01	2.14285714e-01	6.14617254e-01	2.57575758e-01	6.14695383e-01	3.33333333e-01	6.24874451e-01
1.38400000e+02	1.86002179e-01	6.17312286e-01	2.13624339e-01	6.17312286e-01	2.56313131e-01	6.17388900e-01	3.31018519e-01	6.27425778e-01
1.38500000e+02	1.85729847e-01	6.20006888e-01	2.12962963e-01	6.20006888e-01	2.55050505e-01	6.20082015e-01	3.28703704e-01	6.29978361e-01
1.38600000e+02	1.85457516e-01	6.22700952e-01	2.12301587e-01	6.22700952e-01	2.53787879e-01	6.22774618e-01	3.26388889e-01	6.32532077e-01
1.38700000e+02	1.85185185e-01	6.25394368e-01	2.11640212e-01	6.25394368e-01	2.52525253e-01	6.25466600e-01	3.24074074e-01	6.35086800e-01
1.38800000e+02	1.84912854e-01	6.28087028e-01	2.10978836e-01	6.28087028e-01	2.51262626e-01	6.28157852e-01	3.21759259e-01	6.37642403e-01
1.38900000e+02	1.84640523e-01	6.30778821e-01	2.10317460e-01	6.30778821e-01	2.50000000e-01	6.30848263e-01	3.19444444e-01	6.40198760e-01
1.39000000e+02	1.84368192e-01	6.33469637e-01	2.09656085e-01	6.33469637e-01	2.48737374e-01	6.33537722e-01	3.17129630e-01	6.42755745e-01
1.39100000e+02	1.84095861e-01	6.36159365e-01	2.08994709e-01	6.36159365e-01	2.47474747e-01	6.36226118e-01	3.14814815e-01	6.45313230e-01
1.39200000e+02	1.83823529e-01	6.38847895e-01	2.08333333e-01	6.38847895e-01	2.46212121e-01	6.38913340e-01	3.12500000e-01	6.47871089e-01
1.39300000e+02	1.83551198e-01	6.41535115e-01	2.07671958e-01	6.41535115e-01	2.44949495e-01	6.41599276e-01	3.10185185e-01	6.50429194e-01
1.39400000e+02	1.83278867e-01	6.44220912e-01	2.07010582e-01	6.44220912e-01	2.43686869e-01	6.44283813e-01	3.07870370e-01	6.52987417e-01
1.39500000e+02	1.83006536e-01	6.46905175e-01	2.06349206e-01	6.46905175e-01	2.42424242e-01	6.46966838e-01	3.05555556e-01	6.55545631e-01
1.39600000e+02	1.82734205e-01	6.49587792e-01	2.05687831e-01	6.49587792e-01	2.41161616e-01	6.49648240e-01	3.03240741e-01	6.58103706e-01
1.39700000e+02	1.82461874e-01	6.52268648e-01	2.05026455e-01	6.52268648e-01	2.39898990e-01	6.52327903e-01	3.00925926e-01	6.60661515e-01
1.39800000e+02	1.82189542e-01	6.54947630e-01	2.04365079e-01	6.54947630e-01	2.38636364e-01	6.55005715e-01	2.98611111e-01	6.63218929e-01
1.39900000e+02	1.81917211e-01	6.57624626e-01	2.03703704e-01	6.57624626e-01	2.37373737e-01	6.57681562e-01	2.96296296e-01	6.65775819e-01
1.40000000e+02	1.81644880e-01	6.60299520e-01	2.03042328e-01	6.60299520e-01	2.36111111e-01	6.60355328e-01	2.93981481e-01	6.68332056e-01
1.40100000e+02	1.81372549e-01	6.62972199e-01	2.02380952e-01	6.62972199e-01	2.34848485e-01	6.63026899e-01	2.91666667e-01	6.70887510e-01
1.40200000e+02	1.81100218e-01	6.65642547e-01	2.01719577e-01	6.65642547e-01	2.33585859e-01	6.65696160e-01	2.89351852e-01	6.73442051e-01
1.40300000e+02	1.80827887e-01	6.68310449e-01	2.01058201e-01	6.68310449e-01	2.32323232e-01	6.68362996e-01	2.87037037e-01	6.75995551e-01
1.40400000e+02	1.80555556e-01	6.70975791e-01	2.00396825e-01	6.70975791e-01	2.31060606e-01	6.71027291e-01	2.84722222e-01	6.78547879e-01
1.40500000e+02	1.80283224e-01	6.73638455e-01	1.99735450e-01	6.73638455e-01	2.29797980e-01	6.73688928e-01	2.82407407e-01	6.81098904e-01
1.40600000e+02	1.80010893e-01	6.76298327e-01	1.99074074e-01	6.76298327e-01	2.28535354e-01	6.76347791e-01	2.80092593e-01	6.83648497e-01
1.40700000e+02	1.79738562e-01	6.78955290e-01	1.98412698e-01	6.78955290e-01	2.27272727e-01	6.79003764e-01	2.77777778e-01	6.86196526e-01
1.40800000e+02	1.79466231e-01	6.81609228e-01	1.97751323e-01	6.81609228e-01	2.26010101e-01	6.81656730e-01	2.75462963e-01	6.88742862e-01
1.40900000e+02	1.79193900e-01	6.84260022e-01	1.97089947e-01	6.84260022e-01	2.24747475e-01	6.84306571e-01	2.73148148e-01	6.91287373e-01
1.41000000e+02	1.78921569e-01	6.86907557e-01	1.96428571e-01	6.86907557e-01	2.23484848e-01	6.86953171e-01	2.70833333e-01	6.93829928e-01
1.41100000e+02	1.78649237e-01	6.89551715e-01	1.95767196e-01	6.89551715e-01	2.22222222e-01	6.89596410e-01	2.68518519e-01	6.96370397e-01
1.41200000e+02	1.78376906e-01	6.92192379e-01	1.95105820e-01	6.92192379e-01	2.20959596e-01	6.92236172e-01	2.66203704e-01	6.98908647e-01
1.41300000e+02	1.78104575e-01	6.94829429e-01	1.94444444e-01	6.94829429e-01	2.19696970e-01	6.94872339e-01	2.63888889e-01	7.01444547e-01
1.41400000e+02	1.77832244e-01	6.97462749e-01	1.93783069e-01	6.97462749e-01	2.18434343e-01	6.97504791e-01	2.61574074e-01	7.03977967e-01
1.41500000e+02	1.77559913e-01	7.00092220e-01	1.93121693e-01	7.00092220e-01	2.17171717e-01	7.00133410e-01	2.59259259e-01	7.06508774e-01
1.41600000e+02	1.77287582e-01	7.02717723e-01	1.92460317e-01	7.02717723e-01	2.15909091e-01	7.02758077e-01	2.56944444e-01	7.09036836e-01
1.41700000e+02	1.77015251e-01	7.05339139e-01	1.91798942e-01	7.05339139e-01	2.14646465e-01	7.05378673e-01	2.54629630e-01	7.11562022e-01
1.41800000e+02	1.76742919e-01	7.07956350e-01	1.91137566e-01	7.07956350e-01	2.13383838e-01	7.07995079e-01	2.52314815e-01	7.14084199e-01
1.41900000e+02	1.76470588e-01	7.10569236e-01	1.90476190e-01	7.10569236e-01	2.12121212e-01	7.10607176e-01	2.50000000e-01	7.16603236e-01
1.42000000e+02	1.76198257e-01	7.13177678e-01	1.89814815e-01	7.13177678e-01	2.10858586e-01	7.13214843e-01	2.47685185e-01	7.19119001e-01
1.42100000e+02	1.75925926e-01	7.15781557e-01	1.89153439e-01	7.15781557e-01	2.09595960e-01	7.15817962e-01	2.45370370e-01	7.21631361e-01
1.42200000e+02	1.75653595e-01	7.18380752e-01	1.88492063e-01	7.18380752e-01	2.08333333e-01	7.18416411e-01	2.43055556e-01	7.24140184e-01
1.42300000e+02	1.75381264e-01	7.20975144e-01	1.87830688e-01	7.20975144e-01	2.07070707e-01	7.21010071e-01	2.40740741e-01	7.26645339e-01
1.42400000e+02	1.75108932e-01	7.23564612e-01	1.87169312e-01	7.23564612e-01	2.05808081e-01	7.23598822e-01	2.38425926e-01	7.29146692e-01
1.42500000e+02	1.74836601e-01	7.26149037e-01	1.86507937e-01	7.26149037e-01	2.04545455e-01	7.26182542e-01	2.36111111e-01	7.31644111e-01
1.42600000e+02	1.74564270e-01	7.28728298e-01	1.85846561e-01	7.28728298e-01	2.03282828e-01	7.28761112e-01	2.33796296e-01	7.34137464e-01
1.42700000e+02	1.74291939e-01	7.31302276e-01	1.85185185e-01	7.31302276e-01	2.02020202e-01	7.31334412e-01	2.31481481e-01	7.36626620e-01
1.42800000e+02	1.74019608e-01	7.33870848e-01	1.84523810e-01	7.33870848e-01	2.00757576e-01	7.33902319e-01	2.29166667e-01	7.39111444e-01
1.42900000e+02	1.73747277e-01	7.36433895e-01	1.83862434e-01	7.36433895e-01	1.99494949e-01	7.36464714e-01	2.26851852e-01	7.41591806e-01
1.43000000e+02	1.73474946e-01	7.38991296e-01	1.83201058e-01	7.38991296e-01	1.98232323e-01	7.39021475e-01	2.24537037e-01	7.44067572e-01
1.43100000e+02	1.73202614e-01	7.41542931e-01	1.82539683e-01	7.41542931e-01	1.96969697e-01	7.41572481e-01	2.22222222e-01	7.46538611e-01
1.43200000e+02	1.72930283e-01	7.44088677e-01	1.81878307e-01	7.44088677e-01	1.95707071e-01	7.44117612e-01	2.19907407e-01	7.49004789e-01
1.43300000e+02	1.72657952e-01	7.46628415e-01	1.81216931e-01	7.46628415e-01	1.94444444e-01	7.46656745e-01	2.17592593e-01	7.51465976e-01
1.43400000e+02	1.72385621e-01	7.49162023e-01	1.80555556e-01	7.49162023e-01	1.93181818e-01	7.49189760e-01	2.15277778e-01	7.53922038e-01
1.43500000e+02	1.72113290e-01	7.51689380e-01	1.79894180e-01	7.51689380e-01	1.91919192e-01	7.51716536e-01	2.12962963e-01	7.56372844e-01
1.43600000e+02	1.71840959e-01	7.54210365e-01	1.79232804e-01	7.54210365e-01	1.90656566e-01	7.54236951e-01	2.10648148e-01	7.58818261e-01
1.43700000e+02	1.71568627e-01	7.56724858e-01	1.78571429e-01	7.56724858e-01	1.89393939e-01	7.56750884e-01	2.08333333e-01	7.61258158e-01
1.43800000e+02	1.71296296e-01	7.59232736e-01	1.77910053e-01	7.59232736e-01	1.88131313e-01	7.59258214e-01	2.06018519e-01	7.63692403e-01
1.43900000e+02	1.71023965e-01	7.61733879e-01	1.77248677e-01	7.61733879e-01	1.86868687e-01	7.61758818e-01	2.03703704e-01	7.66120863e-01
1.44000000e+02	1.70751634e-01	7.64228165e-01	1.76587302e-01	7.64228165e-01	1.85606061e-01	7.64252577e-01	2.01388889e-01	7.68543407e-01
1.44100000e+02	1.70479303e-01	7.66715474e-01	1.75925926e-01	7.66715474e-01	1.84343434e-01	7.66739368e-01	1.99074074e-01	7.70959904e-01
1.44200000e+02	1.70206972e-01	7.69195684e-01	1.75264550e-01	7.69195684e-01	1.83080808e-01	7.69219070e-01	1.96759259e-01	7.73370221e-01
1.44300000e+02	1.69934641e-01	7.71668674e-01	1.74603175e-01	7.71668674e-01	1.81818182e-01	7.71691562e-01	1.94444444e-01	7.75774228e-01
1.44400000e+02	1.69662309e-01	7.74134323e-01	1.73941799e-01	7.74134323e-01	1.80555556e-01	7.74156723e-01	1.92129630e-01	7.78171794e-01
1.44500000e+02	1.69389978e-01	7.76592510e-01	1.73280423e-01	7.76592510e-01	1.79292929e-01	7.76614431e-01	1.89814815e-01	7.80562787e-01
1.44600000e+02	1.69117647e-01	7.79043114e-01	1.72619048e-01	7.79043114e-01	1.78030303e-01	7.79064566e-01	1.87500000e-01	7.82947076e-01
1.44700000e+02	1.68845316e-01	7.81486015e-01	1.71957672e-01	7.81486015e-01	1.76767677e-01	7.81507006e-01	1.85185185e-01	7.85324531e-01
1.44800000e+02	1.68572985e-01	7.83921090e-01	1.71296296e-01	7.83921090e-01	1.75505051e-01	7.83941630e-01	1.82870370e-01	7.87695021e-01
1.44900000e+02	1.68300654e-01	7.86348221e-01	1.70634921e-01	7.86348221e-01	1.74242424e-01	7.86368317e-01	1.80555556e-01	7.90058416e-01
1.45000000e+02	1.68028322e-01	7.88767285e-01	1.69973545e-01	7.88767285e-01	1.72979798e-01	7.88786947e-01	1.78240741e-01	7.92414586e-01
1.45100000e+02	1.67755991e-01	7.91178163e-01	1.69312169e-01	7.91178163e-01	1.71717172e-01	7.91197399e-01	1.75925926e-01	7.94763400e-01
1.45200000e+02	1.67483660e-01	7.93580734e-01	1.68650794e-01	7.93580734e-01	1.70454545e-01	7.93599552e-01	1.73611111e-01	7.97104728e-01
1.45300000e+02	1.67211329e-01	7.95974878e-01	1.67989418e-01	7.95974878e-01	1.69191919e-01	7.95993286e-01	1.71296296e-01	7.99438442e-01
1.45400000e+02	1.66938998e-01	7.98360474e-01	1.67328042e-01	7.98360474e-01	1.67929293e-01	7.98378481e-01	1.68981481e-01	8.01764412e-01
1.45500000e+02	1.66666667e-01	8.00737403e-01	1.66666667e-01	8.00737403e-01	1.66666667e-01	8.00755016e-01	1.66666667e-01	8.04082508e-01
1.45600000e+02	1.66666667e-01	8.03105545e-01	1.66666667e-01	8.03105545e-01	1.66666667e-01	8.03122772e-01	1.66666667e-01	8.06392603e-01
1.45700000e+02	1.66666667e-01	8.05464779e-01	1.66666667e-01	8.05464779e-01	1.66666667e-01	8.05481628e-01	1.66666667e-01	8.08694566e-01
1.45800000e+02	1.66666667e-01	8.07814988e-01	1.66666667e-01	8.07814988e-01	1.66666667e-01	8.07831465e-01	1.66666667e-01	8.10988271e-01
1.45900000e+02	1.66666669e-01	8.10156050e-01	1.66666669e-01	8.10156050e-01	1.66666669e-01	8.10172164e-01	1.66666669e-01	8.13273589e-01
1.46000000e+02	1.66666673e-01	8.12487848e-01	1.66666673e-01	8.12487848e-01	1.66666673e-01	8.12503605e-01	1.66666673e-01	8.15550392e-01
1.46100000e+02	1.66666679e-01	8.14810262e-01	1.66666679e-01	8.14810262e-01	1.66666679e-01	8.14825670e-01	1.66666679e-01	8.17818553e-01
1.46200000e+02	1.66666690e-01	8.17123174e-01	1.66666690e-01	8.17123174e-01	1.66666690e-01	8.17138238e-01	1.66666690e-01	8.20077944e-01
1.46300000e+02	1.66666707e-01	8.19426464e-01	1.66666707e-01	8.19426464e-01	1.66666707e-01	8.19441193e-01	1.66666707e-01	8.22328440e-01
1.46400000e+02	1.66666731e-01	8.21720016e-01	1.66666731e-01	8.21720016e-01	1.66666731e-01	8.21734415e-01	1.66666731e-01	8.24569912e-01
1.46500000e+02	1.66666765e-01	8.24003710e-01	1.66666765e-01	8.24003710e-01	1.66666765e-01	8.24017786e-01	1.66666765e-01	8.26802236e-01
1.46600000e+02	1.66666810e-01	8.26277429e-01	1.66666810e-01	8.26277429e-01	1.66666810e-01	8.26291188e-01	1.66666810e-01	8.29025285e-01
1.46700000e+02	1.66666870e-01	8.28541056e-01	1.66666870e-01	8.28541056e-01	1.66666870e-01	8.28554505e-01	1.66666870e-01	8.31238934e-01
1.46800000e+02	1.66666947e-01	8.30794473e-01	1.66666947e-01	8.30794473e-01	1.66666947e-01	8.30807618e-01	1.66666947e-01	8.33443057e-01
1.46900000e+02	1.66667043e-01	8.33037564e-01	1.66667043e-01	8.33037564e-01	1.66667043e-01	8.33050410e-01	1.66667043e-01	8.35637531e-01
1.47000000e+02	1.66667163e-01	8.35270211e-01	1.66667163e-01	8.35270211e-01	1.66667163e-01	8.35282766e-01	1.66667163e-01	8.37822230e-01
1.47100000e+02	1.66667309e-01	8.37492300e-01	1.66667309e-01	8.37492300e-01	1.66667309e-01	8.37504567e-01	1.66667309e-01	8.39997031e-01
1.47200000e+02	1.66667485e-01	8.39703712e-01	1.66667485e-01	8.39703712e-01	1.66667485e-01	8.39715699e-01	1.66667485e-01	8.42161810e-01
1.47300000e+02	1.66667695e-01	8.41904334e-01	1.66667695e-01	8.41904334e-01	1.66667695e-01	8.41916046e-01	1.66667695e-01	8.44316443e-01
1.47400000e+02	1.66667944e-01	8.44094049e-01	1.66667944e-01	8.44094049e-01	1.66667944e-01	8.44105491e-01	1.66667944e-01	8.46460809e-01
1.47500000e+02	1.66668235e-01	8.46272743e-01	1.66668235e-01	8.46272743e-01	1.66668235e-01	8.46283920e-01	1.66668235e-01	8.48594784e-01
1.47600000e+02	1.66668573e-01	8.48440301e-01	1.66668573e-01	8.48440301e-01	1.66668573e-01	8.48451219e-01	1.66668573e-01	8.50718248e-01
1.47700000e+02	1.66668962e-01	8.50596608e-01	1.66668962e-01	8.50596608e-01	1.66668962e-01	8.50607272e-01	1.66668962e-01	8.52831078e-01
1.47800000e+02	1.66669409e-01	8.52741551e-01	1.66669409e-01	8.52741551e-01	1.66669409e-01	8.52751967e-01	1.66669409e-01	8.54933154e-01
1.47900000e+02	1.66669918e-01	8.54875017e-01	1.66669918e-01	8.54875017e-01	1.66669918e-01	8.54885188e-01	1.66669918e-01	8.57024354e-01
1.48000000e+02	1.66670495e-01	8.56996891e-01	1.66670495e-01	8.56996891e-01	1.66670495e-01	8.57006824e-01	1.66670495e-01	8.59104560e-01
1.48100000e+02	1.66671145e-01	8.59107063e-01	1.66671145e-01	8.59107063e-01	1.66671145e-01	8.59116761e-01	1.66671145e-01	8.61173651e-01
1.48200000e+02	1.66671875e-01	8.61205418e-01	1.66671875e-01	8.61205418e-01	1.66671875e-01	8.61214887e-01	1.66671875e-01	8.63231508e-01
1.48300000e+02	1.66672691e-01	8.63291846e-01	1.66672691e-01	8.63291846e-01	1.66672691e-01	8.63301090e-01	1.66672691e-01	8.65278013e-01
1.48400000e+02	1.66673598e-01	8.65366235e-01	1.66673598e-01	8.65366235e-01	1.66673598e-01	8.65375258e-01	1.66673598e-01	8.67313048e-01
1.48500000e+02	1.66674605e-01	8.67428473e-01	1.66674605e-01	8.67428473e-01	1.66674605e-01	8.67437281e-01	1.66674605e-01	8.69336495e-01
1.48600000e+02	1.66675718e-01	8.69478451e-01	1.66675718e-01	8.69478451e-01	1.66675718e-01	8.69487048e-01	1.66675718e-01	8.71348238e-01
1.48700000e+02	1.66676943e-01	8.71516059e-01	1.66676943e-01	8.71516059e-01	1.66676943e-01	8.71524448e-01	1.66676943e-01	8.73348159e-01
1.48800000e+02	1.66678289e-01	8.73541186e-01	1.66678289e-01	8.73541186e-01	1.66678289e-01	8.73549372e-01	1.66678289e-01	8.75336143e-01
1.48900000e+02	1.66679763e-01	8.75553724e-01	1.66679763e-01	8.75553724e-01	1.66679763e-01	8.75561711e-01	1.66679763e-01	8.77312075e-01
1.49000000e+02	1.66681373e-01	8.77553564e-01	1.66681373e-01	8.77553564e-01	1.66681373e-01	8.77561356e-01	1.66681373e-01	8.79275840e-01
1.49100000e+02	1.66683128e-01	8.79540598e-01	1.66683128e-01	8.79540598e-01	1.66683128e-01	8.79548199e-01	1.66683128e-01	8.81227324e-01
1.49200000e+02	1.66685034e-01	8.81514718e-01	1.66685034e-01	8.81514718e-01	1.66685034e-01	8.81522133e-01	1.66685034e-01	8.83166412e-01
1.49300000e+02	1.66687102e-01	8.83475818e-01	1.66687102e-01	8.83475818e-01	1.66687102e-01	8.83483049e-01	1.66687102e-01	8.85092993e-01
1.49400000e+02	1.66689339e-01	8.85423791e-01	1.66689339e-01	8.85423791e-01	1.66689339e-01	8.85430843e-01	1.66689339e-01	8.87006953e-01
1.49500000e+02	1.66691756e-01	8.87358530e-01	1.66691756e-01	8.87358530e-01	1.66691756e-01	8.87365406e-01	1.66691756e-01	8.88908181e-01
1.49600000e+02	1.66694360e-01	8.89279931e-01	1.66694360e-01	8.89279931e-01	1.66694360e-01	8.89286635e-01	1.66694360e-01	8.90796566e-01
1.49700000e+02	1.66697163e-01	8.91187889e-01	1.66697163e-01	8.91187889e-01	1.66697163e-01	8.91194424e-01	1.66697163e-01	8.92671997e-01
1.49800000e+02	1.66700172e-01	8.93082298e-01	1.66700172e-01	8.93082298e-01	1.66700172e-01	8.93088668e-01	1.66700172e-01	8.94534365e-01
1.49900000e+02	1.66703399e-01	8.94963056e-01	1.66703399e-01	8.94963056e-01	1.66703399e-01	8.94969264e-01	1.66703399e-01	8.96383559e-01
1.50000000e+02	1.66706854e-01	8.96830060e-01	1.66706854e-01	8.96830060e-01	1.66706854e-01	8.96836109e-01	1.66706854e-01	8.98219472e-01
1.50100000e+02	1.66710548e-01	8.98683206e-01	1.66710548e-01	8.98683206e-01	1.66710548e-01	8.98689100e-01	1.66710548e-01	9.00041996e-01
1.50200000e+02	1.66714489e-01	9.00522393e-01	1.66714489e-01	9.00522393e-01	1.66714489e-01	9.00528136e-01	1.66714489e-01	9.01851023e-01
1.50300000e+02	1.66718691e-01	9.02347520e-01	1.66718691e-01	9.02347520e-01	1.66718691e-01	9.02353114e-01	1.66718691e-01	9.03646447e-01
1.50400000e+02	1.66723164e-01	9.04158486e-01	1.66723164e-01	9.04158486e-01	1.66723164e-01	9.04163934e-01	1.66723164e-01	9.05428162e-01
1.50500000e+02	1.66727919e-01	9.05955191e-01	1.66727919e-01	9.05955191e-01	1.66727919e-01	9.05960496e-01	1.66727919e-01	9.07196063e-01
1.50600000e+02	1.66732968e-01	9.07737535e-01	1.66732968e-01	9.07737535e-01	1.66732968e-01	9.07742701e-01	1.66732968e-01	9.08950045e-01
1.50700000e+02	1.66738323e-01	9.09505421e-01	1.66738323e-01	9.09505421e-01	1.66738323e-01	9.09510449e-01	1.66738323e-01	9.10690005e-01
1.50800000e+02	1.66743997e-01	9.11258749e-01	1.66743997e-01	9.11258749e-01	1.66743997e-01	9.11263643e-01	1.66743997e-01	9.12415839e-01
1.50900000e+02	1.66750000e-01	9.12997422e-01	1.66750000e-01	9.12997422e-01	1.66750000e-01	9.13002185e-01	1.66750000e-01	9.14127446e-01
1.51000000e+02	1.66756346e-01	9.14721344e-01	1.66756346e-01	9.14721344e-01	1.66756346e-01	9.14725979e-01	1.66756346e-01	9.15824725e-01
1.51100000e+02	1.66763049e-01	9.16430418e-01	1.66763049e-01	9.16430418e-01	1.66763049e-01	9.16434928e-01	1.66763049e-01	9.17507573e-01
1.51200000e+02	1.66770120e-01	9.18124550e-01	1.66770120e-01	9.18124550e-01	1.66770120e-01	9.18128937e-01	1.66770120e-01	9.19175892e-01
1.51300000e+02	1.66777573e-01	9.19803644e-01	1.66777573e-01	9.19803644e-01	1.66777573e-01	9.19807911e-01	1.66777573e-01	9.20829581e-01
1.51400000e+02	1.66785422e-01	9.21467608e-01	1.66785422e-01	9.21467608e-01	1.66785422e-01	9.21471756e-01	1.66785422e-01	9.22468544e-01
1.51500000e+02	1.66793680e-01	9.23116346e-01	1.66793680e-01	9.23116346e-01	1.66793680e-01	9.23120379e-01	1.66793680e-01	9.24092681e-01
1.51600000e+02	1.66802361e-01	9.24749768e-01	1.66802361e-01	9.24749768e-01	1.66802361e-01	9.24753688e-01	1.66802361e-01	9.25701897e-01
1.51700000e+02	1.66811481e-01	9.26367782e-01	1.66811481e-01	9.26367782e-01	1.66811481e-01	9.26371591e-01	1.66811481e-01	9.27296095e-01
1.51800000e+02	1.66821052e-01	9.27970296e-01	1.66821052e-01	9.27970296e-01	1.66821052e-01	9.27973997e-01	1.66821052e-01	9.28875180e-01
1.51900000e+02	1.66831090e-01	9.29557220e-01	1.66831090e-01	9.29557220e-01	1.66831090e-01	9.29560816e-01	1.66831090e-01	9.30439058e-01
1.52000000e+02	1.66841610e-01	9.31128465e-01	1.66841610e-01	9.31128465e-01	1.66841610e-01	9.31131958e-01	1.66841610e-01	9.31987634e-01
1.52100000e+02	1.66852627e-01	9.32683943e-01	1.66852627e-01	9.32683943e-01	1.66852627e-01	9.32687334e-01	1.66852627e-01	9.33520817e-01
1.52200000e+02	1.66864156e-01	9.34223565e-01	1.66864156e-01	9.34223565e-01	1.66864156e-01	9.34226857e-01	1.66864156e-01	9.35038514e-01
1.52300000e+02	1.66876213e-01	9.35747245e-01	1.66876213e-01	9.35747245e-01	1.66876213e-01	9.35750440e-01	1.66876213e-01	9.36540635e-01
1.52400000e+02	1.66888813e-01	9.37254896e-01	1.66888813e-01	9.37254896e-01	1.66888813e-01	9.37257996e-01	1.66888813e-01	9.38027089e-01
1.52500000e+02	1.66901974e-01	9.38746432e-01	1.66901974e-01	9.38746432e-01	1.66901974e-01	9.38749439e-01	1.66901974e-01	9.39497787e-01
1.52600000e+02	1.66915711e-01	9.40221770e-01	1.66915711e-01	9.40221770e-01	1.66915711e-01	9.40224686e-01	1.66915711e-01	9.40952640e-01
1.52700000e+02	1.66930041e-01	9.41680825e-01	1.66930041e-01	9.41680825e-01	1.66930041e-01	9.41683653e-01	1.66930041e-01	9.42391561e-01
1.52800000e+02	1.66944981e-01	9.43123514e-01	1.66944981e-01	9.43123514e-01	1.66944981e-01	9.43126256e-01	1.66944981e-01	9.43814464e-01
1.52900000e+02	1.66960547e-01	9.44549756e-01	1.66960547e-01	9.44549756e-01	1.66960547e-01	9.44552412e-01	1.66960547e-01	9.45221262e-01
1.53000000e+02	1.66976757e-01	9.45959469e-01	1.66976757e-01	9.45959469e-01	1.66976757e-01	9.45962042e-01	1.66976757e-01	9.46611871e-01
1.53100000e+02	1.66993629e-01	9.47352572e-01	1.66993629e-01	9.47352572e-01	1.66993629e-01	9.47355065e-01	1.66993629e-01	9.47986207e-01
1.53200000e+02	1.67011180e-01	9.48728987e-01	1.67011180e-01	9.48728987e-01	1.67011180e-01	9.48731400e-01	1.67011180e-01	9.49344187e-01
1.53300000e+02	1.67029429e-01	9.50088634e-01	1.67029429e-01	9.50088634e-01	1.67029429e-01	9.50090969e-01	1.67029429e-01	9.50685729e-01
1.53400000e+02	1.67048393e-01	9.51431435e-01	1.67048393e-01	9.51431435e-01	1.67048393e-01	9.51433695e-01	1.67048393e-01	9.52010751e-01
1.53500000e+02	1.67068091e-01	9.52757315e-01	1.67068091e-01	9.52757315e-01	1.67068091e-01	9.52759501e-01	1.67068091e-01	9.53319174e-01
1.53600000e+02	1.67088542e-01	9.54066196e-01	1.67088542e-01	9.54066196e-01	1.67088542e-01	9.54068309e-01	1.67088542e-01	9.54610918e-01
1.53700000e+02	1.67109764e-01	9.55358004e-01	1.67109764e-01	9.55358004e-01	1.67109764e-01	9.55360047e-01	1.67109764e-01	9.55885905e-01
1.53800000e+02	1.67131777e-01	9.56632664e-01	1.67131777e-01	9.56632664e-01	1.67131777e-01	9.56634638e-01	1.67131777e-01	9.57144057e-01
1.53900000e+02	1.67154600e-01	9.57890103e-01	1.67154600e-01	9.57890103e-01	1.67154600e-01	9.57892010e-01	1.67154600e-01	9.58385299e-01
1.54000000e+02	1.67178254e-01	9.59130250e-01	1.67178254e-01	9.59130250e-01	1.67178254e-01	9.59132090e-01	1.67178254e-01	9.59609555e-01
1.54100000e+02	1.67202756e-01	9.60353031e-01	1.67202756e-01	9.60353031e-01	1.67202756e-01	9.60354808e-01	1.67202756e-01	9.60816750e-01
1.54200000e+02	1.67228129e-01	9.61558378e-01	1.67228129e-01	9.61558378e-01	1.67228129e-01	9.61560092e-01	1.67228129e-01	9.62006811e-01
1.54300000e+02	1.67254392e-01	9.62746220e-01	1.67254392e-01	9.62746220e-01	1.67254392e-01	9.62747873e-01	1.67254392e-01	9.63179666e-01
1.54400000e+02	1.67281566e-01	9.63916489e-01	1.67281566e-01	9.63916489e-01	1.67281566e-01	9.63918082e-01	1.67281566e-01	9.64335243e-01
1.54500000e+02	1.67309671e-01	9.65069118e-01	1.67309671e-01	9.65069118e-01	1.67309671e-01	9.65070652e-01	1.67309671e-01	9.65473473e-01
1.54600000e+02	1.67338729e-01	9.66204039e-01	1.67338729e-01	9.66204039e-01	1.67338729e-01	9.66205516e-01	1.67338729e-01	9.66594285e-01
1.54700000e+02	1.67368760e-01	9.67321186e-01	1.67368760e-01	9.67321186e-01	1.67368760e-01	9.67322608e-01	1.67368760e-01	9.67697611e-01
1.54800000e+02	1.67399787e-01	9.68420496e-01	1.67399787e-01	9.68420496e-01	1.67399787e-01	9.68421864e-01	1.67399787e-01	9.68783383e-01
1.54900000e+02	1.67431832e-01	9.69501905e-01	1.67431832e-01	9.69501905e-01	1.67431832e-01	9.69503219e-01	1.67431832e-01	9.69851537e-01
1.55000000e+02	1.67464915e-01	9.70565349e-01	1.67464915e-01	9.70565349e-01	1.67464915e-01	9.70566612e-01	1.67464915e-01	9.70902006e-01
1.55100000e+02	1.67499060e-01	9.71610767e-01	1.67499060e-01	9.71610767e-01	1.67499060e-01	9.71611980e-01	1.67499060e-01	9.71934725e-01
1.55200000e+02	1.67534289e-01	9.72638099e-01	1.67534289e-01	9.72638099e-01	1.67534289e-01	9.72639262e-01	1.67534289e-01	9.72949633e-01
1.55300000e+02	1.67570624e-01	9.73647284e-01	1.67570624e-01	9.73647284e-01	1.67570624e-01	9.73648400e-01	1.67570624e-01	9.73946667e-01
1.55400000e+02	1.67608089e-01	9.74638263e-01	1.67608089e-01	9.74638263e-01	1.67608089e-01	9.74639333e-01	1.67608089e-01	9.74925765e-01
1.55500000e+02	1.67646706e-01	9.75610980e-01	1.67646706e-01	9.75610980e-01	1.67646706e-01	9.75612004e-01	1.67646706e-01	9.75886869e-01
1.55600000e+02	1.67686500e-01	9.76565377e-01	1.67686500e-01	9.76565377e-01	1.67686500e-01	9.76566358e-01	1.67686500e-01	9.76829918e-01
1.55700000e+02	1.67727493e-01	9.77501399e-01	1.67727493e-01	9.77501399e-01	1.67727493e-01	9.77502337e-01	1.67727493e-01	9.77754856e-01
1.55800000e+02	1.67769710e-01	9.78418992e-01	1.67769710e-01	9.78418992e-01	1.67769710e-01	9.78419887e-01	1.67769710e-01	9.78661625e-01
1.55900000e+02	1.67813175e-01	9.79318100e-01	1.67813175e-01	9.79318100e-01	1.67813175e-01	9.79318956e-01	1.67813175e-01	9.79550169e-01
1.56000000e+02	1.67857911e-01	9.80198673e-01	1.67857911e-01	9.80198673e-01	1.67857911e-01	9.80199489e-01	1.67857911e-01	9.80420435e-01
1.56100000e+02	1.67903944e-01	9.81060659e-01	1.67903944e-01	9.81060659e-01	1.67903944e-01	9.81061436e-01	1.67903944e-01	9.81272369e-01
1.56200000e+02	1.67951299e-01	9.81904007e-01	1.67951299e-01	9.81904007e-01	1.67951299e-01	9.81904747e-01	1.67951299e-01	9.82105918e-01
1.56300000e+02	1.68000000e-01	9.82728667e-01	1.68000000e-01	9.82728667e-01	1.68000000e-01	9.82729371e-01	1.68000000e-01	9.82921031e-01
1.56400000e+02	1.68050073e-01	9.83534592e-01	1.68050073e-01	9.83534592e-01	1.68050073e-01	9.83535261e-01	1.68050073e-01	9.83717659e-01
1.56500000e+02	1.68101543e-01	9.84321735e-01	1.68101543e-01	9.84321735e-01	1.68101543e-01	9.84322369e-01	1.68101543e-01	9.84495751e-01
1.56600000e+02	1.68154436e-01	9.85090048e-01	1.68154436e-01	9.85090048e-01	1.68154436e-01	9.85090650e-01	1.68154436e-01	9.85255260e-01
1.56700000e+02	1.68208778e-01	9.85839488e-01	1.68208778e-01	9.85839488e-01	1.68208778e-01	9.85840058e-01	1.68208778e-01	9.85996140e-01
1.56800000e+02	1.68264596e-01	9.86570010e-01	1.68264596e-01	9.86570010e-01	1.68264596e-01	9.86570549e-01	1.68264596e-01	9.86718345e-01
1.56900000e+02	1.68321915e-01	9.87281572e-01	1.68321915e-01	9.87281572e-01	1.68321915e-01	9.87282080e-01	1.68321915e-01	9.87421830e-01
1.57000000e+02	1.68380762e-01	9.87974130e-01	1.68380762e-01	9.87974130e-01	1.68380762e-01	9.87974610e-01	1.68380762e-01	9.88106551e-01
1.57100000e+02	1.68441165e-01	9.88647646e-01	1.68441165e-01	9.88647646e-01	1.68441165e-01	9.88648097e-01	1.68441165e-01	9.88772467e-01
1.57200000e+02	1.68503151e-01	9.89302079e-01	1.68503151e-01	9.89302079e-01	1.68503151e-01	9.89302503e-01	1.68503151e-01	9.89419537e-01
1.57300000e+02	1.68566746e-01	9.89937390e-01	1.68566746e-01	9.89937390e-01	1.68566746e-01	9.89937788e-01	1.68566746e-01	9.90047721e-01
1.57400000e+02	1.68631979e-01	9.90553543e-01	1.68631979e-01	9.90553543e-01	1.68631979e-01	9.90553915e-01	1.68631979e-01	9.90656979e-01
1.57500000e+02	1.68698877e-01	9.91150500e-01	1.68698877e-01	9.91150500e-01	1.68698877e-01	9.91150849e-01	1.68698877e-01	9.91247275e-01
1.57600000e+02	1.68767469e-01	9.91728228e-01	1.68767469e-01	9.91728228e-01	1.68767469e-01	9.91728553e-01	1.68767469e-01	9.91818571e-01
1.57700000e+02	1.68837783e-01	9.92286692e-01	1.68837783e-01	9.92286692e-01	1.68837783e-01	9.92286993e-01	1.68837783e-01	9.92370833e-01
1.57800000e+02	1.68909847e-01	9.92825858e-01	1.68909847e-01	9.92825858e-01	1.68909847e-01	9.92826138e-01	1.68909847e-01	9.92904026e-01
1.57900000e+02	1.68983690e-01	9.93345695e-01	1.68983690e-01	9.93345695e-01	1.68983690e-01	9.93345955e-01	1.68983690e-01	9.93418118e-01
1.58000000e+02	1.69059342e-01	9.93846173e-01	1.69059342e-01	9.93846173e-01	1.69059342e-01	9.93846413e-01	1.69059342e-01	9.93913076e-01
1.58100000e+02	1.69136831e-01	9.94327262e-01	1.69136831e-01	9.94327262e-01	1.69136831e-01	9.94327482e-01	1.69136831e-01	9.94388870e-01
1.58200000e+02	1.69216188e-01	9.94788934e-01	1.69216188e-01	9.94788934e-01	1.69216188e-01	9.94789135e-01	1.69216188e-01	9.94845471e-01
1.58300000e+02	1.69297441e-01	9.95231160e-01	1.69297441e-01	9.95231160e-01	1.69297441e-01	9.95231345e-01	1.69297441e-01	9.95282850e-01
1.58400000e+02	1.69380621e-01	9.95653916e-01	1.69380621e-01	9.95653916e-01	1.69380621e-01	9.95654084e-01	1.69380621e-01	9.95700981e-01
1.58500000e+02	1.69465758e-01	9.96057176e-01	1.69465758e-01	9.96057176e-01	1.69465758e-01	9.96057328e-01	1.69465758e-01	9.96099836e-01
1.58600000e+02	1.69552883e-01	9.96440917e-01	1.69552883e-01	9.96440917e-01	1.69552883e-01	9.96441053e-01	1.69552883e-01	9.96479393e-01
1.58700000e+02	1.69642026e-01	9.96805115e-01	1.69642026e-01	9.96805115e-01	1.69642026e-01	9.96805237e-01	1.69642026e-01	9.96839626e-01
1.58800000e+02	1.69733218e-01	9.97149749e-01	1.69733218e-01	9.97149749e-01	1.69733218e-01	9.97149858e-01	1.69733218e-01	9.97180515e-01
1.58900000e+02	1.69826491e-01	9.97474799e-01	1.69826491e-01	9.97474799e-01	1.69826491e-01	9.97474895e-01	1.69826491e-01	9.97502037e-01
1.59000000e+02	1.69921875e-01	9.97780245e-01	1.69921875e-01	9.97780245e-01	1.69921875e-01	9.97780330e-01	1.69921875e-01	9.97804173e-01
1.59100000e+02	1.70019403e-01	9.98066070e-01	1.70019403e-01	9.98066070e-01	1.70019403e-01	9.98066144e-01	1.70019403e-01	9.98086904e-01
1.59200000e+02	1.70119105e-01	9.98332256e-01	1.70119105e-01	9.98332256e-01	1.70119105e-01	9.98332320e-01	1.70119105e-01	9.98350212e-01
1.59300000e+02	1.70221016e-01	9.98578789e-01	1.70221016e-01	9.98578789e-01	1.70221016e-01	9.98578843e-01	1.70221016e-01	9.98594082e-01
1.59400000e+02	1.70325165e-01	9.98805652e-01	1.70325165e-01	9.98805652e-01	1.70325165e-01	9.98805698e-01	1.70325165e-01	9.98818498e-01
1.59500000e+02	1.70431588e-01	9.99012833e-01	1.70431588e-01	9.99012833e-01	1.70431588e-01	9.99012871e-01	1.70431588e-01	9.99023446e-01
1.59600000e+02	1.70540315e-01	9.99200320e-01	1.70540315e-01	9.99200320e-01	1.70540315e-01	9.99200350e-01	1.70540315e-01	9.99208913e-01
1.59700000e+02	1.70651380e-01	9.99368101e-01	1.70651380e-01	9.99368101e-01	1.70651380e-01	9.99368125e-01	1.70651380e-01	9.99374889e-01
1.59800000e+02	1.70764817e-01	9.99516166e-01	1.70764817e-01	9.99516166e-01	1.70764817e-01	9.99516185e-01	1.70764817e-01	9.99521362e-01
1.59900000e+02	1.70880658e-01	9.99644508e-01	1.70880658e-01	9.99644508e-01	1.70880658e-01	9.99644521e-01	1.70880658e-01	9.99648324e-01
1.60000000e+02	1.70998939e-01	9.99753117e-01	1.70998939e-01	9.99753117e-01	1.70998939e-01	9.99753126e-01	1.70998939e-01	9.99755767e-01
1.60100000e+02	1.71119692e-01	9.99841988e-01	1.71119692e-01	9.99841988e-01	1.71119692e-01	9.99841994e-01	1.71119692e-01	9.99843683e-01
1.60200000e+02	1.71242952e-01	9.99911115e-01	1.71242952e-01	9.99911115e-01	1.71242952e-01	9.99911118e-01	1.71242952e-01	9.99912069e-01
1.60300000e+02	1.71368753e-01	9.99960495e-01	1.71368753e-01	9.99960495e-01	1.71368753e-01	9.99960496e-01	1.71368753e-01	9.99960918e-01
1.60400000e+02	1.71497130e-01	9.99990124e-01	1.71497130e-01	9.99990124e-01	1.71497130e-01	9.99990124e-01	1.71497130e-01	9.99990229e-01
1.60500000e+02	1.71628118e-01	1.00000000e+00	1.71628118e-01	1.00000000e+00	1.71628118e-01	1.00000000e+00	1.71628118e-01	1.00000000e+00
1.60600000e+02	1.71761752e-01	9.99990124e-01	1.71761752e-01	9.99990124e-01	1.71761752e-01	9.99990124e-01	1.71761752e-01	9.99990229e-01
1.60700000e+02	1.71898068e-01	9.99960495e-01	1.71898068e-01	9.99960495e-01	1.71898068e-01	9.99960496e-01	1.71898068e-01	9.99960918e-01
1.60800000e+02	1.72037101e-01	9.99911115e-01	1.72037101e-01	9.99911115e-01	1.72037101e-01	9.99911118e-01	1.72037101e-01	9.99912069e-01
1.60900000e+02	1.72178887e-01	9.99841988e-01	1.72178887e-01	9.99841988e-01	1.72178887e-01	9.99841994e-01	1.72178887e-01	9.99843683e-01
1.61000000e+02	1.72323463e-01	9.99753117e-01	1.72323463e-01	9.99753117e-01	1.72323463e-01	9.99753126e-01	1.72323463e-01	9.99755767e-01
1.61100000e+02	1.72470863e-01	9.99644508e-01	1.72470863e-01	9.99644508e-01	1.72470863e-01	9.99644521e-01	1.72470863e-01	9.99648324e-01
1.61200000e+02	1.72621126e-01	9.99516166e-01	1.72621126e-01	9.99516166e-01	1.72621126e-01	9.99516185e-01	1.72621126e-01	9.99521362e-01
1.61300000e+02	1.72774287e-01	9.99368101e-01	1.72774287e-01	9.99368101e-01	1.72774287e-01	9.99368125e-01	1.72774287e-01	9.99374889e-01
1.61400000e+02	1.72930385e-01	9.99200320e-01	1.72930385e-01	9.99200320e-01	1.72930385e-01	9.99200350e-01	1.72930385e-01	9.99208913e-01
1.61500000e+02	1.73089456e-01	9.99012833e-01	1.73089456e-01	9.99012833e-01	1.73089456e-01	9.99012871e-01	1.73089456e-01	9.99023446e-01
1.61600000e+02	1.73251537e-01	9.98805652e-01	1.73251537e-01	9.98805652e-01	1.73251537e-01	9.98805698e-01	1.73251537e-01	9.98818498e-01
1.61700000e+02	1.73416667e-01	9.98578789e-01	1.73416667e-01	9.98578789e-01	1.73416667e-01	9.98578843e-01	1.73416667e-01	9.98594082e-01
1.61800000e+02	1.73584883e-01	9.98332256e-01	1.73584883e-01	9.98332256e-01	1.73584883e-01	9.98332320e-01	1.73584883e-01	9.98350212e-01
1.61900000e+02	1.73756224e-01	9.98066070e-01	1.73756224e-01	9.98066070e-01	1.73756224e-01	9.98066144e-01	1.73756224e-01	9.98086904e-01
1.62000000e+02	1.73930728e-01	9.97780245e-01	1.73930728e-01	9.97780245e-01	1.73930728e-01	9.97780330e-01	1.73930728e-01	9.97804173e-01
1.62100000e+02	1.74108434e-01	9.97474799e-01	1.74108434e-01	9.97474799e-01	1.74108434e-01	9.97474895e-01	1.74108434e-01	9.97502037e-01
1.62200000e+02	1.74289380e-01	9.97149749e-01	1.74289380e-01	9.97149749e-01	1.74289380e-01	9.97149858e-01	1.74289380e-01	9.97180515e-01
1.62300000e+02	1.74473607e-01	9.96805115e-01	1.74473607e-01	9.96805115e-01	1.74473607e-01	9.96805237e-01	1.74473607e-01	9.96839626e-01
1.62400000e+02	1.74661152e-01	9.96440917e-01	1.74661152e-01	9.96440917e-01	1.74661152e-01	9.96441053e-01	1.74661152e-01	9.96479393e-01
1.62500000e+02	1.74852057e-01	9.96057176e-01	1.74852057e-01	9.96057176e-01	1.74852057e-01	9.96057328e-01	1.74852057e-01	9.96099836e-01
1.62600000e+02	1.75046361e-01	9.95653916e-01	1.75046361e-01	9.95653916e-01	1.75046361e-01	9.95654084e-01	1.75046361e-01	9.95700981e-01
1.62700000e+02	1.75244103e-01	9.95231160e-01	1.75244103e-01	9.95231160e-01	1.75244103e-01	9.95231345e-01	1.75244103e-01	9.95282850e-01
1.62800000e+02	1.75445325e-01	9.94788934e-01	1.75445325e-01	9.94788934e-01	1.75445325e-01	9.94789135e-01	1.75445325e-01	9.94845471e-01
1.62900000e+02	1.75650066e-01	9.94327262e-01	1.75650066e-01	9.94327262e-01	1.75650066e-01	9.94327482e-01	1.75650066e-01	9.94388870e-01
1.63000000e+02	1.75858368e-01	9.93846173e-01	1.75858368e-01	9.93846173e-01	1.75858368e-01	9.93846413e-01	1.75858368e-01	9.93913076e-01
1.63100000e+02	1.76070272e-01	9.93345695e-01	1.76070272e-01	9.93345695e-01	1.76070272e-01	9.93345955e-01	1.76070272e-01	9.93418118e-01
1.63200000e+02	1.76285819e-01	9.92825858e-01	1.76285819e-01	9.92825858e-01	1.76285819e-01	9.92826138e-01	1.76285819e-01	9.92904026e-01
1.63300000e+02	1.76505050e-01	9.92286692e-01	1.76505050e-01	9.92286692e-01	1.76505050e-01	9.92286993e-01	1.76505050e-01	9.92370833e-01
1.63400000e+02	1.76728007e-01	9.91728228e-01	1.76728007e-01	9.91728228e-01	1.76728007e-01	9.91728553e-01	1.76728007e-01	9.91818571e-01
1.63500000e+02	1.76954733e-01	9.91150500e-01	1.76954733e-01	9.91150500e-01	1.76954733e-01	9.91150849e-01	1.76954733e-01	9.91247275e-01
1.63600000e+02	1.77185268e-01	9.90553543e-01	1.77185268e-01	9.90553543e-01	1.77185268e-01	9.90553915e-01	1.77185268e-01	9.90656979e-01
1.63700000e+02	1.77419657e-01	9.89937390e-01	1.77419657e-01	9.89937390e-01	1.77419657e-01	9.89937788e-01	1.77419657e-01	9.90047721e-01
1.63800000e+02	1.77657942e-01	9.89302079e-01	1.77657942e-01	9.89302079e-01	1.77657942e-01	9.89302503e-01	1.77657942e-01	9.89419537e-01
1.63900000e+02	1.77900165e-01	9.88647646e-01	1.77900165e-01	9.88647646e-01	1.77900165e-01	9.88648097e-01	1.77900165e-01	9.88772467e-01
1.64000000e+02	1.78146369e-01	9.87974130e-01	1.78146369e-01	9.87974130e-01	1.78146369e-01	9.87974610e-01	1.78146369e-01	9.88106551e-01
1.64100000e+02	1.78396599e-01	9.87281572e-01	1.78396599e-01	9.87281572e-01	1.78396599e-01	9.87282080e-01	1.78396599e-01	9.87421830e-01
1.64200000e+02	1.78650897e-01	9.86570010e-01	1.78650897e-01	9.86570010e-01	1.78650897e-01	9.86570549e-01	1.78650897e-01	9.86718345e-01
1.64300000e+02	1.78909308e-01	9.85839488e-01	1.78909308e-01	9.85839488e-01	1.78909308e-01	9.85840058e-01	1.78909308e-01	9.85996140e-01
1.64400000e+02	1.79171875e-01	9.85090048e-01	1.79171875e-01	9.85090048e-01	1.79171875e-01	9.85090650e-01	1.79171875e-01	9.85255260e-01
1.64500000e+02	1.79438643e-01	9.84321735e-01	1.79438643e-01	9.84321735e-01	1.79438643e-01	9.84322369e-01	1.79438643e-01	9.84495751e-01
1.64600000e+02	1.79709657e-01	9.83534592e-01	1.79709657e-01	9.83534592e-01	1.79709657e-01	9.83535261e-01	1.79709657e-01	9.83717659e-01
1.64700000e+02	1.79984962e-01	9.82728667e-01	1.79984962e-01	9.82728667e-01	1.79984962e-01	9.82729371e-01	1.79984962e-01	9.82921031e-01
1.64800000e+02	1.80264601e-01	9.81904007e-01	1.80264601e-01	9.81904007e-01	1.80264601e-01	9.81904747e-01	1.80264601e-01	9.82105918e-01
1.64900000e+02	1.80548622e-01	9.81060659e-01	1.80548622e-01	9.81060659e-01	1.80548622e-01	9.81061436e-01	1.80548622e-01	9.81272369e-01
1.65000000e+02	1.80837068e-01	9.80198673e-01	1.80837068e-01	9.80198673e-01	1.80837068e-01	9.80199489e-01	1.80837068e-01	9.80420435e-01
1.65100000e+02	1.81129987e-01	9.79318100e-01	1.81129987e-01	9.79318100e-01	1.81129987e-01	9.79318956e-01	1.81129987e-01	9.79550169e-01
1.65200000e+02	1.81427423e-01	9.78418992e-01	1.81427423e-01	9.78418992e-01	1.81427423e-01	9.78419887e-01	1.81427423e-01	9.78661625e-01
1.65300000e+02	1.81729424e-01	9.77501399e-01	1.81729424e-01	9.77501399e-01	1.81729424e-01	9.77502337e-01	1.81729424e-01	9.77754856e-01
1.65400000e+02	1.82036035e-01	9.76565377e-01	1.82036035e-01	9.76565377e-01	1.82036035e-01	9.76566358e-01	1.82036035e-01	9.76829918e-01
1.65500000e+02	1.82347304e-01	9.75610980e-01	1.82347304e-01	9.75610980e-01	1.82347304e-01	9.75612004e-01	1.82347304e-01	9.75886869e-01
1.65600000e+02	1.82663276e-01	9.74638263e-01	1.82663276e-01	9.74638263e-01	1.82663276e-01	9.74639333e-01	1.82663276e-01	9.74925765e-01
1.65700000e+02	1.82984000e-01	9.73647284e-01	1.82984000e-01	9.73647284e-01	1.82984000e-01	9.73648400e-01	1.82984000e-01	9.73946667e-01
1.65800000e+02	1.83309523e-01	9.72638099e-01	1.83309523e-01	9.72638099e-01	1.83309523e-01	9.72639262e-01	1.83309523e-01	9.72949633e-01
1.65900000e+02	1.83639892e-01	9.71610767e-01	1.83639892e-01	9.71610767e-01	1.83639892e-01	9.71611980e-01	1.83639892e-01	9.71934725e-01
1.66000000e+02	1.83975156e-01	9.70565349e-01	1.83975156e-01	9.70565349e-01	1.83975156e-01	9.70566612e-01	1.83975156e-01	9.70902006e-01
1.66100000e+02	1.84315362e-01	9.69501905e-01	1.84315362e-01	9.69501905e-01	1.84315362e-01	9.69503219e-01	1.84315362e-01	9.69851537e-01
1.66200000e+02	1.84660558e-01	9.68420496e-01	1.84660558e-01	9.68420496e-01	1.84660558e-01	9.68421864e-01	1.84660558e-01	9.68783383e-01
1.66300000e+02	1.85010794e-01	9.67321186e-01	1.85010794e-01	9.67321186e-01	1.85010794e-01	9.67322608e-01	1.85010794e-01	9.67697611e-01
1.66400000e+02	1.85366118e-01	9.66204039e-01	1.85366118e-01	9.66204039e-01	1.85366118e-01	9.66205516e-01	1.85366118e-01	9.66594285e-01
1.66500000e+02	1.85726579e-01	9.65069118e-01	1.85726579e-01	9.65069118e-01	1.85726579e-01	9.65070652e-01	1.85726579e-01	9.65473473e-01
1.66600000e+02	1.86092226e-01	9.63916489e-01	1.86092226e-01	9.63916489e-01	1.86092226e-01	9.63918082e-01	1.86092226e-01	9.64335243e-01
1.66700000e+02	1.86463109e-01	9.62746220e-01	1.86463109e-01	9.62746220e-01	1.86463109e-01	9.62747873e-01	1.86463109e-01	9.63179666e-01
1.66800000e+02	1.86839278e-01	9.61558378e-01	1.86839278e-01	9.61558378e-01	1.86839278e-01	9.61560092e-01	1.86839278e-01	9.62006811e-01
1.66900000e+02	1.87220783e-01	9.60353031e-01	1.87220783e-01	9.60353031e-01	1.87220783e-01	9.60354808e-01	1.87220783e-01	9.60816750e-01
1.67000000e+02	1.87607673e-01	9.59130250e-01	1.87607673e-01	9.59130250e-01	1.87607673e-01	9.59132090e-01	1.87607673e-01	9.59609555e-01
1.67100000e+02	1.88000000e-01	9.57890103e-01	1.88000000e-01	9.57890103e-01	1.88000000e-01	9.57892010e-01	1.88000000e-01	9.58385299e-01
1.67200000e+02	1.88397814e-01	9.56632664e-01	1.88397814e-01	9.56632664e-01	1.88397814e-01	9.56634638e-01	1.88397814e-01	9.57144057e-01
1.67300000e+02	1.88801165e-01	9.55358004e-01	1.88801165e-01	9.55358004e-01	1.88801165e-01	9.55360047e-01	1.88801165e-01	9.55885905e-01
1.67400000e+02	1.89210106e-01	9.54066196e-01	1.89210106e-01	9.54066196e-01	1.89210106e-01	9.54068309e-01	1.89210106e-01	9.54610918e-01
1.67500000e+02	1.89624687e-01	9.52757315e-01	1.89624687e-01	9.52757315e-01	1.89624687e-01	9.52759501e-01	1.89624687e-01	9.53319174e-01
1.67600000e+02	1.90044960e-01	9.51431435e-01	1.90044960e-01	9.51431435e-01	1.90044960e-01	9.51433695e-01	1.90044960e-01	9.52010751e-01
1.67700000e+02	1.90470977e-01	9.50088634e-01	1.90470977e-01	9.50088634e-01	1.90470977e-01	9.50090969e-01	1.90470977e-01	9.50685729e-01
1.67800000e+02	1.90902791e-01	9.48728987e-01	1.90902791e-01	9.48728987e-01	1.90902791e-01	9.48731400e-01	1.90902791e-01	9.49344187e-01
1.67900000e+02	1.91340452e-01	9.47352572e-01	1.91340452e-01	9.47352572e-01	1.91340452e-01	9.47355065e-01	1.91340452e-01	9.47986207e-01
1.68000000e+02	1.91784015e-01	9.45959469e-01	1.91784015e-01	9.45959469e-01	1.91784015e-01	9.45962042e-01	1.91784015e-01	9.46611871e-01
1.68100000e+02	1.92233531e-01	9.44549756e-01	1.92233531e-01	9.44549756e-01	1.92233531e-01	9.44552412e-01	1.92233531e-01	9.45221262e-01
1.68200000e+02	1.92689054e-01	9.43123514e-01	1.92689054e-01	9.43123514e-01	1.92689054e-01	9.43126256e-01	1.92689054e-01	9.43814464e-01
1.68300000e+02	1.93150638e-01	9.41680825e-01	1.93150638e-01	9.41680825e-01	1.93150638e-01	9.41683653e-01	1.93150638e-01	9.42391561e-01
1.68400000e+02	1.93618334e-01	9.40221770e-01	1.93618334e-01	9.40221770e-01	1.93618334e-01	9.40224686e-01	1.93618334e-01	9.40952640e-01
1.68500000e+02	1.94092199e-01	9.38746432e-01	1.94092199e-01	9.38746432e-01	1.94092199e-01	9.38749439e-01	1.94092199e-01	9.39497787e-01
1.68600000e+02	1.94572284e-01	9.37254896e-01	1.94572284e-01	9.37254896e-01	1.94572284e-01	9.37257996e-01	1.94572284e-01	9.38027089e-01
1.68700000e+02	1.95058645e-01	9.35747245e-01	1.95058645e-01	9.35747245e-01	1.95058645e-01	9.35750440e-01	1.95058645e-01	9.36540635e-01
1.68800000e+02	1.95551336e-01	9.34223565e-01	1.95551336e-01	9.34223565e-01	1.95551336e-01	9.34226857e-01	1.95551336e-01	9.35038514e-01
1.68900000e+02	1.96050412e-01	9.32683943e-01	1.96050412e-01	9.32683943e-01	1.96050412e-01	9.32687334e-01	1.96050412e-01	9.33520817e-01
1.69000000e+02	1.96555927e-01	9.31128465e-01	1.96555927e-01	9.31128465e-01	1.96555927e-01	9.31131958e-01	1.96555927e-01	9.31987634e-01
1.69100000e+02	1.97067937e-01	9.29557220e-01	1.97067937e-01	9.29557220e-01	1.97067937e-01	9.29560816e-01	1.97067937e-01	9.30439058e-01
1.69200000e+02	1.97586497e-01	9.27970296e-01	1.97586497e-01	9.27970296e-01	1.97586497e-01	9.27973997e-01	1.97586497e-01	9.28875180e-01
1.69300000e+02	1.98111663e-01	9.26367782e-01	1.98111663e-01	9.26367782e-01	1.98111663e-01	9.26371591e-01	1.98111663e-01	9.27296095e-01
1.69400000e+02	1.98643490e-01	9.24749768e-01	1.98643490e-01	9.24749768e-01	1.98643490e-01	9.24753688e-01	1.98643490e-01	9.25701897e-01
1.69500000e+02	1.99182035e-01	9.23116346e-01	1.99182035e-01	9.23116346e-01	1.99182035e-01	9.23120379e-01	1.99182035e-01	9.24092681e-01
1.69600000e+02	1.99727355e-01	9.21467608e-01	1.99727355e-01	9.21467608e-01	1.99727355e-01	9.21471756e-01	1.99727355e-01	9.22468544e-01
1.69700000e+02	2.00279504e-01	9.19803644e-01	2.00279504e-01	9.19803644e-01	2.00279504e-01	9.19807911e-01	2.00279504e-01	9.20829581e-01
1.69800000e+02	2.00838542e-01	9.18124550e-01	2.00838542e-01	9.18124550e-01	2.00838542e-01	9.18128937e-01	2.00838542e-01	9.19175892e-01
1.69900000e+02	2.01404523e-01	9.16430418e-01	2.01404523e-01	9.16430418e-01	2.01404523e-01	9.16434928e-01	2.01404523e-01	9.17507573e-01
1.70000000e+02	2.01977507e-01	9.14721344e-01	2.01977507e-01	9.14721344e-01	2.01977507e-01	9.14725979e-01	2.01977507e-01	9.15824725e-01
1.70100000e+02	2.02557550e-01	9.12997422e-01	2.02557550e-01	9.12997422e-01	2.02557550e-01	9.13002185e-01	2.02557550e-01	9.14127446e-01
1.70200000e+02	2.03144709e-01	9.11258749e-01	2.03144709e-01	9.11258749e-01	2.03144709e-01	9.11263643e-01	2.03144709e-01	9.12415839e-01
1.70300000e+02	2.03739044e-01	9.09505421e-01	2.03739044e-01	9.09505421e-01	2.03739044e-01	9.09510449e-01	2.03739044e-01	9.10690005e-01
1.70400000e+02	2.04340612e-01	9.07737535e-01	2.04340612e-01	9.07737535e-01	2.04340612e-01	9.07742701e-01	2.04340612e-01	9.08950045e-01
1.70500000e+02	2.04949471e-01	9.05955191e-01	2.04949471e-01	9.05955191e-01	2.04949471e-01	9.05960496e-01	2.04949471e-01	9.07196063e-01
1.70600000e+02	2.05565681e-01	9.04158486e-01	2.05565681e-01	9.04158486e-01	2.05565681e-01	9.04163934e-01	2.05565681e-01	9.05428162e-01
1.70700000e+02	2.06189300e-01	9.02347520e-01	2.06189300e-01	9.02347520e-01	2.06189300e-01	9.02353114e-01	2.06189300e-01	9.03646447e-01
1.70800000e+02	2.06820388e-01	9.00522393e-01	2.06820388e-01	9.00522393e-01	2.06820388e-01	9.00528136e-01	2.06820388e-01	9.01851023e-01
1.70900000e+02	2.07459003e-01	8.98683206e-01	2.07459003e-01	8.98683206e-01	2.07459003e-01	8.98689100e-01	2.07459003e-01	9.00041996e-01
1.71000000e+02	2.08105206e-01	8.96830060e-01	2.08105206e-01	8.96830060e-01	2.08105206e-01	8.96836109e-01	2.08105206e-01	8.98219472e-01
1.71100000e+02	2.08759056e-01	8.94963056e-01	2.08759056e-01	8.94963056e-01	2.08759056e-01	8.94969264e-01	2.08759056e-01	8.96383559e-01
1.71200000e+02	2.09420613e-01	8.93082298e-01	2.09420613e-01	8.93082298e-01	2.09420613e-01	8.93088668e-01	2.09420613e-01	8.94534365e-01
1.71300000e+02	2.10089938e-01	8.91187889e-01	2.10089938e-01	8.91187889e-01	2.10089938e-01	8.91194424e-01	2.10089938e-01	8.92671997e-01
1.71400000e+02	2.10767091e-01	8.89279931e-01	2.10767091e-01	8.89279931e-01	2.10767091e-01	8.89286635e-01	2.10767091e-01	8.90796566e-01
1.71500000e+02	2.11452134e-01	8.87358530e-01	2.11452134e-01	8.87358530e-01	2.11452134e-01	8.87365406e-01	2.11452134e-01	8.88908181e-01
1.71600000e+02	2.12145126e-01	8.85423791e-01	2.12145126e-01	8.85423791e-01	2.12145126e-01	8.85430843e-01	2.12145126e-01	8.87006953e-01
1.71700000e+02	2.12846130e-01	8.83475818e-01	2.12846130e-01	8.83475818e-01	2.12846130e-01	8.83483049e-01	2.12846130e-01	8.85092993e-01
1.71800000e+02	2.13555207e-01	8.81514718e-01	2.13555207e-01	8.81514718e-01	2.13555207e-01	8.81522133e-01	2.13555207e-01	8.83166412e-01
1.71900000e+02	2.14272418e-01	8.79540598e-01	2.14272418e-01	8.79540598e-01	2.14272418e-01	8.79548199e-01	2.14272418e-01	8.81227324e-01
1.72000000e+02	2.14997826e-01	8.77553564e-01	2.14997826e-01	8.77553564e-01	2.14997826e-01	8.77561356e-01	2.14997826e-01	8.79275840e-01
1.72100000e+02	2.15731492e-01	8.75553724e-01	2.15731492e-01	8.75553724e-01	2.15731492e-01	8.75561711e-01	2.15731492e-01	8.77312075e-01
1.72200000e+02	2.16473480e-01	8.73541186e-01	2.16473480e-01	8.73541186e-01	2.16473480e-01	8.73549372e-01	2.16473480e-01	8.75336143e-01
1.72300000e+02	2.17223852e-01	8.71516059e-01	2.17223852e-01	8.71516059e-01	2.17223852e-01	8.71524448e-01	2.17223852e-01	8.73348159e-01
1.72400000e+02	2.17982671e-01	8.69478451e-01	2.17982671e-01	8.69478451e-01	2.17982671e-01	8.69487048e-01	2.17982671e-01	8.71348238e-01
1.72500000e+02	2.18750000e-01	8.67428473e-01	2.18750000e-01	8.67428473e-01	2.18750000e-01	8.67437281e-01	2.18750000e-01	8.69336495e-01
1.72600000e+02	2.19525902e-01	8.65366235e-01	2.19525902e-01	8.65366235e-01	2.19525902e-01	8.65375258e-01	2.19525902e-01	8.67313048e-01
1.72700000e+02	2.20310441e-01	8.63291846e-01	2.20310441e-01	8.63291846e-01	2.20310441e-01	8.63301090e-01	2.20310441e-01	8.65278013e-01
1.72800000e+02	2.21103682e-01	8.61205418e-01	2.21103682e-01	8.61205418e-01	2.21103682e-01	8.61214887e-01	2.21103682e-01	8.63231508e-01
1.72900000e+02	2.21905687e-01	8.59107063e-01	2.21905687e-01	8.59107063e-01	2.21905687e-01	8.59116761e-01	2.21905687e-01	8.61173651e-01
1.73000000e+02	2.22716521e-01	8.56996891e-01	2.22716521e-01	8.56996891e-01	2.22716521e-01	8.57006824e-01	2.22716521e-01	8.59104560e-01
1.73100000e+02	2.23536250e-01	8.54875017e-01	2.23536250e-01	8.54875017e-01	2.23536250e-01	8.54885188e-01	2.23536250e-01	8.57024354e-01
1.73200000e+02	2.24364937e-01	8.52741551e-01	2.24364937e-01	8.52741551e-01	2.24364937e-01	8.52751967e-01	2.24364937e-01	8.54933154e-01
1.73300000e+02	2.25202647e-01	8.50596608e-01	2.25202647e-01	8.50596608e-01	2.25202647e-01	8.50607272e-01	2.25202647e-01	8.52831078e-01
1.73400000e+02	2.26049447e-01	8.48440301e-01	2.26049447e-01	8.48440301e-01	2.26049447e-01	8.48451219e-01	2.26049447e-01	8.50718248e-01
1.73500000e+02	2.26905401e-01	8.46272743e-01	2.26905401e-01	8.46272743e-01	2.26905401e-01	8.46283920e-01	2.26905401e-01	8.48594784e-01
1.73600000e+02	2.27770576e-01	8.44094049e-01	2.27770576e-01	8.44094049e-01	2.27770576e-01	8.44105491e-01	2.27770576e-01	8.46460809e-01
1.73700000e+02	2.28645036e-01	8.41904334e-01	2.28645036e-01	8.41904334e-01	2.28645036e-01	8.41916046e-01	2.28645036e-01	8.44316443e-01
1.73800000e+02	2.29528849e-01	8.39703712e-01	2.29528849e-01	8.39703712e-01	2.29528849e-01	8.39715699e-01	2.29528849e-01	8.42161810e-01
1.73900000e+02	2.30422081e-01	8.37492300e-01	2.30422081e-01	8.37492300e-01	2.30422081e-01	8.37504567e-01	2.30422081e-01	8.39997031e-01
1.74000000e+02	2.31324799e-01	8.35270211e-01	2.31324799e-01	8.35270211e-01	2.31324799e-01	8.35282766e-01	2.31324799e-01	8.37822230e-01
1.74100000e+02	2.32237069e-01	8.33037564e-01	2.32237069e-01	8.33037564e-01	2.32237069e-01	8.33050410e-01	2.32237069e-01	8.35637531e-01
1.74200000e+02	2.33158958e-01	8.30794473e-01	2.33158958e-01	8.30794473e-01	2.33158958e-01	8.30807618e-01	2.33158958e-01	8.33443057e-01
1.74300000e+02	2.34090535e-01	8.28541056e-01	2.34090535e-01	8.28541056e-01	2.34090535e-01	8.28554505e-01	2.34090535e-01	8.31238934e-01
1.74400000e+02	2.35031866e-01	8.26277429e-01	2.35031866e-01	8.26277429e-01	2.35031866e-01	8.26291188e-01	2.35031866e-01	8.29025285e-01
1.74500000e+02	2.35983020e-01	8.24003710e-01	2.35983020e-01	8.24003710e-01	2.35983020e-01	8.24017786e-01	2.35983020e-01	8.26802236e-01
1.74600000e+02	2.36944064e-01	8.21720016e-01	2.36944064e-01	8.21720016e-01	2.36944064e-01	8.21734415e-01	2.36944064e-01	8.24569912e-01
1.74700000e+02	2.37915067e-01	8.19426464e-01	2.37915067e-01	8.19426464e-01	2.37915067e-01	8.19441193e-01	2.37915067e-01	8.22328440e-01
1.74800000e+02	2.38896098e-01	8.17123174e-01	2.38896098e-01	8.17123174e-01	2.38896098e-01	8.17138238e-01	2.38896098e-01	8.20077944e-01
1.74900000e+02	2.39887225e-01	8.14810262e-01	2.39887225e-01	8.14810262e-01	2.39887225e-01	8.14825670e-01	2.39887225e-01	8.17818553e-01
1.75000000e+02	2.40888517e-01	8.12487848e-01	2.40888517e-01	8.12487848e-01	2.40888517e-01	8.12503605e-01	2.40888517e-01	8.15550392e-01
1.75100000e+02	2.41900044e-01	8.10156050e-01	2.41900044e-01	8.10156050e-01	2.41900044e-01	8.10172164e-01	2.41900044e-01	8.13273589e-01
1.75200000e+02	2.42921875e-01	8.07814988e-01	2.42921875e-01	8.07814988e-01	2.42921875e-01	8.07831465e-01	2.42921875e-01	8.10988271e-01
1.75300000e+02	2.43954080e-01	8.05464779e-01	2.43954080e-01	8.05464779e-01	2.43954080e-01	8.05481628e-01	2.43954080e-01	8.08694566e-01
1.75400000e+02	2.44996728e-01	8.03105545e-01	2.44996728e-01	8.03105545e-01	2.44996728e-01	8.03122772e-01	2.44996728e-01	8.06392603e-01
1.75500000e+02	2.46049891e-01	8.00737403e-01	2.46049891e-01	8.00737403e-01	2.46049891e-01	8.00755016e-01	2.46049891e-01	8.04082508e-01
1.75600000e+02	2.47113638e-01	7.98360474e-01	2.47113638e-01	7.98360474e-01	2.47113638e-01	7.98378481e-01	2.47113638e-01	8.01764412e-01
1.75700000e+02	2.48188040e-01	7.95974878e-01	2.48188040e-01	7.95974878e-01	2.48188040e-01	7.95993286e-01	2.48188040e-01	7.99438442e-01
1.75800000e+02	2.49273168e-01	7.93580734e-01	2.49273168e-01	7.93580734e-01	2.49273168e-01	7.93599552e-01	2.49273168e-01	7.97104728e-01
1.75900000e+02	2.50369093e-01	7.91178163e-01	2.50369093e-01	7.91178163e-01	2.50369093e-01	7.91197399e-01	2.50369093e-01	7.94763400e-01
1.76000000e+02	2.51475887e-01	7.88767285e-01	2.51475887e-01	7.88767285e-01	2.51475887e-01	7.88786947e-01	2.51475887e-01	7.92414586e-01
1.76100000e+02	2.52593621e-01	7.86348221e-01	2.52593621e-01	7.86348221e-01	2.52593621e-01	7.86368317e-01	2.52593621e-01	7.90058416e-01
1.76200000e+02	2.53722368e-01	7.83921090e-01	2.53722368e-01	7.83921090e-01	2.53722368e-01	7.83941630e-01	2.53722368e-01	7.87695021e-01
1.76300000e+02	2.54862198e-01	7.81486015e-01	2.54862198e-01	7.81486015e-01	2.54862198e-01	7.81507006e-01	2.54862198e-01	7.85324531e-01
1.76400000e+02	2.56013185e-01	7.79043114e-01	2.56013185e-01	7.79043114e-01	2.56013185e-01	7.79064566e-01	2.56013185e-01	7.82947076e-01
1.76500000e+02	2.57175401e-01	7.76592510e-01	2.57175401e-01	7.76592510e-01	2.57175401e-01	7.76614431e-01	2.57175401e-01	7.80562787e-01
1.76600000e+02	2.58348918e-01	7.74134323e-01	2.58348918e-01	7.74134323e-01	2.58348918e-01	7.74156723e-01	2.58348918e-01	7.78171794e-01
1.76700000e+02	2.59533811e-01	7.71668674e-01	2.59533811e-01	7.71668674e-01	2.59533811e-01	7.71691562e-01	2.59533811e-01	7.75774228e-01
1.76800000e+02	2.60730152e-01	7.69195684e-01	2.60730152e-01	7.69195684e-01	2.60730152e-01	7.69219070e-01	2.60730152e-01	7.73370221e-01
1.76900000e+02	2.61938014e-01	7.66715474e-01	2.61938014e-01	7.66715474e-01	2.61938014e-01	7.66739368e-01	2.61938014e-01	7.70959904e-01
1.77000000e+02	2.63157472e-01	7.64228165e-01	2.63157472e-01	7.64228165e-01	2.63157472e-01	7.64252577e-01	2.63157472e-01	7.68543407e-01
1.77100000e+02	2.64388599e-01	7.61733879e-01	2.64388599e-01	7.61733879e-01	2.64388599e-01	7.61758818e-01	2.64388599e-01	7.66120863e-01
1.77200000e+02	2.65631469e-01	7.59232736e-01	2.65631469e-01	7.59232736e-01	2.65631469e-01	7.59258214e-01	2.65631469e-01	7.63692403e-01
1.77300000e+02	2.66886158e-01	7.56724858e-01	2.66886158e-01	7.56724858e-01	2.66886158e-01	7.56750884e-01	2.66886158e-01	7.61258158e-01
1.77400000e+02	2.68152739e-01	7.54210365e-01	2.68152739e-01	7.54210365e-01	2.68152739e-01	7.54236951e-01	2.68152739e-01	7.58818261e-01
1.77500000e+02	2.69431288e-01	7.51689380e-01	2.69431288e-01	7.51689380e-01	2.69431288e-01	7.51716536e-01	2.69431288e-01	7.56372844e-01
1.77600000e+02	2.70721880e-01	7.49162023e-01	2.70721880e-01	7.49162023e-01	2.70721880e-01	7.49189760e-01	2.70721880e-01	7.53922038e-01
1.77700000e+02	2.72024590e-01	7.46628415e-01	2.72024590e-01	7.46628415e-01	2.72024590e-01	7.46656745e-01	2.72024590e-01	7.51465976e-01
1.77800000e+02	2.73339493e-01	7.44088677e-01	2.73339493e-01	7.44088677e-01	2.73339493e-01	7.44117612e-01	2.73339493e-01	7.49004789e-01
1.77900000e+02	2.74666667e-01	7.41542931e-01	2.74666667e-01	7.41542931e-01	2.74666667e-01	7.41572481e-01	2.74666667e-01	7.46538611e-01
1.78000000e+02	2.76006186e-01	7.38991296e-01	2.76006186e-01	7.38991296e-01	2.76006186e-01	7.39021475e-01	2.76006186e-01	7.44067572e-01
1.78100000e+02	2.77358126e-01	7.36433895e-01	2.77358126e-01	7.36433895e-01	2.77358126e-01	7.36464714e-01	2.77358126e-01	7.41591806e-01
1.78200000e+02	2.78722566e-01	7.33870848e-01	2.78722566e-01	7.33870848e-01	2.78722566e-01	7.33902319e-01	2.78722566e-01	7.39111444e-01
1.78300000e+02	2.80099581e-01	7.31302276e-01	2.80099581e-01	7.31302276e-01	2.80099581e-01	7.31334412e-01	2.80099581e-01	7.36626620e-01
1.78400000e+02	2.81489248e-01	7.28728298e-01	2.81489248e-01	7.28728298e-01	2.81489248e-01	7.28761112e-01	2.81489248e-01	7.34137464e-01
1.78500000e+02	2.82891645e-01	7.26149037e-01	2.82891645e-01	7.26149037e-01	2.82891645e-01	7.26182542e-01	2.82891645e-01	7.31644111e-01
1.78600000e+02	2.84306849e-01	7.23564612e-01	2.84306849e-01	7.23564612e-01	2.84306849e-01	7.23598822e-01	2.84306849e-01	7.29146692e-01
1.78700000e+02	2.85734938e-01	7.20975144e-01	2.85734938e-01	7.20975144e-01	2.85734938e-01	7.21010071e-01	2.85734938e-01	7.26645339e-01
1.78800000e+02	2.87175990e-01	7.18380752e-01	2.87175990e-01	7.18380752e-01	2.87175990e-01	7.18416411e-01	2.87175990e-01	7.24140184e-01
1.78900000e+02	2.88630083e-01	7.15781557e-01	2.88630083e-01	7.15781557e-01	2.88630083e-01	7.15817962e-01	2.88630083e-01	7.21631361e-01
1.79000000e+02	2.90097296e-01	7.13177678e-01	2.90097296e-01	7.13177678e-01	2.90097296e-01	7.13214843e-01	2.90097296e-01	7.19119001e-01
1.79100000e+02	2.91577707e-01	7.10569236e-01	2.91577707e-01	7.10569236e-01	2.91577707e-01	7.10607176e-01	2.91577707e-01	7.16603236e-01
1.79200000e+02	2.93071395e-01	7.07956350e-01	2.93071395e-01	7.07956350e-01	2.93071395e-01	7.07995079e-01	2.93071395e-01	7.14084199e-01
1.79300000e+02	2.94578439e-01	7.05339139e-01	2.94578439e-01	7.05339139e-01	2.94578439e-01	7.05378673e-01	2.94578439e-01	7.11562022e-01
1.79400000e+02	2.96098919e-01	7.02717723e-01	2.96098919e-01	7.02717723e-01	2.96098919e-01	7.02758077e-01	2.96098919e-01	7.09036836e-01
1.79500000e+02	2.97632914e-01	7.00092220e-01	2.97632914e-01	7.00092220e-01	2.97632914e-01	7.00133410e-01	2.97632914e-01	7.06508774e-01
1.79600000e+02	2.99180504e-01	6.97462749e-01	2.99180504e-01	6.97462749e-01	2.99180504e-01	6.97504791e-01	2.99180504e-01	7.03977967e-01
1.79700000e+02	3.00741770e-01	6.94829429e-01	3.00741770e-01	6.94829429e-01	3.00741770e-01	6.94872339e-01	3.00741770e-01	7.01444547e-01
1.79800000e+02	3.02316791e-01	6.92192379e-01	3.02316791e-01	6.92192379e-01	3.02316791e-01	6.92236172e-01	3.02316791e-01	6.98908647e-01
1.79900000e+02	3.03905648e-01	6.89551715e-01	3.03905648e-01	6.89551715e-01	3.03905648e-01	6.89596410e-01	3.03905648e-01	6.96370397e-01
1.80000000e+02	3.05508422e-01	6.86907557e-01	3.05508422e-01	6.86907557e-01	3.05508422e-01	6.86953171e-01	3.05508422e-01	6.93829928e-01
1.80100000e+02	3.07125194e-01	6.84260022e-01	3.07125194e-01	6.84260022e-01	3.07125194e-01	6.84306571e-01	3.07125194e-01	6.91287373e-01
1.80200000e+02	3.08756045e-01	6.81609228e-01	3.08756045e-01	6.81609228e-01	3.08756045e-01	6.81656730e-01	3.08756045e-01	6.88742862e-01
1.80300000e+02	3.10401057e-01	6.78955290e-01	3.10401057e-01	6.78955290e-01	3.10401057e-01	6.79003764e-01	3.10401057e-01	6.86196526e-01
1.80400000e+02	3.12060311e-01	6.76298327e-01	3.12060311e-01	6.76298327e-01	3.12060311e-01	6.76347791e-01	3.12060311e-01	6.83648497e-01
1.80500000e+02	3.13733890e-01	6.73638455e-01	3.13733890e-01	6.73638455e-01	3.13733890e-01	6.73688928e-01	3.13733890e-01	6.81098904e-01
1.80600000e+02	3.15421875e-01	6.70975791e-01	3.15421875e-01	6.70975791e-01	3.15421875e-01	6.71027291e-01	3.15421875e-01	6.78547879e-01
1.80700000e+02	3.17124349e-01	6.68310449e-01	3.17124349e-01	6.68310449e-01	3.17124349e-01	6.68362996e-01	3.17124349e-01	6.75995551e-01
1.80800000e+02	3.18841395e-01	6.65642547e-01	3.18841395e-01	6.65642547e-01	3.18841395e-01	6.65696160e-01	3.18841395e-01	6.73442051e-01
1.80900000e+02	3.20573096e-01	6.62972199e-01	3.20573096e-01	6.62972199e-01	3.20573096e-01	6.63026899e-01	3.20573096e-01	6.70887510e-01
1.81000000e+02	3.22319535e-01	6.60299520e-01	3.22319535e-01	6.60299520e-01	3.22319535e-01	6.60355328e-01	3.22319535e-01	6.68332056e-01
1.81100000e+02	3.24080794e-01	6.57624626e-01	3.24080794e-01	6.57624626e-01	3.24080794e-01	6.57681562e-01	3.24080794e-01	6.65775819e-01
1.81200000e+02	3.25856959e-01	6.54947630e-01	3.25856959e-01	6.54947630e-01	3.25856959e-01	6.55005715e-01	3.25856959e-01	6.63218929e-01
1.81300000e+02	3.27648112e-01	6.52268648e-01	3.27648112e-01	6.52268648e-01	3.27648112e-01	6.52327903e-01	3.27648112e-01	6.60661515e-01
1.81400000e+02	3.29454337e-01	6.49587792e-01	3.29454337e-01	6.49587792e-01	3.29454337e-01	6.49648240e-01	3.29454337e-01	6.58103706e-01
1.81500000e+02	3.31275720e-01	6.46905175e-01	3.31275720e-01	6.46905175e-01	3.31275720e-01	6.46966838e-01	3.31275720e-01	6.55545631e-01
1.81600000e+02	3.33112345e-01	6.44220912e-01	3.33112345e-01	6.44220912e-01	3.33112345e-01	6.44283813e-01	3.33112345e-01	6.52987417e-01
1.81700000e+02	3.34964295e-01	6.41535115e-01	3.34964295e-01	6.41535115e-01	3.34964295e-01	6.41599276e-01	3.34964295e-01	6.50429194e-01
1.81800000e+02	3.36831658e-01	6.38847895e-01	3.36831658e-01	6.38847895e-01	3.36831658e-01	6.38913340e-01	3.36831658e-01	6.47871089e-01
1.81900000e+02	3.38714516e-01	6.36159365e-01	3.38714516e-01	6.36159365e-01	3.38714516e-01	6.36226118e-01	3.38714516e-01	6.45313230e-01
1.82000000e+02	3.40612958e-01	6.33469637e-01	3.40612958e-01	6.33469637e-01	3.40612958e-01	6.33537722e-01	3.40612958e-01	6.42755745e-01
1.82100000e+02	3.42527067e-01	6.30778821e-01	3.42527067e-01	6.30778821e-01	3.42527067e-01	6.30848263e-01	3.42527067e-01	6.40198760e-01
1.82200000e+02	3.44456929e-01	6.28087028e-01	3.44456929e-01	6.28087028e-01	3.44456929e-01	6.28157852e-01	3.44456929e-01	6.37642403e-01
1.82300000e+02	3.46402632e-01	6.25394368e-01	3.46402632e-01	6.25394368e-01	3.46402632e-01	6.25466600e-01	3.46402632e-01	6.35086800e-01
1.82400000e+02	3.48364262e-01	6.22700952e-01	3.48364262e-01	6.22700952e-01	3.48364262e-01	6.22774618e-01	3.48364262e-01	6.32532077e-01
1.82500000e+02	3.50341905e-01	6.20006888e-01	3.50341905e-01	6.20006888e-01	3.50341905e-01	6.20082015e-01	3.50341905e-01	6.29978361e-01
1.82600000e+02	3.52335647e-01	6.17312286e-01	3.52335647e-01	6.17312286e-01	3.52335647e-01	6.17388900e-01	3.52335647e-01	6.27425778e-01
1.82700000e+02	3.54345577e-01	6.14617254e-01	3.54345577e-01	6.14617254e-01	3.54345577e-01	6.14695383e-01	3.54345577e-01	6.24874451e-01
1.82800000e+02	3.56371782e-01	6.11921901e-01	3.56371782e-01	6.11921901e-01	3.56371782e-01	6.12001573e-01	3.56371782e-01	6.22324508e-01
1.82900000e+02	3.58414349e-01	6.09226334e-01	3.58414349e-01	6.09226334e-01	3.58414349e-01	6.09307576e-01	3.58414349e-01	6.19776072e-01
1.83000000e+02	3.60473366e-01	6.06530660e-01	3.60473366e-01	6.06530660e-01	3.60473366e-01	6.06613502e-01	3.60473366e-01	6.17229268e-01
1.83100000e+02	3.62548921e-01	6.03834986e-01	3.62548921e-01	6.03834986e-01	3.62548921e-01	6.03919457e-01	3.62548921e-01	6.14684220e-01
1.83200000e+02	3.64641103e-01	6.01139418e-01	3.64641103e-01	6.01139418e-01	3.64641103e-01	6.01225549e-01	3.64641103e-01	6.12141052e-01
1.83300000e+02	3.66750000e-01	5.98444062e-01	3.66750000e-01	5.98444062e-01	3.66750000e-01	5.98531882e-01	3.66750000e-01	6.09599888e-01
1.83400000e+02	3.68875701e-01	5.95749023e-01	3.68875701e-01	5.95749023e-01	3.68875701e-01	5.95838564e-01	3.68875701e-01	6.07060849e-01
1.83500000e+02	3.71018294e-01	5.93054407e-01	3.71018294e-01	5.93054407e-01	3.71018294e-01	5.93145700e-01	3.71018294e-01	6.04524059e-01
1.83600000e+02	3.73177870e-01	5.90360317e-01	3.73177870e-01	5.90360317e-01	3.73177870e-01	5.90453394e-01	3.73177870e-01	6.01989641e-01
1.83700000e+02	3.75354517e-01	5.87666857e-01	3.75354517e-01	5.87666857e-01	3.75354517e-01	5.87761750e-01	3.75354517e-01	5.99457716e-01
1.83800000e+02	3.77548326e-01	5.84974130e-01	3.77548326e-01	5.84974130e-01	3.77548326e-01	5.85070873e-01	3.77548326e-01	5.96928406e-01
1.83900000e+02	3.79759386e-01	5.82282240e-01	3.79759386e-01	5.82282240e-01	3.79759386e-01	5.82380866e-01	3.79759386e-01	5.94401832e-01
1.84000000e+02	3.81987788e-01	5.79591289e-01	3.81987788e-01	5.79591289e-01	3.81987788e-01	5.79691832e-01	3.81987788e-01	5.91878115e-01
1.84100000e+02	3.84233622e-01	5.76901377e-01	3.84233622e-01	5.76901377e-01	3.84233622e-01	5.77003873e-01	3.84233622e-01	5.89357375e-01
1.84200000e+02	3.86496978e-01	5.74212607e-01	3.86496978e-01	5.74212607e-01	3.86496978e-01	5.74317091e-01	3.86496978e-01	5.86839732e-01
1.84300000e+02	3.88777948e-01	5.71525079e-01	3.88777948e-01	5.71525079e-01	3.88777948e-01	5.71631587e-01	3.88777948e-01	5.84325307e-01
1.84400000e+02	3.91076622e-01	5.68838893e-01	3.91076622e-01	5.68838894e-01	3.91076622e-01	5.68947461e-01	3.91076622e-01	5.81814217e-01
1.84500000e+02	3.93393093e-01	5.66154150e-01	3.93393093e-01	5.66154150e-01	3.93393093e-01	5.66264815e-01	3.93393093e-01	5.79306583e-01
1.84600000e+02	3.95727451e-01	5.63470946e-01	3.95727451e-01	5.63470946e-01	3.95727451e-01	5.63583747e-01	3.95727451e-01	5.76802521e-01
1.84700000e+02	3.98079789e-01	5.60789382e-01	3.98079789e-01	5.60789382e-01	3.98079789e-01	5.60904357e-01	3.98079789e-01	5.74302151e-01
1.84800000e+02	4.00450199e-01	5.58109555e-01	4.00450199e-01	5.58109555e-01	4.00450199e-01	5.58226743e-01	4.00450199e-01	5.71805590e-01
1.84900000e+02	4.02838772e-01	5.55431563e-01	4.02838772e-01	5.55431563e-01	4.02838772e-01	5.55551003e-01	4.02838772e-01	5.69312955e-01
1.85000000e+02	4.05245603e-01	5.52755502e-01	4.05245603e-01	5.52755502e-01	4.05245603e-01	5.52877235e-01	4.05245603e-01	5.66824362e-01
1.85100000e+02	4.07670782e-01	5.50081468e-01	4.07670782e-01	5.50081468e-01	4.07670782e-01	5.50205536e-01	4.07670782e-01	5.64339927e-01
1.85200000e+02	4.10114404e-01	5.47409556e-01	4.10114404e-01	5.47409556e-01	4.10114404e-01	5.47536001e-01	4.10114404e-01	5.61859768e-01
1.85300000e+02	4.12576561e-01	5.44739863e-01	4.12576561e-01	5.44739863e-01	4.12576561e-01	5.44868727e-01	4.12576561e-01	5.59383998e-01
1.85400000e+02	4.15057347e-01	5.42072482e-01	4.15057347e-01	5.42072482e-01	4.15057347e-01	5.42203808e-01	4.15057347e-01	5.56912732e-01
1.85500000e+02	4.17556856e-01	5.39407507e-01	4.17556856e-01	5.39407507e-01	4.17556856e-01	5.39541339e-01	4.17556856e-01	5.54446086e-01
1.85600000e+02	4.20075182e-01	5.36745032e-01	4.20075182e-01	5.36745032e-01	4.20075182e-01	5.36881414e-01	4.20075182e-01	5.51984173e-01
1.85700000e+02	4.22612419e-01	5.34085148e-01	4.22612419e-01	5.34085148e-01	4.22612419e-01	5.34224127e-01	4.22612419e-01	5.49527105e-01
1.85800000e+02	4.25168662e-01	5.31427948e-01	4.25168662e-01	5.31427948e-01	4.25168662e-01	5.31569569e-01	4.25168662e-01	5.47074998e-01
1.85900000e+02	4.27744004e-01	5.28773523e-01	4.27744004e-01	5.28773523e-01	4.27744004e-01	5.28917834e-01	4.27744004e-01	5.44627962e-01
1.86000000e+02	4.30338542e-01	5.26121964e-01	4.30338542e-01	5.26121964e-01	4.30338542e-01	5.26269012e-01	4.30338542e-01	5.42186110e-01
1.86100000e+02	4.32952369e-01	5.23473361e-01	4.32952369e-01	5.23473361e-01	4.32952369e-01	5.23623196e-01	4.32952369e-01	5.39749553e-01
1.86200000e+02	4.35585582e-01	5.20827804e-01	4.35585582e-01	5.20827804e-01	4.35585582e-01	5.20980473e-01	4.35585582e-01	5.37318403e-01
1.86300000e+02	4.38238277e-01	5.18185381e-01	4.38238277e-01	5.18185381e-01	4.38238277e-01	5.18340936e-01	4.38238277e-01	5.34892769e-01
1.86400000e+02	4.40910548e-01	5.15546181e-01	4.40910548e-01	5.15546181e-01	4.40910548e-01	5.15704672e-01	4.40910548e-01	5.32472763e-01
1.86500000e+02	4.43602492e-01	5.12910291e-01	4.43602492e-01	5.12910291e-01	4.43602492e-01	5.13071770e-01	4.43602492e-01	5.30058493e-01
1.86600000e+02	4.46314206e-01	5.10277798e-01	4.46314206e-01	5.10277798e-01	4.46314206e-01	5.10442318e-01	4.46314206e-01	5.27650069e-01
1.86700000e+02	4.49045786e-01	5.07648788e-01	4.49045786e-01	5.07648788e-01	4.49045786e-01	5.07816404e-01	4.49045786e-01	5.25247599e-01
1.86800000e+02	4.51797328e-01	5.05023348e-01	4.51797328e-01	5.05023348e-01	4.51797328e-01	5.05194112e-01	4.51797328e-01	5.22851190e-01
1.86900000e+02	4.54568930e-01	5.02401562e-01	4.54568930e-01	5.02401562e-01	4.54568930e-01	5.02575530e-01	4.54568930e-01	5.20460952e-01
1.87000000e+02	4.57360689e-01	4.99783514e-01	4.57360689e-01	4.99783514e-01	4.57360689e-01	4.99960743e-01	4.57360689e-01	5.18076990e-01
1.87100000e+02	4.60172703e-01	4.97169288e-01	4.60172703e-01	4.97169288e-01	4.60172703e-01	4.97349835e-01	4.60172703e-01	5.15699411e-01
1.87200000e+02	4.63005069e-01	4.94558967e-01	4.63005069e-01	4.94558967e-01	4.63005069e-01	4.94742890e-01	4.63005069e-01	5.13328321e-01
1.87300000e+02	4.65857885e-01	4.91952634e-01	4.65857885e-01	4.91952634e-01	4.65857885e-01	4.92139992e-01	4.65857885e-01	5.10963825e-01
1.87400000e+02	4.68731249e-01	4.89350370e-01	4.68731249e-01	4.89350370e-01	4.68731249e-01	4.89541222e-01	4.68731249e-01	5.08606028e-01
1.87500000e+02	4.71625260e-01	4.86752256e-01	4.71625260e-01	4.86752256e-01	4.71625260e-01	4.86946664e-01	4.71625260e-01	5.06255035e-01
1.87600000e+02	4.74540017e-01	4.84158373e-01	4.74540017e-01	4.84158373e-01	4.74540017e-01	4.84356399e-01	4.74540017e-01	5.03910950e-01
1.87700000e+02	4.77475618e-01	4.81568799e-01	4.77475618e-01	4.81568799e-01	4.77475618e-01	4.81770506e-01	4.77475618e-01	5.01573874e-01
1.87800000e+02	4.80432163e-01	4.78983615e-01	4.80432163e-01	4.78983615e-01	4.80432163e-01	4.79189067e-01	4.80432163e-01	4.99243912e-01
1.87900000e+02	4.83409751e-01	4.76402898e-01	4.83409751e-01	4.76402898e-01	4.83409751e-01	4.76612160e-01	4.83409751e-01	4.96921166e-01
1.88000000e+02	4.86408481e-01	4.73826726e-01	4.86408481e-01	4.73826727e-01	4.86408481e-01	4.74039864e-01	4.86408481e-01	4.94605736e-01
1.88100000e+02	4.89428453e-01	4.71255177e-01	4.89428453e-01	4.71255177e-01	4.89428453e-01	4.71472257e-01	4.89428453e-01	4.92297725e-01
1.88200000e+02	4.92469769e-01	4.68688325e-01	4.92469769e-01	4.68688325e-01	4.92469769e-01	4.68909417e-01	4.92469769e-01	4.89997232e-01
1.88300000e+02	4.95532526e-01	4.66126247e-01	4.95532526e-01	4.66126247e-01	4.95532526e-01	4.66351419e-01	4.95532526e-01	4.87704357e-01
1.88400000e+02	4.98616827e-01	4.63569017e-01	4.98616827e-01	4.63569018e-01	4.98616827e-01	4.63798341e-01	4.98616827e-01	4.85419201e-01
1.88500000e+02	5.01722773e-01	4.61016711e-01	5.01722773e-01	4.61016711e-01	5.01722773e-01	4.61250257e-01	5.01722773e-01	4.83141861e-01
1.88600000e+02	5.04850463e-01	4.58469400e-01	5.04850463e-01	4.58469400e-01	5.04850463e-01	4.58707242e-01	5.04850463e-01	4.80872436e-01
1.88700000e+02	5.08000000e-01	4.55927159e-01	5.08000000e-01	4.55927159e-01	5.08000000e-01	4.56169369e-01	5.08000000e-01	4.78611024e-01
1.88800000e+02	5.11171485e-01	4.53390058e-01	5.11171485e-01	4.53390058e-01	5.11171485e-01	4.53636713e-01	5.11171485e-01	4.76357721e-01
1.88900000e+02	5.14365019e-01	4.50858169e-01	5.14365019e-01	4.50858170e-01	5.14365019e-01	4.51109345e-01	5.14365019e-01	4.74112625e-01
1.89000000e+02	5.17580705e-01	4.48331564e-01	5.17580705e-01	4.48331564e-01	5.17580705e-01	4.48587337e-01	5.17580705e-01	4.71875831e-01
1.89100000e+02	5.20818645e-01	4.45810311e-01	5.20818645e-01	4.45810311e-01	5.20818645e-01	4.46070761e-01	5.20818645e-01	4.69647434e-01
1.89200000e+02	5.24078941e-01	4.43294481e-01	5.24078941e-01	4.43294481e-01	5.24078941e-01	4.43559687e-01	5.24078941e-01	4.67427530e-01
1.89300000e+02	5.27361695e-01	4.40784141e-01	5.27361695e-01	4.40784141e-01	5.27361695e-01	4.41054184e-01	5.27361695e-01	4.65216213e-01
1.89400000e+02	5.30667012e-01	4.38279359e-01	5.30667012e-01	4.38279359e-01	5.30667012e-01	4.38554323e-01	5.30667012e-01	4.63013575e-01
1.89500000e+02	5.33994993e-01	4.35780203e-01	5.33994993e-01	4.35780203e-01	5.33994993e-01	4.36060171e-01	5.33994993e-01	4.60819712e-01
1.89600000e+02	5.37345743e-01	4.33286739e-01	5.37345743e-01	4.33286739e-01	5.37345743e-01	4.33571796e-01	5.37345743e-01	4.58634714e-01
1.89700000e+02	5.40719365e-01	4.30799032e-01	5.40719365e-01	4.30799032e-01	5.40719365e-01	4.31089264e-01	5.40719365e-01	4.56458674e-01
1.89800000e+02	5.44115963e-01	4.28317148e-01	5.44115963e-01	4.28317148e-01	5.44115963e-01	4.28612643e-01	5.44115963e-01	4.54291683e-01
1.89900000e+02	5.47535640e-01	4.25841150e-01	5.47535640e-01	4.25841150e-01	5.47535640e-01	4.26141998e-01	5.47535640e-01	4.52133831e-01
1.90000000e+02	5.50978501e-01	4.23371103e-01	5.50978501e-01	4.23371103e-01	5.50978501e-01	4.23677394e-01	5.50978501e-01	4.49985210e-01
1.90100000e+02	5.54444652e-01	4.20907068e-01	5.54444652e-01	4.20907069e-01	5.54444652e-01	4.21218894e-01	5.54444652e-01	4.47845908e-01
1.90200000e+02	5.57934195e-01	4.18449109e-01	5.57934195e-01	4.18449109e-01	5.57934195e-01	4.18766563e-01	5.57934195e-01	4.45716014e-01
1.90300000e+02	5.61447237e-01	4.15997286e-01	5.61447237e-01	4.15997286e-01	5.61447237e-01	4.16320463e-01	5.61447237e-01	4.43595617e-01
1.90400000e+02	5.64983883e-01	4.13551660e-01	5.64983883e-01	4.13551660e-01	5.64983883e-01	4.13880657e-01	5.64983883e-01	4.41484805e-01
1.90500000e+02	5.68544239e-01	4.11112291e-01	5.68544239e-01	4.11112291e-01	5.68544239e-01	4.11447205e-01	5.68544239e-01	4.39383664e-01
1.90600000e+02	5.72128409e-01	4.08679237e-01	5.72128409e-01	4.08679238e-01	5.72128409e-01	4.09020169e-01	5.72128409e-01	4.37292281e-01
1.90700000e+02	5.75736500e-01	4.06252559e-01	5.75736500e-01	4.06252559e-01	5.75736500e-01	4.06599609e-01	5.75736500e-01	4.35210742e-01
1.90800000e+02	5.79368618e-01	4.03832312e-01	5.79368618e-01	4.03832313e-01	5.79368618e-01	4.04185583e-01	5.79368618e-01	4.33139133e-01
1.90900000e+02	5.83024870e-01	4.01418555e-01	5.83024870e-01	4.01418556e-01	5.83024870e-01	4.01778150e-01	5.83024870e-01	4.31077538e-01
1.91000000e+02	5.86705362e-01	3.99011344e-01	5.86705362e-01	3.99011344e-01	5.86705362e-01	3.99377369e-01	5.86705362e-01	4.29026041e-01
1.91100000e+02	5.90410202e-01	3.96610733e-01	5.90410202e-01	3.96610734e-01	5.90410202e-01	3.96983296e-01	5.90410202e-01	4.26984726e-01
1.91200000e+02	5.94139495e-01	3.94216779e-01	5.94139495e-01	3.94216779e-01	5.94139495e-01	3.94595988e-01	5.94139495e-01	4.24953676e-01
1.91300000e+02	5.97893351e-01	3.91829534e-01	5.97893351e-01	3.91829535e-01	5.97893351e-01	3.92215500e-01	5.97893351e-01	4.22932972e-01
1.91400000e+02	6.01671875e-01	3.89449053e-01	6.01671875e-01	3.89449054e-01	6.01671875e-01	3.89841889e-01	6.01671875e-01	4.20922698e-01
1.91500000e+02	6.05475177e-01	3.87075389e-01	6.05475177e-01	3.87075389e-01	6.05475177e-01	3.87475207e-01	6.05475177e-01	4.18922933e-01
1.91600000e+02	6.09303363e-01	3.84708592e-01	6.09303363e-01	3.84708592e-01	6.09303363e-01	3.85115510e-01	6.09303363e-01	4.16933759e-01
1.91700000e+02	6.13156544e-01	3.82348714e-01	6.13156544e-01	3.82348715e-01	6.13156544e-01	3.82762849e-01	6.13156544e-01	4.14955255e-01
1.91800000e+02	6.17034826e-01	3.79995807e-01	6.17034826e-01	3.79995807e-01	6.17034826e-01	3.80417278e-01	6.17034826e-01	4.12987501e-01
1.91900000e+02	6.20938319e-01	3.77649918e-01	6.20938319e-01	3.77649919e-01	6.20938319e-01	3.78078847e-01	6.20938319e-01	4.11030574e-01
1.92000000e+02	6.24867132e-01	3.75311099e-01	6.24867132e-01	3.75311099e-01	6.24867132e-01	3.75747608e-01	6.24867132e-01	4.09084554e-01
1.92100000e+02	6.28821374e-01	3.72979396e-01	6.28821374e-01	3.72979397e-01	6.28821374e-01	3.73423611e-01	6.28821374e-01	4.07149518e-01
1.92200000e+02	6.32801155e-01	3.70654858e-01	6.32801155e-01	3.70654859e-01	6.32801155e-01	3.71106905e-01	6.32801155e-01	4.05225542e-01
1.92300000e+02	6.36806584e-01	3.68337532e-01	6.36806584e-01	3.68337532e-01	6.36806584e-01	3.68797540e-01	6.36806584e-01	4.03312703e-01
1.92400000e+02	6.40837772e-01	3.66027463e-01	6.40837772e-01	3.66027463e-01	6.40837772e-01	3.66495562e-01	6.40837772e-01	4.01411077e-01
1.92500000e+02	6.44894828e-01	3.63724697e-01	6.44894828e-01	3.63724697e-01	6.44894828e-01	3.64201021e-01	6.44894828e-01	3.99520737e-01
1.92600000e+02	6.48977862e-01	3.61429279e-01	6.48977862e-01	3.61429279e-01	6.48977862e-01	3.61913962e-01	6.48977862e-01	3.97641760e-01
1.92700000e+02	6.53086987e-01	3.59141253e-01	6.53086987e-01	3.59141253e-01	6.53086987e-01	3.59634431e-01	6.53086987e-01	3.95774217e-01
1.92800000e+02	6.57222312e-01	3.56860662e-01	6.57222312e-01	3.56860662e-01	6.57222312e-01	3.57362475e-01	6.57222312e-01	3.93918184e-01
1.92900000e+02	6.61383948e-01	3.54587549e-01	6.61383948e-01	3.54587549e-01	6.61383948e-01	3.55098136e-01	6.61383948e-01	3.92073732e-01
1.93000000e+02	6.65572008e-01	3.52321955e-01	6.65572008e-01	3.52321955e-01	6.65572008e-01	3.52841461e-01	6.65572008e-01	3.90240933e-01
1.93100000e+02	6.69786602e-01	3.50063922e-01	6.69786602e-01	3.50063923e-01	6.69786602e-01	3.50592491e-01	6.69786602e-01	3.88419858e-01
1.93200000e+02	6.74027842e-01	3.47813491e-01	6.74027842e-01	3.47813491e-01	6.74027842e-01	3.48351270e-01	6.74027842e-01	3.86610578e-01
1.93300000e+02	6.78295841e-01	3.45570700e-01	6.78295841e-01	3.45570701e-01	6.78295841e-01	3.46117840e-01	6.78295841e-01	3.84813164e-01
1.93400000e+02	6.82590711e-01	3.43335590e-01	6.82590711e-01	3.43335591e-01	6.82590711e-01	3.43892241e-01	6.82590711e-01	3.83027685e-01
1.93500000e+02	6.86912564e-01	3.41108198e-01	6.86912564e-01	3.41108199e-01	6.86912564e-01	3.41674514e-01	6.86912564e-01	3.81254209e-01
1.93600000e+02	6.91261514e-01	3.38888562e-01	6.91261514e-01	3.38888563e-01	6.91261514e-01	3.39464700e-01	6.91261514e-01	3.79492804e-01
1.93700000e+02	6.95637672e-01	3.36676719e-01	6.95637672e-01	3.36676720e-01	6.95637672e-01	3.37262837e-01	6.95637672e-01	3.77743540e-01
1.93800000e+02	7.00041153e-01	3.34472706e-01	7.00041153e-01	3.34472706e-01	7.00041153e-01	3.35068964e-01	7.00041153e-01	3.76006481e-01
1.93900000e+02	7.04472070e-01	3.32276557e-01	7.04472070e-01	3.32276557e-01	7.04472070e-01	3.32883119e-01	7.04472070e-01	3.74281696e-01
1.94000000e+02	7.08930537e-01	3.30088308e-01	7.08930537e-01	3.30088308e-01	7.08930537e-01	3.30705339e-01	7.08930537e-01	3.72569250e-01
1.94100000e+02	7.13416667e-01	3.27907992e-01	7.13416667e-01	3.27907993e-01	7.13416667e-01	3.28535662e-01	7.13416667e-01	3.70869207e-01
1.94200000e+02	7.17930575e-01	3.25735644e-01	7.17930575e-01	3.25735644e-01	7.17930575e-01	3.26374121e-01	7.17930575e-01	3.69181633e-01
1.94300000e+02	7.22472375e-01	3.23571295e-01	7.22472375e-01	3.23571296e-01	7.22472375e-01	3.24220754e-01	7.22472375e-01	3.67506591e-01
1.94400000e+02	7.27042182e-01	3.21414979e-01	7.27042182e-01	3.21414979e-01	7.27042182e-01	3.22075595e-01	7.27042182e-01	3.65844145e-01
1.94500000e+02	7.31640111e-01	3.19266726e-01	7.31640111e-01	3.19266726e-01	7.31640111e-01	3.19938677e-01	7.31640111e-01	3.64194358e-01
1.94600000e+02	7.36266277e-01	3.17126567e-01	7.36266277e-01	3.17126567e-01	7.36266277e-01	3.17810033e-01	7.36266277e-01	3.62557291e-01
1.94700000e+02	7.40920795e-01	3.14994532e-01	7.40920795e-01	3.14994532e-01	7.40920795e-01	3.15689698e-01	7.40920795e-01	3.60933007e-01
1.94800000e+02	7.45603781e-01	3.12870650e-01	7.45603781e-01	3.12870651e-01	7.45603781e-01	3.13577701e-01	7.45603781e-01	3.59321565e-01
1.94900000e+02	7.50315350e-01	3.10754951e-01	7.50315350e-01	3.10754952e-01	7.50315350e-01	3.11474076e-01	7.50315350e-01	3.57723027e-01
1.95000000e+02	7.55055620e-01	3.08647461e-01	7.55055620e-01	3.08647462e-01	7.55055620e-01	3.09378852e-01	7.55055620e-01	3.56137453e-01
1.95100000e+02	7.59824706e-01	3.06548209e-01	7.59824706e-01	3.06548210e-01	7.59824706e-01	3.07292059e-01	7.59824706e-01	3.54564900e-01
1.95200000e+02	7.64622724e-01	3.04457221e-01	7.64622724e-01	3.04457222e-01	7.64622724e-01	3.05213728e-01	7.64622724e-01	3.53005429e-01
1.95300000e+02	7.69449792e-01	3.02374523e-01	7.69449792e-01	3.02374524e-01	7.69449792e-01	3.03143886e-01	7.69449792e-01	3.51459096e-01
1.95400000e+02	7.74306026e-01	3.00300139e-01	7.74306026e-01	3.00300140e-01	7.74306026e-01	3.01082563e-01	7.74306026e-01	3.49925959e-01
1.95500000e+02	7.79191544e-01	2.98234096e-01	7.79191544e-01	2.98234097e-01	7.79191544e-01	2.99029785e-01	7.79191544e-01	3.48406075e-01
1.95600000e+02	7.84106463e-01	2.96176417e-01	7.84106463e-01	2.96176418e-01	7.84106463e-01	2.96985579e-01	7.84106463e-01	3.46899499e-01
1.95700000e+02	7.89050901e-01	2.94127124e-01	7.89050901e-01	2.94127125e-01	7.89050901e-01	2.94949972e-01	7.89050901e-01	3.45406288e-01
1.95800000e+02	7.94024976e-01	2.92086241e-01	7.94024976e-01	2.92086243e-01	7.94024976e-01	2.92922990e-01	7.94024976e-01	3.43926495e-01
1.95900000e+02	7.99028807e-01	2.90053790e-01	7.99028807e-01	2.90053792e-01	7.99028807e-01	2.90904657e-01	7.99028807e-01	3.42460176e-01
1.96000000e+02	8.04062510e-01	2.88029792e-01	8.04062510e-01	2.88029794e-01	8.04062510e-01	2.88894998e-01	8.04062510e-01	3.41007384e-01
1.96100000e+02	8.09126206e-01	2.86014268e-01	8.09126206e-01	2.86014269e-01	8.09126206e-01	2.86894037e-01	8.09126206e-01	3.39568172e-01
1.96200000e+02	8.14220013e-01	2.84007238e-01	8.14220013e-01	2.84007239e-01	8.14220013e-01	2.84901797e-01	8.14220013e-01	3.38142593e-01
1.96300000e+02	8.19344050e-01	2.82008721e-01	8.19344050e-01	2.82008722e-01	8.19344050e-01	2.82918301e-01	8.19344050e-01	3.36730698e-01
1.96400000e+02	8.24498437e-01	2.80018736e-01	8.24498437e-01	2.80018737e-01	8.24498437e-01	2.80943570e-01	8.24498437e-01	3.35332538e-01
1.96500000e+02	8.29683293e-01	2.78037300e-01	8.29683293e-01	2.78037302e-01	8.29683293e-01	2.78977627e-01	8.29683293e-01	3.33948165e-01
1.96600000e+02	8.34898738e-01	2.76064433e-01	8.34898738e-01	2.76064434e-01	8.34898738e-01	2.77020491e-01	8.34898738e-01	3.32577629e-01
1.96700000e+02	8.40144892e-01	2.74100150e-01	8.40144892e-01	2.74100151e-01	8.40144892e-01	2.75072184e-01	8.40144892e-01	3.31220978e-01
1.96800000e+02	8.45421875e-01	2.72144468e-01	8.45421875e-01	2.72144469e-01	8.45421875e-01	2.73132725e-01	8.45421875e-01	3.29878263e-01
1.96900000e+02	8.50729808e-01	2.70197402e-01	8.50729808e-01	2.70197403e-01	8.50729808e-01	2.71202132e-01	8.50729808e-01	3.28549530e-01
1.97000000e+02	8.56068812e-01	2.68258967e-01	8.56068812e-01	2.68258969e-01	8.56068812e-01	2.69280426e-01	8.56068812e-01	3.27234829e-01
1.97100000e+02	8.61439008e-01	2.66329178e-01	8.61439008e-01	2.66329180e-01	8.61439008e-01	2.67367623e-01	8.61439008e-01	3.25934206e-01
1.97200000e+02	8.66840517e-01	2.64408049e-01	8.66840517e-01	2.64408051e-01	8.66840517e-01	2.65463740e-01	8.66840517e-01	3.24647707e-01
1.97300000e+02	8.72273460e-01	2.62495592e-01	8.72273460e-01	2.62495594e-01	8.72273460e-01	2.63568796e-01	8.72273460e-01	3.23375378e-01
1.97400000e+02	8.77737960e-01	2.60591821e-01	8.77737960e-01	2.60591823e-01	8.77737960e-01	2.61682805e-01	8.77737960e-01	3.22117266e-01
1.97500000e+02	8.83234138e-01	2.58696747e-01	8.83234138e-01	2.58696748e-01	8.83234138e-01	2.59805784e-01	8.83234138e-01	3.20873414e-01
1.97600000e+02	8.88762116e-01	2.56810381e-01	8.88762116e-01	2.56810383e-01	8.88762116e-01	2.57937748e-01	8.88762116e-01	3.19643867e-01
1.97700000e+02	8.94322016e-01	2.54932734e-01	8.94322016e-01	2.54932736e-01	8.94322016e-01	2.56078712e-01	8.94322016e-01	3.18428669e-01
1.97800000e+02	8.99913963e-01	2.53063817e-01	8.99913963e-01	2.53063819e-01	8.99913963e-01	2.54228688e-01	8.99913963e-01	3.17227862e-01
1.97900000e+02	9.05538077e-01	2.51203639e-01	9.05538077e-01	2.51203641e-01	9.05538077e-01	2.52387692e-01	9.05538077e-01	3.16041489e-01
1.98000000e+02	9.11194483e-01	2.49352209e-01	9.11194483e-01	2.49352211e-01	9.11194483e-01	2.50555735e-01	9.11194483e-01	3.14869592e-01
1.98100000e+02	9.16883304e-01	2.47509535e-01	9.16883304e-01	2.47509537e-01	9.16883304e-01	2.48732831e-01	9.16883304e-01	3.13712212e-01
1.98200000e+02	9.22604664e-01	2.45675625e-01	9.22604664e-01	2.45675627e-01	9.22604664e-01	2.46918991e-01	9.22604664e-01	3.12569389e-01
1.98300000e+02	9.28358685e-01	2.43850487e-01	9.28358685e-01	2.43850489e-01	9.28358685e-01	2.45114226e-01	9.28358685e-01	3.11441165e-01
1.98400000e+02	9.34145493e-01	2.42034127e-01	9.34145493e-01	2.42034129e-01	9.34145493e-01	2.43318548e-01	9.34145493e-01	3.10327578e-01
1.98500000e+02	9.39965212e-01	2.40226551e-01	9.39965212e-01	2.40226553e-01	9.39965212e-01	2.41531966e-01	9.39965212e-01	3.09228668e-01
1.98600000e+02	9.45817966e-01	2.38427764e-01	9.45817966e-01	2.38427767e-01	9.45817966e-01	2.39754491e-01	9.45817966e-01	3.08144472e-01
1.98700000e+02	9.51703879e-01	2.36637773e-01	9.51703879e-01	2.36637775e-01	9.51703879e-01	2.37986132e-01	9.51703879e-01	3.07075029e-01
1.98800000e+02	9.57623078e-01	2.34856580e-01	9.57623078e-01	2.34856583e-01	9.57623078e-01	2.36226897e-01	9.57623078e-01	3.06020376e-01
1.98900000e+02	9.63575687e-01	2.33084191e-01	9.63575687e-01	2.33084194e-01	9.63575687e-01	2.34476795e-01	9.63575687e-01	3.04980549e-01
1.99000000e+02	9.69561832e-01	2.31320608e-01	9.69561832e-01	2.31320611e-01	9.69561832e-01	2.32735834e-01	9.69561832e-01	3.03955586e-01
1.99100000e+02	9.75581638e-01	2.29565834e-01	9.75581638e-01	2.29565837e-01	9.75581638e-01	2.31004021e-01	9.75581638e-01	3.02945520e-01
1.99200000e+02	9.81635232e-01	2.27819871e-01	9.81635232e-01	2.27819874e-01	9.81635232e-01	2.29281363e-01	9.81635232e-01	3.01950387e-01
1.99300000e+02	9.87722739e-01	2.26082722e-01	9.87722739e-01	2.26082725e-01	9.87722739e-01	2.27567866e-01	9.87722739e-01	3.00970223e-01
1.99400000e+02	9.93844286e-01	2.24354386e-01	9.93844286e-01	2.24354389e-01	9.93844286e-01	2.25863536e-01	9.93844286e-01	3.00005059e-01
1.99500000e+02	1.00000000e+00	2.22634866e-01	1.00000000e+00	2.22634869e-01	1.00000000e+00	2.24168378e-01	1.00000000e+00	2.99054930e-01
1.99600000e+02	9.99727669e-01	2.20924160e-01	9.99338624e-01	2.20924163e-01	9.98737374e-01	2.22482398e-01	9.97685185e-01	2.98119869e-01
1.99700000e+02	9.99455338e-01	2.19222269e-01	9.98677249e-01	2.19222272e-01	9.97474747e-01	2.20805599e-01	9.95370370e-01	2.97199907e-01
1.99800000e+02	9.99183007e-01	2.17529192e-01	9.98015873e-01	2.17529195e-01	9.96212121e-01	2.19137986e-01	9.93055556e-01	2.96295076e-01
1.99900000e+02	9.98910675e-01	2.15844927e-01	9.97354497e-01	2.15844930e-01	9.94949495e-01	2.17479562e-01	9.90740741e-01	2.95405408e-01
2.00000000e+02	9.98638344e-01	2.14169472e-01	9.96693122e-01	2.14169475e-01	9.93686869e-01	2.15830331e-01	9.88425926e-01	2.94530932e-01
2.00100000e+02	9.98366013e-01	2.12502824e-01	9.96031746e-01	2.12502828e-01	9.92424242e-01	2.14190295e-01	9.86111111e-01	2.93671678e-01
2.00200000e+02	9.98093682e-01	2.10844982e-01	9.95370370e-01	2.10844985e-01	9.91161616e-01	2.12559456e-01	9.83796296e-01	2.92827676e-01
2.00300000e+02	9.97821351e-01	2.09195941e-01	9.94708995e-01	2.09195944e-01	9.89898990e-01	2.10937815e-01	9.81481481e-01	2.91998955e-01
2.00400000e+02	9.97549020e-01	2.07555697e-01	9.94047619e-01	2.07555701e-01	9.88636364e-01	2.09325375e-01	9.79166667e-01	2.91185543e-01
2.00500000e+02	9.97276688e-01	2.05924246e-01	9.93386243e-01	2.05924250e-01	9.87373737e-01	2.07722136e-01	9.76851852e-01	2.90387467e-01
2.00600000e+02	9.97004357e-01	2.04301584e-01	9.92724868e-01	2.04301588e-01	9.86111111e-01	2.06128099e-01	9.74537037e-01	2.89604755e-01
2.00700000e+02	9.96732026e-01	2.02687704e-01	9.92063492e-01	2.02687708e-01	9.84848485e-01	2.04543263e-01	9.72222222e-01	2.88837433e-01
2.00800000e+02	9.96459695e-01	2.01082601e-01	9.91402116e-01	2.01082605e-01	9.83585859e-01	2.02967629e-01	9.69907407e-01	2.88085527e-01
2.00900000e+02	9.96187364e-01	1.99486268e-01	9.90740741e-01	1.99486272e-01	9.82323232e-01	2.01401195e-01	9.67592593e-01	2.87349062e-01
2.01000000e+02	9.95915033e-01	1.97898699e-01	9.90079365e-01	1.97898704e-01	9.81060606e-01	1.99843960e-01	9.65277778e-01	2.86628065e-01
2.01100000e+02	9.95642702e-01	1.96319886e-01	9.89417989e-01	1.96319891e-01	9.79797980e-01	1.98295923e-01	9.62962963e-01	2.85922558e-01
2.01200000e+02	9.95370370e-01	1.94749822e-01	9.88756614e-01	1.94749827e-01	9.78535354e-01	1.96757082e-01	9.60648148e-01	2.85232565e-01
2.01300000e+02	9.95098039e-01	1.93188499e-01	9.88095238e-01	1.93188504e-01	9.77272727e-01	1.95227434e-01	9.58333333e-01	2.84558111e-01
2.01400000e+02	9.94825708e-01	1.91635907e-01	9.87433862e-01	1.91635912e-01	9.76010101e-01	1.93706977e-01	9.56018519e-01	2.83899217e-01
2.01500000e+02	9.94553377e-01	1.90092038e-01	9.86772487e-01	1.90092043e-01	9.74747475e-01	1.92195707e-01	9.53703704e-01	2.83255906e-01
2.01600000e+02	9.94281046e-01	1.88556882e-01	9.86111111e-01	1.88556887e-01	9.73484848e-01	1.90693621e-01	9.51388889e-01	2.82628200e-01
2.01700000e+02	9.94008715e-01	1.87030430e-01	9.85449735e-01	1.87030435e-01	9.72222222e-01	1.89200716e-01	9.49074074e-01	2.82016119e-01
2.01800000e+02	9.93736383e-01	1.85512670e-01	9.84788360e-01	1.85512675e-01	9.70959596e-01	1.87716986e-01	9.46759259e-01	2.81419684e-01
2.01900000e+02	9.93464052e-01	1.84003592e-01	9.84126984e-01	1.84003598e-01	9.69696970e-01	1.86242427e-01	9.44444444e-01	2.80838915e-01
2.02000000e+02	9.93191721e-01	1.82503185e-01	9.83465608e-01	1.82503191e-01	9.68434343e-01	1.84777035e-01	9.42129630e-01	2.80273832e-01
2.02100000e+02	9.92919390e-01	1.81011437e-01	9.82804233e-01	1.81011443e-01	9.67171717e-01	1.83320803e-01	9.39814815e-01	2.79724452e-01
2.02200000e+02	9.92647059e-01	1.79528336e-01	9.82142857e-01	1.79528342e-01	9.65909091e-01	1.81873727e-01	9.37500000e-01	2.79190796e-01
2.02300000e+02	9.92374728e-01	1.78053870e-01	9.81481481e-01	1.78053876e-01	9.64646465e-01	1.80435800e-01	9.35185185e-01	2.78672880e-01
2.02400000e+02	9.92102397e-01	1.76588025e-01	9.80820106e-01	1.76588031e-01	9.63383838e-01	1.79007016e-01	9.32870370e-01	2.78170722e-01
2.02500000e+02	9.91830065e-01	1.75130788e-01	9.80158730e-01	1.75130795e-01	9.62121212e-01	1.77587368e-01	9.30555556e-01	2.77684338e-01
2.02600000e+02	9.91557734e-01	1.73682146e-01	9.79497354e-01	1.73682153e-01	9.60858586e-01	1.76176850e-01	9.28240741e-01	2.77213745e-01
2.02700000e+02	9.91285403e-01	1.72242085e-01	9.78835979e-01	1.72242092e-01	9.59595960e-01	1.74775453e-01	9.25925926e-01	2.76758959e-01
2.02800000e+02	9.91013072e-01	1.70810590e-01	9.78174603e-01	1.70810597e-01	9.58333333e-01	1.73383171e-01	9.23611111e-01	2.76319994e-01
2.02900000e+02	9.90740741e-01	1.69387645e-01	9.77513228e-01	1.69387653e-01	9.57070707e-01	1.71999996e-01	9.21296296e-01	2.75896865e-01
2.03000000e+02	9.90468410e-01	1.67973237e-01	9.76851852e-01	1.67973245e-01	9.55808081e-01	1.70625918e-01	9.18981481e-01	2.75489586e-01
2.03100000e+02	9.90196078e-01	1.66567349e-01	9.76190476e-01	1.66567357e-01	9.54545455e-01	1.69260930e-01	9.16666667e-01	2.75098171e-01
2.03200000e+02	9.89923747e-01	1.65169965e-01	9.75529101e-01	1.65169973e-01	9.53282828e-01	1.67905022e-01	9.14351852e-01	2.74722633e-01
2.03300000e+02	9.89651416e-01	1.63781068e-01	9.74867725e-01	1.63781077e-01	9.52020202e-01	1.66558186e-01	9.12037037e-01	2.74362984e-01
2.03400000e+02	9.89379085e-01	1.62400643e-01	9.74206349e-01	1.62400652e-01	9.50757576e-01	1.65220413e-01	9.09722222e-01	2.74019236e-01
2.03500000e+02	9.89106754e-01	1.61028673e-01	9.73544974e-01	1.61028681e-01	9.49494949e-01	1.63891691e-01	9.07407407e-01	2.73691400e-01
2.03600000e+02	9.88834423e-01	1.59665138e-01	9.72883598e-01	1.59665147e-01	9.48232323e-01	1.62572012e-01	9.05092593e-01	2.73379487e-01
2.03700000e+02	9.88562092e-01	1.58310023e-01	9.72222222e-01	1.58310032e-01	9.46969697e-01	1.61261366e-01	9.02777778e-01	2.73083508e-01
2.03800000e+02	9.88289760e-01	1.56963308e-01	9.71560847e-01	1.56963317e-01	9.45707071e-01	1.59959740e-01	9.00462963e-01	2.72803473e-01
2.03900000e+02	9.88017429e-01	1.55624975e-01	9.70899471e-01	1.55624985e-01	9.44444444e-01	1.58667126e-01	8.98148148e-01	2.72539390e-01
2.04000000e+02	9.87745098e-01	1.54295006e-01	9.70238095e-01	1.54295016e-01	9.43181818e-01	1.57383511e-01	8.95833333e-01	2.72291268e-01
2.04100000e+02	9.87472767e-01	1.52973380e-01	9.69576720e-01	1.52973391e-01	9.41919192e-01	1.56108885e-01	8.93518519e-01	2.72059116e-01
2.04200000e+02	9.87200436e-01	1.51660080e-01	9.68915344e-01	1.51660090e-01	9.40656566e-01	1.54843236e-01	8.91203704e-01	2.71842942e-01
2.04300000e+02	9.86928105e-01	1.50355084e-01	9.68253968e-01	1.50355095e-01	9.39393939e-01	1.53586552e-01	8.88888889e-01	2.71642751e-01
2.04400000e+02	9.86655773e-01	1.49058373e-01	9.67592593e-01	1.49058384e-01	9.38131313e-01	1.52338821e-01	8.86574074e-01	2.71458552e-01
2.04500000e+02	9.86383442e-01	1.47769927e-01	9.66931217e-01	1.47769938e-01	9.36868687e-01	1.51100030e-01	8.84259259e-01	2.71290349e-01
2.04600000e+02	9.86111111e-01	1.46489723e-01	9.66269841e-01	1.46489735e-01	9.35606061e-01	1.49870168e-01	8.81944444e-01	2.71138149e-01
2.04700000e+02	9.85838780e-01	1.45217743e-01	9.65608466e-01	1.45217755e-01	9.34343434e-01	1.48649222e-01	8.79629630e-01	2.71001957e-01
2.04800000e+02	9.85566449e-01	1.43953964e-01	9.64947090e-01	1.43953976e-01	9.33080808e-01	1.47437178e-01	8.77314815e-01	2.70881777e-01
2.04900000e+02	9.85294118e-01	1.42698364e-01	9.64285714e-01	1.42698377e-01	9.31818182e-01	1.46234024e-01	8.75000000e-01	2.70777613e-01
2.05000000e+02	9.85021786e-01	1.41450921e-01	9.63624339e-01	1.41450934e-01	9.30555556e-01	1.45039746e-01	8.72685185e-01	2.70689468e-01
2.05100000e+02	9.84749455e-01	1.40211614e-01	9.62962963e-01	1.40211628e-01	9.29292929e-01	1.43854331e-01	8.70370370e-01	2.70617345e-01
2.05200000e+02	9.84477124e-01	1.38980420e-01	9.62301587e-01	1.38980434e-01	9.28030303e-01	1.42677765e-01	8.68055556e-01	2.70561248e-01
2.05300000e+02	9.84204793e-01	1.37757315e-01	9.61640212e-01	1.37757330e-01	9.26767677e-01	1.41510033e-01	8.65740741e-01	2.70521177e-01
2.05400000e+02	9.83932462e-01	1.36542277e-01	9.60978836e-01	1.36542292e-01	9.25505051e-01	1.40351122e-01	8.63425926e-01	2.70497133e-01
2.05500000e+02	9.83660131e-01	1.35335283e-01	9.60317460e-01	1.35335298e-01	9.24242424e-01	1.39201018e-01	8.61111111e-01	2.70489119e-01
2.05600000e+02	9.83387800e-01	1.34136309e-01	9.59656085e-01	1.34136325e-01	9.22979798e-01	1.38059706e-01	8.58796296e-01	2.70497133e-01
2.05700000e+02	9.83115468e-01	1.32945331e-01	9.58994709e-01	1.32945347e-01	9.21717172e-01	1.36927171e-01	8.56481481e-01	2.70521177e-01
2.05800000e+02	9.82843137e-01	1.31762324e-01	9.58333333e-01	1.31762340e-01	9.20454545e-01	1.35803398e-01	8.54166667e-01	2.70561248e-01
2.05900000e+02	9.82570806e-01	1.30587265e-01	9.57671958e-01	1.30587282e-01	9.19191919e-01	1.34688373e-01	8.51851852e-01	2.70617345e-01
2.06000000e+02	9.82298475e-01	1.29420128e-01	9.57010582e-01	1.29420146e-01	9.17929293e-01	1.33582080e-01	8.49537037e-01	2.70689468e-01
2.06100000e+02	9.82026144e-01	1.28260890e-01	9.56349206e-01	1.28260908e-01	9.16666667e-01	1.32484504e-01	8.47222222e-01	2.70777613e-01
2.06200000e+02	9.81753813e-01	1.27109524e-01	9.55687831e-01	1.27109542e-01	9.15404040e-01	1.31395630e-01	8.44907407e-01	2.70881777e-01
2.06300000e+02	9.81481481e-01	1.25966005e-01	9.55026455e-01	1.25966024e-01	9.14141414e-01	1.30315441e-01	8.42592593e-01	2.71001957e-01
2.06400000e+02	9.81209150e-01	1.24830308e-01	9.54365079e-01	1.24830327e-01	9.12878788e-01	1.29243923e-01	8.40277778e-01	2.71138149e-01
2.06500000e+02	9.80936819e-01	1.23702407e-01	9.53703704e-01	1.23702427e-01	9.11616162e-01	1.28181059e-01	8.37962963e-01	2.71290349e-01
2.06600000e+02	9.80664488e-01	1.22582275e-01	9.53042328e-01	1.22582296e-01	9.10353535e-01	1.27126833e-01	8.35648148e-01	2.71458552e-01
2.06700000e+02	9.80392157e-01	1.21469887e-01	9.52380952e-01	1.21469908e-01	9.09090909e-01	1.26081229e-01	8.33333333e-01	2.71642751e-01
2.06800000e+02	9.80119826e-01	1.20365216e-01	9.51719577e-01	1.20365238e-01	9.07828283e-01	1.25044231e-01	8.31018519e-01	2.71842942e-01
2.06900000e+02	9.79847495e-01	1.19268235e-01	9.51058201e-01	1.19268257e-01	9.06565657e-01	1.24015822e-01	8.28703704e-01	2.72059116e-01
2.07000000e+02	9.79575163e-01	1.18178917e-01	9.50396825e-01	1.18178940e-01	9.05303030e-01	1.22995987e-01	8.26388889e-01	2.72291268e-01
2.07100000e+02	9.79302832e-01	1.17097235e-01	9.49735450e-01	1.17097259e-01	9.04040404e-01	1.21984707e-01	8.24074074e-01	2.72539390e-01
2.07200000e+02	9.79030501e-01	1.16023162e-01	9.49074074e-01	1.16023186e-01	9.02777778e-01	1.20981967e-01	8.21759259e-01	2.72803473e-01
2.07300000e+02	9.78758170e-01	1.14956670e-01	9.48412698e-01	1.14956695e-01	9.01515152e-01	1.19987750e-01	8.19444444e-01	2.73083508e-01
2.07400000e+02	9.78485839e-01	1.13897732e-01	9.47751323e-01	1.13897757e-01	9.00252525e-01	1.19002039e-01	8.17129630e-01	2.73379487e-01
2.07500000e+02	9.78213508e-01	1.12846319e-01	9.47089947e-01	1.12846345e-01	8.98989899e-01	1.18024817e-01	8.14814815e-01	2.73691400e-01
2.07600000e+02	9.77941176e-01	1.11802403e-01	9.46428571e-01	1.11802430e-01	8.97727273e-01	1.17056067e-01	8.12500000e-01	2.74019236e-01
2.07700000e+02	9.77668845e-01	1.10765957e-01	9.45767196e-01	1.10765984e-01	8.96464646e-01	1.16095771e-01	8.10185185e-01	2.74362984e-01
2.07800000e+02	9.77396514e-01	1.09736951e-01	9.45105820e-01	1.09736979e-01	8.95202020e-01	1.15143913e-01	8.07870370e-01	2.74722633e-01
2.07900000e+02	9.77124183e-01	1.08715356e-01	9.44444444e-01	1.08715385e-01	8.93939394e-01	1.14200475e-01	8.05555556e-01	2.75098171e-01
2.08000000e+02	9.76851852e-01	1.07701145e-01	9.43783069e-01	1.07701175e-01	8.92676768e-01	1.13265439e-01	8.03240741e-01	2.75489586e-01
2.08100000e+02	9.76579521e-01	1.06694288e-01	9.43121693e-01	1.06694318e-01	8.91414141e-01	1.12338789e-01	8.00925926e-01	2.75896865e-01
2.08200000e+02	9.76307190e-01	1.05694756e-01	9.42460317e-01	1.05694787e-01	8.90151515e-01	1.11420507e-01	7.98611111e-01	2.76319994e-01
2.08300000e+02	9.76034858e-01	1.04702519e-01	9.41798942e-01	1.04702551e-01	8.88888889e-01	1.10510576e-01	7.96296296e-01	2.76758959e-01
2.08400000e+02	9.75762527e-01	1.03717549e-01	9.41137566e-01	1.03717582e-01	8.87626263e-01	1.09608977e-01	7.93981481e-01	2.77213745e-01
2.08500000e+02	9.75490196e-01	1.02739815e-01	9.40476190e-01	1.02739848e-01	8.86363636e-01	1.08715693e-01	7.91666667e-01	2.77684338e-01
2.08600000e+02	9.75217865e-01	1.01769288e-01	9.39814815e-01	1.01769322e-01	8.85101010e-01	1.07830707e-01	7.89351852e-01	2.78170722e-01
2.08700000e+02	9.74945534e-01	1.00805937e-01	9.39153439e-01	1.00805973e-01	8.83838384e-01	1.06954000e-01	7.87037037e-01	2.78672880e-01
2.08800000e+02	9.74673203e-01	9.98497334e-02	9.38492063e-01	9.98497697e-02	8.82575758e-01	1.06085555e-01	7.84722222e-01	2.79190796e-01
2.08900000e+02	9.74400871e-01	9.89006462e-02	9.37830688e-01	9.89006835e-02	8.81313131e-01	1.05225355e-01	7.82407407e-01	2.79724452e-01
2.09000000e+02	9.74128540e-01	9.79586453e-02	9.37169312e-01	9.79586835e-02	8.80050505e-01	1.04373381e-01	7.80092593e-01	2.80273832e-01
2.09100000e+02	9.73856209e-01	9.70237000e-02	9.36507937e-01	9.70237393e-02	8.78787879e-01	1.03529616e-01	7.77777778e-01	2.80838915e-01
2.09200000e+02	9.73583878e-01	9.60957800e-02	9.35846561e-01	9.60958203e-02	8.77525253e-01	1.02694041e-01	7.75462963e-01	2.81419684e-01
2.09300000e+02	9.73311547e-01	9.51748544e-02	9.35185185e-01	9.51748958e-02	8.76262626e-01	1.01866640e-01	7.73148148e-01	2.82016119e-01
2.09400000e+02	9.73039216e-01	9.42608925e-02	9.34523810e-01	9.42609350e-02	8.75000000e-01	1.01047393e-01	7.70833333e-01	2.82628200e-01
2.09500000e+02	9.72766885e-01	9.33538633e-02	9.33862434e-01	9.33539069e-02	8.73737374e-01	1.00236284e-01	7.68518519e-01	2.83255906e-01
2.09600000e+02	9.72494553e-01	9.24537358e-02	9.33201058e-01	9.24537805e-02	8.72474747e-01	9.94332944e-02	7.66203704e-01	2.83899217e-01
2.09700000e+02	9.72222222e-01	9.15604787e-02	9.32539683e-01	9.15605246e-02	8.71212121e-01	9.86384064e-02	7.63888889e-01	2.84558111e-01
2.09800000e+02	9.71949891e-01	9.06740609e-02	9.31878307e-01	9.06741080e-02	8.69949495e-01	9.78516021e-02	7.61574074e-01	2.85232565e-01
2.09900000e+02	9.71677560e-01	8.97944510e-02	9.31216931e-01	8.97944993e-02	8.68686869e-01	9.70728639e-02	7.59259259e-01	2.85922558e-01
2.10000000e+02	9.71405229e-01	8.89216175e-02	9.30555556e-01	8.89216670e-02	8.67424242e-01	9.63021738e-02	7.56944444e-01	2.86628065e-01
2.10100000e+02	9.71132898e-01	8.80555288e-02	9.29894180e-01	8.80555797e-02	8.66161616e-01	9.55395141e-02	7.54629630e-01	2.87349062e-01
2.10200000e+02	9.70860566e-01	8.71961534e-02	9.29232804e-01	8.71962056e-02	8.64898990e-01	9.47848671e-02	7.52314815e-01	2.88085527e-01
2.10300000e+02	9.70588235e-01	8.63434594e-02	9.28571429e-01	8.63435130e-02	8.63636364e-01	9.40382150e-02	7.50000000e-01	2.88837433e-01
2.10400000e+02	9.70315904e-01	8.54974151e-02	9.27910053e-01	8.54974701e-02	8.62373737e-01	9.32995402e-02	7.47685185e-01	2.89604755e-01
2.10500000e+02	9.70043573e-01	8.46579886e-02	9.27248677e-01	8.46580450e-02	8.61111111e-01	9.25688251e-02	7.45370370e-01	2.90387467e-01
2.10600000e+02	9.69771242e-01	8.38251479e-02	9.26587302e-01	8.38252057e-02	8.59848485e-01	9.18460520e-02	7.43055556e-01	2.91185543e-01
2.10700000e+02	9.69498911e-01	8.29988609e-02	9.25925926e-01	8.29989203e-02	8.58585859e-01	9.11312033e-02	7.40740741e-01	2.91998955e-01
2.10800000e+02	9.69226580e-01	8.21790956e-02	9.25264550e-01	8.21791565e-02	8.57323232e-01	9.04242616e-02	7.38425926e-01	2.92827676e-01
2.10900000e+02	9.68954248e-01	8.13658197e-02	9.24603175e-01	8.13658821e-02	8.56060606e-01	8.97252094e-02	7.36111111e-01	2.93671678e-01
2.11000000e+02	9.68681917e-01	8.05590009e-02	9.23941799e-01	8.05590650e-02	8.54797980e-01	8.90340293e-02	7.33796296e-01	2.94530932e-01
2.11100000e+02	9.68409586e-01	7.97586071e-02	9.23280423e-01	7.97586728e-02	8.53535354e-01	8.83507040e-02	7.31481481e-01	2.95405408e-01
2.11200000e+02	9.68137255e-01	7.89646057e-02	9.22619048e-01	7.89646732e-02	8.52272727e-01	8.76752162e-02	7.29166667e-01	2.96295076e-01
2.11300000e+02	9.67864924e-01	7.81769645e-02	9.21957672e-01	7.81770336e-02	8.51010101e-01	8.70075486e-02	7.26851852e-01	2.97199907e-01
2.11400000e+02	9.67592593e-01	7.73956508e-02	9.21296296e-01	7.73957218e-02	8.49747475e-01	8.63476842e-02	7.24537037e-01	2.98119869e-01
2.11500000e+02	9.67320261e-01	7.66206322e-02	9.20634921e-01	7.66207050e-02	8.48484848e-01	8.56956059e-02	7.22222222e-01	2.99054930e-01
2.11600000e+02	9.67047930e-01	7.58518761e-02	9.19973545e-01	7.58519508e-02	8.47222222e-01	8.50512966e-02	7.19907407e-01	3.00005059e-01
2.11700000e+02	9.66775599e-01	7.50893498e-02	9.19312169e-01	7.50894265e-02	8.45959596e-01	8.44147395e-02	7.17592593e-01	3.00970223e-01
2.11800000e+02	9.66503268e-01	7.43330209e-02	9.18650794e-01	7.43330994e-02	8.44696970e-01	8.37859178e-02	7.15277778e-01	3.01950387e-01
2.11900000e+02	9.66230937e-01	7.35828564e-02	9.17989418e-01	7.35829370e-02	8.43434343e-01	8.31648147e-02	7.12962963e-01	3.02945520e-01
2.12000000e+02	9.65958606e-01	7.28388237e-02	9.17328042e-01	7.28389064e-02	8.42171717e-01	8.25514136e-02	7.10648148e-01	3.03955586e-01
2.12100000e+02	9.65686275e-01	7.21008901e-02	9.16666667e-01	7.21009749e-02	8.40909091e-01	8.19456980e-02	7.08333333e-01	3.04980549e-01
2.12200000e+02	9.65413943e-01	7.13690228e-02	9.16005291e-01	7.13691098e-02	8.39646465e-01	8.13476513e-02	7.06018519e-01	3.06020376e-01
2.12300000e+02	9.65141612e-01	7.06431889e-02	9.15343915e-01	7.06432781e-02	8.38383838e-01	8.07572573e-02	7.03703704e-01	3.07075029e-01
2.12400000e+02	9.64869281e-01	6.99233557e-02	9.14682540e-01	6.99234472e-02	8.37121212e-01	8.01744997e-02	7.01388889e-01	3.08144472e-01
2.12500000e+02	9.64596950e-01	6.92094902e-02	9.14021164e-01	6.92095840e-02	8.35858586e-01	7.95993623e-02	6.99074074e-01	3.09228668e-01
2.12600000e+02	9.64324619e-01	6.85015596e-02	9.13359788e-01	6.85016559e-02	8.34595960e-01	7.90318292e-02	6.96759259e-01	3.10327578e-01
2.12700000e+02	9.64052288e-01	6.77995311e-02	9.12698413e-01	6.77996298e-02	8.33333333e-01	7.84718844e-02	6.94444444e-01	3.11441165e-01
2.12800000e+02	9.63779956e-01	6.71033717e-02	9.12037037e-01	6.71034729e-02	8.32070707e-01	7.79195122e-02	6.92129630e-01	3.12569389e-01
2.12900000e+02	9.63507625e-01	6.64130485e-02	9.11375661e-01	6.64131523e-02	8.30808081e-01	7.73746969e-02	6.89814815e-01	3.13712212e-01
2.13000000e+02	9.63235294e-01	6.57285286e-02	9.10714286e-01	6.57286351e-02	8.29545455e-01	7.68374228e-02	6.87500000e-01	3.14869592e-01
2.13100000e+02	9.62962963e-01	6.50497791e-02	9.10052910e-01	6.50498883e-02	8.28282828e-01	7.63076747e-02	6.85185185e-01	3.16041489e-01
2.13200000e+02	9.62690632e-01	6.43767672e-02	9.09391534e-01	6.43768791e-02	8.27020202e-01	7.57854372e-02	6.82870370e-01	3.17227862e-01
2.13300000e+02	9.62418301e-01	6.37094598e-02	9.08730159e-01	6.37095746e-02	8.25757576e-01	7.52706951e-02	6.80555556e-01	3.18428669e-01
2.13400000e+02	9.62145969e-01	6.30478241e-02	9.08068783e-01	6.30479418e-02	8.24494949e-01	7.47634335e-02	6.78240741e-01	3.19643867e-01
2.13500000e+02	9.61873638e-01	6.23918271e-02	9.07407407e-01	6.23919478e-02	8.23232323e-01	7.42636374e-02	6.75925926e-01	3.20873414e-01
2.13600000e+02	9.61601307e-01	6.17414361e-02	9.06746032e-01	6.17415599e-02	8.21969697e-01	7.37712921e-02	6.73611111e-01	3.22117266e-01
2.13700000e+02	9.61328976e-01	6.10966180e-02	9.06084656e-01	6.10967450e-02	8.20707071e-01	7.32863829e-02	6.71296296e-01	3.23375378e-01
2.13800000e+02	9.61056645e-01	6.04573402e-02	9.05423280e-01	6.04574703e-02	8.19444444e-01	7.28088955e-02	6.68981481e-01	3.24647707e-01
2.13900000e+02	9.60784314e-01	5.98235696e-02	9.04761905e-01	5.98237030e-02	8.18181818e-01	7.23388156e-02	6.66666667e-01	3.25934206e-01
2.14000000e+02	9.60511983e-01	5.91952735e-02	9.04100529e-01	5.91954103e-02	8.16919192e-01	7.18761289e-02	6.64351852e-01	3.27234829e-01
2.14100000e+02	9.60239651e-01	5.85724190e-02	9.03439153e-01	5.85725593e-02	8.15656566e-01	7.14208215e-02	6.62037037e-01	3.28549530e-01
2.14200000e+02	9.59967320e-01	5.79549735e-02	9.02777778e-01	5.79551173e-02	8.14393939e-01	7.09728795e-02	6.59722222e-01	3.29878263e-01
2.14300000e+02	9.59694989e-01	5.73429041e-02	9.02116402e-01	5.73430515e-02	8.13131313e-01	7.05322893e-02	6.57407407e-01	3.31220978e-01
2.14400000e+02	9.59422658e-01	5.67361781e-02	9.01455026e-01	5.67363293e-02	8.11868687e-01	7.00990373e-02	6.55092593e-01	3.32577629e-01
2.14500000e+02	9.59150327e-01	5.61347628e-02	9.00793651e-01	5.61349178e-02	8.10606061e-01	6.96731102e-02	6.52777778e-01	3.33948165e-01
2.14600000e+02	9.58877996e-01	5.55386256e-02	9.00132275e-01	5.55387845e-02	8.09343434e-01	6.92544948e-02	6.50462963e-01	3.35332538e-01
2.14700000e+02	9.58605664e-01	5.49477338e-02	8.99470899e-01	5.49478967e-02	8.08080808e-01	6.88431780e-02	6.48148148e-01	3.36730698e-01
2.14800000e+02	9.58333333e-01	5.43620549e-02	8.98809524e-01	5.43622219e-02	8.06818182e-01	6.84391470e-02	6.45833333e-01	3.38142593e-01
2.14900000e+02	9.58061002e-01	5.37815562e-02	8.98148148e-01	5.37817274e-02	8.05555556e-01	6.80423892e-02	6.43518519e-01	3.39568172e-01
2.15000000e+02	9.57788671e-01	5.32062054e-02	8.97486772e-01	5.32063809e-02	8.04292929e-01	6.76528921e-02	6.41203704e-01	3.41007384e-01
2.15100000e+02	9.57516340e-01	5.26359698e-02	8.96825397e-01	5.26361497e-02	8.03030303e-01	6.72706432e-02	6.38888889e-01	3.42460176e-01
2.15200000e+02	9.57244009e-01	5.20708172e-02	8.96164021e-01	5.20710016e-02	8.01767677e-01	6.68956306e-02	6.36574074e-01	3.43926495e-01
2.15300000e+02	9.56971678e-01	5.15107151e-02	8.95502646e-01	5.15109041e-02	8.00505051e-01	6.65278422e-02	6.34259259e-01	3.45406288e-01
2.15400000e+02	9.56699346e-01	5.09556313e-02	8.94841270e-01	5.09558250e-02	7.99242424e-01	6.61672663e-02	6.31944444e-01	3.46899499e-01
2.15500000e+02	9.56427015e-01	5.04055334e-02	8.94179894e-01	5.04057319e-02	7.97979798e-01	6.58138913e-02	6.29629630e-01	3.48406075e-01
2.15600000e+02	9.56154684e-01	4.98603892e-02	8.93518519e-01	4.98605927e-02	7.96717172e-01	6.54677058e-02	6.27314815e-01	3.49925959e-01
2.15700000e+02	9.55882353e-01	4.93201666e-02	8.92857143e-01	4.93203752e-02	7.95454545e-01	6.51286986e-02	6.25000000e-01	3.51459096e-01
2.15800000e+02	9.55610022e-01	4.87848335e-02	8.92195767e-01	4.87850474e-02	7.94191919e-01	6.47968587e-02	6.22685185e-01	3.53005429e-01
2.15900000e+02	9.55337691e-01	4.82543579e-02	8.91534392e-01	4.82545771e-02	7.92929293e-01	6.44721753e-02	6.20370370e-01	3.54564900e-01
2.16000000e+02	9.55065359e-01	4.77287078e-02	8.90873016e-01	4.77289324e-02	7.91666667e-01	6.41546378e-02	6.18055556e-01	3.56137453e-01
2.16100000e+02	9.54793028e-01	4.72078512e-02	8.90211640e-01	4.72080814e-02	7.90404040e-01	6.38442358e-02	6.15740741e-01	3.57723027e-01
2.16200000e+02	9.54520697e-01	4.66917563e-02	8.89550265e-01	4.66919922e-02	7.89141414e-01	6.35409591e-02	6.13425926e-01	3.59321565e-01
2.16300000e+02	9.54248366e-01	4.61803914e-02	8.88888889e-01	4.61806332e-02	7.87878788e-01	6.32447976e-02	6.11111111e-01	3.60933007e-01
2.16400000e+02	9.53976035e-01	4.56737247e-02	8.88227513e-01	4.56739725e-02	7.86616162e-01	6.29557416e-02	6.08796296e-01	3.62557291e-01
2.16500000e+02	9.53703704e-01	4.51717246e-02	8.87566138e-01	4.51719785e-02	7.85353535e-01	6.26737815e-02	6.06481481e-01	3.64194358e-01
2.16600000e+02	9.53431373e-01	4.46743595e-02	8.86904762e-01	4.46746197e-02	7.84090909e-01	6.23989078e-02	6.04166667e-01	3.65844145e-01
2.16700000e+02	9.53159041e-01	4.41815979e-02	8.86243386e-01	4.41818646e-02	7.82828283e-01	6.21311115e-02	6.01851852e-01	3.67506591e-01
2.16800000e+02	9.52886710e-01	4.36934084e-02	8.85582011e-01	4.36936817e-02	7.81565657e-01	6.18703835e-02	5.99537037e-01	3.69181633e-01
2.16900000e+02	9.52614379e-01	4.32097598e-02	8.84920635e-01	4.32100398e-02	7.80303030e-01	6.16167151e-02	5.97222222e-01	3.70869207e-01
2.17000000e+02	9.52342048e-01	4.27306206e-02	8.84259259e-01	4.27309075e-02	7.79040404e-01	6.13700977e-02	5.94907407e-01	3.72569250e-01
2.17100000e+02	9.52069717e-01	4.22559597e-02	8.83597884e-01	4.22562538e-02	7.77777778e-01	6.11305231e-02	5.92592593e-01	3.74281696e-01
2.17200000e+02	9.51797386e-01	4.17857461e-02	8.82936508e-01	4.17860474e-02	7.76515152e-01	6.08979832e-02	5.90277778e-01	3.76006481e-01
2.17300000e+02	9.51525054e-01	4.13199487e-02	8.82275132e-01	4.13202574e-02	7.75252525e-01	6.06724700e-02	5.87962963e-01	3.77743540e-01
2.17400000e+02	9.51252723e-01	4.08585366e-02	8.81613757e-01	4.08588529e-02	7.73989899e-01	6.04539758e-02	5.85648148e-01	3.79492804e-01
2.17500000e+02	9.50980392e-01	4.04014789e-02	8.80952381e-01	4.04018030e-02	7.72727273e-01	6.02424934e-02	5.83333333e-01	3.81254209e-01
2.17600000e+02	9.50708061e-01	3.99487449e-02	8.80291005e-01	3.99490769e-02	7.71464646e-01	6.00380154e-02	5.81018519e-01	3.83027685e-01
2.17700000e+02	9.50435730e-01	3.95003039e-02	8.79629630e-01	3.95006441e-02	7.70202020e-01	5.98405348e-02	5.78703704e-01	3.84813164e-01
2.17800000e+02	9.50163399e-01	3.90561254e-02	8.78968254e-01	3.90564739e-02	7.68939394e-01	5.96500449e-02	5.76388889e-01	3.86610578e-01
2.17900000e+02	9.49891068e-01	3.86161788e-02	8.78306878e-01	3.86165359e-02	7.67676768e-01	5.94665392e-02	5.74074074e-01	3.88419858e-01
2.18000000e+02	9.49618736e-01	3.81804338e-02	8.77645503e-01	3.81807997e-02	7.66414141e-01	5.92900113e-02	5.71759259e-01	3.90240933e-01
2.18100000e+02	9.49346405e-01	3.77488601e-02	8.76984127e-01	3.77492349e-02	7.65151515e-01	5.91204551e-02	5.69444444e-01	3.92073732e-01
2.18200000e+02	9.49074074e-01	3.73214275e-02	8.76322751e-01	3.73218115e-02	7.63888889e-01	5.89578649e-02	5.67129630e-01	3.93918184e-01
2.18300000e+02	9.48801743e-01	3.68981058e-02	8.75661376e-01	3.68984992e-02	7.62626263e-01	5.88022349e-02	5.64814815e-01	3.95774217e-01
2.18400000e+02	9.48529412e-01	3.64788652e-02	8.75000000e-01	3.64792682e-02	7.61363636e-01	5.86535598e-02	5.62500000e-01	3.97641760e-01
2.18500000e+02	9.48257081e-01	3.60636756e-02	8.74338624e-01	3.60640884e-02	7.60101010e-01	5.85118344e-02	5.60185185e-01	3.99520737e-01
2.18600000e+02	9.47984749e-01	3.56525073e-02	8.73677249e-01	3.56529302e-02	7.58838384e-01	5.83770539e-02	5.57870370e-01	4.01411077e-01
2.18700000e+02	9.47712418e-01	3.52453307e-02	8.73015873e-01	3.52457638e-02	7.57575758e-01	5.82492134e-02	5.55555556e-01	4.03312703e-01
2.18800000e+02	9.47440087e-01	3.48421160e-02	8.72354497e-01	3.48425597e-02	7.56313131e-01	5.81283087e-02	5.53240741e-01	4.05225542e-01
2.18900000e+02	9.47167756e-01	3.44428338e-02	8.71693122e-01	3.44432883e-02	7.55050505e-01	5.80143353e-02	5.50925926e-01	4.07149518e-01
2.19000000e+02	9.46895425e-01	3.40474547e-02	8.71031746e-01	3.40479203e-02	7.53787879e-01	5.79072895e-02	5.48611111e-01	4.09084554e-01
2.19100000e+02	9.46623094e-01	3.36559495e-02	8.70370370e-01	3.36564264e-02	7.52525253e-01	5.78071674e-02	5.46296296e-01	4.11030574e-01
2.19200000e+02	9.46350763e-01	3.32682890e-02	8.69708995e-01	3.32687775e-02	7.51262626e-01	5.77139655e-02	5.43981481e-01	4.12987501e-01
2.19300000e+02	9.46078431e-01	3.28844441e-02	8.69047619e-01	3.28849444e-02	7.50000000e-01	5.76276806e-02	5.41666667e-01	4.14955255e-01
2.19400000e+02	9.45806100e-01	3.25043859e-02	8.68386243e-01	3.25048983e-02	7.48737374e-01	5.75483096e-02	5.39351852e-01	4.16933759e-01
2.19500000e+02	9.45533769e-01	3.21280856e-02	8.67724868e-01	3.21286104e-02	7.47474747e-01	5.74758498e-02	5.37037037e-01	4.18922933e-01
2.19600000e+02	9.45261438e-01	3.17555143e-02	8.67063492e-01	3.17560518e-02	7.46212121e-01	5.74102986e-02	5.34722222e-01	4.20922698e-01
2.19700000e+02	9.44989107e-01	3.13866436e-02	8.66402116e-01	3.13871941e-02	7.44949495e-01	5.73516538e-02	5.32407407e-01	4.22932972e-01
2.19800000e+02	9.44716776e-01	3.10214449e-02	8.65740741e-01	3.10220086e-02	7.43686869e-01	5.72999131e-02	5.30092593e-01	4.24953676e-01
2.19900000e+02	9.44444444e-01	3.06598898e-02	8.65079365e-01	3.06604672e-02	7.42424242e-01	5.72550749e-02	5.27777778e-01	4.26984726e-01
2.20000000e+02	9.44172113e-01	3.03019501e-02	8.64417989e-01	3.03025413e-02	7.41161616e-01	5.72171376e-02	5.25462963e-01	4.29026041e-01
2.20100000e+02	9.43899782e-01	2.99475976e-02	8.63756614e-01	2.99482031e-02	7.39898990e-01	5.71860998e-02	5.23148148e-01	4.31077538e-01
2.20200000e+02	9.43627451e-01	2.95968042e-02	8.63095238e-01	2.95974243e-02	7.38636364e-01	5.71619604e-02	5.20833333e-01	4.33139133e-01
2.20300000e+02	9.43355120e-01	2.92495422e-02	8.62433862e-01	2.92501771e-02	7.37373737e-01	5.71447186e-02	5.18518519e-01	4.35210742e-01
2.20400000e+02	9.43082789e-01	2.89057836e-02	8.61772487e-01	2.89064338e-02	7.36111111e-01	5.71343737e-02	5.16203704e-01	4.37292281e-01
2.20500000e+02	9.42810458e-01	2.85655008e-02	8.61111111e-01	2.85661666e-02	7.34848485e-01	5.71309255e-02	5.13888889e-01	4.39383664e-01
2.20600000e+02	9.42538126e-01	2.82286662e-02	8.60449735e-01	2.82293480e-02	7.33585859e-01	5.71343737e-02	5.11574074e-01	4.41484805e-01
2.20700000e+02	9.42265795e-01	2.78952525e-02	8.59788360e-01	2.78959506e-02	7.32323232e-01	5.71447186e-02	5.09259259e-01	4.43595617e-01
2.20800000e+02	9.41993464e-01	2.75652323e-02	8.59126984e-01	2.75659471e-02	7.31060606e-01	5.71619604e-02	5.06944444e-01	4.45716014e-01
2.20900000e+02	9.41721133e-01	2.72385784e-02	8.58465608e-01	2.72393103e-02	7.29797980e-01	5.71860998e-02	5.04629630e-01	4.47845908e-01
2.21000000e+02	9.41448802e-01	2.69152637e-02	8.57804233e-01	2.69160132e-02	7.28535354e-01	5.72171376e-02	5.02314815e-01	4.49985210e-01
2.21100000e+02	9.41176471e-01	2.65952614e-02	8.57142857e-01	2.65960287e-02	7.27272727e-01	5.72550749e-02	5.00000000e-01	4.52133831e-01
2.21200000e+02	9.40904139e-01	2.62785446e-02	8.56481481e-01	2.62793302e-02	7.26010101e-01	5.72999131e-02	4.97685185e-01	4.54291683e-01
2.21300000e+02	9.40631808e-01	2.59650865e-02	8.55820106e-01	2.59658909e-02	7.24747475e-01	5.73516538e-02	4.95370370e-01	4.56458674e-01
2.21400000e+02	9.40359477e-01	2.56548608e-02	8.55158730e-01	2.56556843e-02	7.23484848e-01	5.74102986e-02	4.93055556e-01	4.58634714e-01
2.21500000e+02	9.40087146e-01	2.53478408e-02	8.54497354e-01	2.53486839e-02	7.22222222e-01	5.74758498e-02	4.90740741e-01	4.60819712e-01
2.21600000e+02	9.39814815e-01	2.50440003e-02	8.53835979e-01	2.50448635e-02	7.20959596e-01	5.75483096e-02	4.88425926e-01	4.63013575e-01
2.21700000e+02	9.39542484e-01	2.47433132e-02	8.53174603e-01	2.47441969e-02	7.19696970e-01	5.76276806e-02	4.86111111e-01	4.65216213e-01
2.21800000e+02	9.39270153e-01	2.44457533e-02	8.52513228e-01	2.44466580e-02	7.18434343e-01	5.77139655e-02	4.83796296e-01	4.67427530e-01
2.21900000e+02	9.38997821e-01	2.41512948e-02	8.51851852e-01	2.41522209e-02	7.17171717e-01	5.78071674e-02	4.81481481e-01	4.69647434e-01
2.22000000e+02	9.38725490e-01	2.38599119e-02	8.51190476e-01	2.38608599e-02	7.15909091e-01	5.79072895e-02	4.79166667e-01	4.71875831e-01
2.22100000e+02	9.38453159e-01	2.35715788e-02	8.50529101e-01	2.35725493e-02	7.14646465e-01	5.80143353e-02	4.76851852e-01	4.74112625e-01
2.22200000e+02	9.38180828e-01	2.32862701e-02	8.49867725e-01	2.32872635e-02	7.13383838e-01	5.81283087e-02	4.74537037e-01	4.76357721e-01
2.22300000e+02	9.37908497e-01	2.30039603e-02	8.49206349e-01	2.30049772e-02	7.12121212e-01	5.82492134e-02	4.72222222e-01	4.78611024e-01
2.22400000e+02	9.37636166e-01	2.27246243e-02	8.48544974e-01	2.27256652e-02	7.10858586e-01	5.83770539e-02	4.69907407e-01	4.80872436e-01
2.22500000e+02	9.37363834e-01	2.24482367e-02	8.47883598e-01	2.24493022e-02	7.09595960e-01	5.85118344e-02	4.67592593e-01	4.83141861e-01
2.22600000e+02	9.37091503e-01	2.21747727e-02	8.47222222e-01	2.21758633e-02	7.08333333e-01	5.86535598e-02	4.65277778e-01	4.85419201e-01
2.22700000e+02	9.36819172e-01	2.19042074e-02	8.46560847e-01	2.19053236e-02	7.07070707e-01	5.88022349e-02	4.62962963e-01	4.87704357e-01
2.22800000e+02	9.36546841e-01	2.16365159e-02	8.45899471e-01	2.16376585e-02	7.05808081e-01	5.89578649e-02	4.60648148e-01	4.89997232e-01
2.22900000e+02	9.36274510e-01	2.13716738e-02	8.45238095e-01	2.13728432e-02	7.04545455e-01	5.91204551e-02	4.58333333e-01	4.92297725e-01
2.23000000e+02	9.36002179e-01	2.11096565e-02	8.44576720e-01	2.11108533e-02	7.03282828e-01	5.92900113e-02	4.56018519e-01	4.94605736e-01
2.23100000e+02	9.35729847e-01	2.08504396e-02	8.43915344e-01	2.08516646e-02	7.02020202e-01	5.94665392e-02	4.53703704e-01	4.96921166e-01
2.23200000e+02	9.35457516e-01	2.05939990e-02	8.43253968e-01	2.05952527e-02	7.00757576e-01	5.96500449e-02	4.51388889e-01	4.99243912e-01
2.23300000e+02	9.35185185e-01	2.03403106e-02	8.42592593e-01	2.03415937e-02	6.99494949e-01	5.98405348e-02	4.49074074e-01	5.01573874e-01
2.23400000e+02	9.34912854e-01	2.00893505e-02	8.41931217e-01	2.00906636e-02	6.98232323e-01	6.00380154e-02	4.46759259e-01	5.03910950e-01
2.23500000e+02	9.34640523e-01	1.98410947e-02	8.41269841e-01	1.98424386e-02	6.96969697e-01	6.02424934e-02	4.44444444e-01	5.06255035e-01
2.23600000e+02	9.34368192e-01	1.95955198e-02	8.40608466e-01	1.95968950e-02	6.95707071e-01	6.04539758e-02	4.42129630e-01	5.08606028e-01
2.23700000e+02	9.34095861e-01	1.93526021e-02	8.39947090e-01	1.93540094e-02	6.94444444e-01	6.06724700e-02	4.39814815e-01	5.10963825e-01
2.23800000e+02	9.33823529e-01	1.91123182e-02	8.39285714e-01	1.91137583e-02	6.93181818e-01	6.08979832e-02	4.37500000e-01	5.13328321e-01
2.23900000e+02	9.33551198e-01	1.88746448e-02	8.38624339e-01	1.88761185e-02	6.91919192e-01	6.11305231e-02	4.35185185e-01	5.15699411e-01
2.24000000e+02	9.33278867e-01	1.86395589e-02	8.37962963e-01	1.86410669e-02	6.90656566e-01	6.13700977e-02	4.32870370e-01	5.18076990e-01
2.24100000e+02	9.33006536e-01	1.84070374e-02	8.37301587e-01	1.84085805e-02	6.89393939e-01	6.16167151e-02	4.30555556e-01	5.20460952e-01
2.24200000e+02	9.32734205e-01	1.81770574e-02	8.36640212e-01	1.81786364e-02	6.88131313e-01	6.18703835e-02	4.28240741e-01	5.22851190e-01
2.24300000e+02	9.32461874e-01	1.79495963e-02	8.35978836e-01	1.79512120e-02	6.86868687e-01	6.21311115e-02	4.25925926e-01	5.25247599e-01
2.24400000e+02	9.32189542e-01	1.77246314e-02	8.35317460e-01	1.77262846e-02	6.85606061e-01	6.23989078e-02	4.23611111e-01	5.27650069e-01
2.24500000e+02	9.31917211e-01	1.75021404e-02	8.34656085e-01	1.75038319e-02	6.84343434e-01	6.26737815e-02	4.21296296e-01	5.30058493e-01
2.24600000e+02	9.31644880e-01	1.72821008e-02	8.33994709e-01	1.72838315e-02	6.83080808e-01	6.29557416e-02	4.18981481e-01	5.32472763e-01
2.24700000e+02	9.31372549e-01	1.70644905e-02	8.33333333e-01	1.70662612e-02	6.81818182e-01	6.32447976e-02	4.16666667e-01	5.34892769e-01
2.24800000e+02	9.31100218e-01	1.68492874e-02	8.32671958e-01	1.68510991e-02	6.80555556e-01	6.35409591e-02	4.14351852e-01	5.37318403e-01
2.24900000e+02	9.30827887e-01	1.66364697e-02	8.32010582e-01	1.66383233e-02	6.79292929e-01	6.38442358e-02	4.12037037e-01	5.39749553e-01
2.25000000e+02	9.30555556e-01	1.64260155e-02	8.31349206e-01	1.64279119e-02	6.78030303e-01	6.41546378e-02	4.09722222e-01	5.42186110e-01
2.25100000e+02	9.30283224e-01	1.62179033e-02	8.30687831e-01	1.62198434e-02	6.76767677e-01	6.44721753e-02	4.07407407e-01	5.44627962e-01
2.25200000e+02	9.30010893e-01	1.60121115e-02	8.30026455e-01	1.60140963e-02	6.75505051e-01	6.47968587e-02	4.05092593e-01	5.47074998e-01
2.25300000e+02	9.29738562e-01	1.58086187e-02	8.29365079e-01	1.58106493e-02	6.74242424e-01	6.51286986e-02	4.02777778e-01	5.49527105e-01
2.25400000e+02	9.29466231e-01	1.56074038e-02	8.28703704e-01	1.56094810e-02	6.72979798e-01	6.54677058e-02	4.00462963e-01	5.51984173e-01
2.25500000e+02	9.29193900e-01	1.54084456e-02	8.28042328e-01	1.54105706e-02	6.71717172e-01	6.58138913e-02	3.98148148e-01	5.54446086e-01
2.25600000e+02	9.28921569e-01	1.52117231e-02	8.27380952e-01	1.52138970e-02	6.70454545e-01	6.61672663e-02	3.95833333e-01	5.56912732e-01
2.25700000e+02	9.28649237e-01	1.50172157e-02	8.26719577e-01	1.50194394e-02	6.69191919e-01	6.65278422e-02	3.93518519e-01	5.59383998e-01
2.25800000e+02	9.28376906e-01	1.48249025e-02	8.26058201e-01	1.48271771e-02	6.67929293e-01	6.68956306e-02	3.91203704e-01	5.61859768e-01
2.25900000e+02	9.28104575e-01	1.46347630e-02	8.25396825e-01	1.46370897e-02	6.66666667e-01	6.72706432e-02	3.88888889e-01	5.64339927e-01
2.26000000e+02	9.27832244e-01	1.44467768e-02	8.24735450e-01	1.44491568e-02	6.65404040e-01	6.76528921e-02	3.86574074e-01	5.66824362e-01
2.26100000e+02	9.27559913e-01	1.42609236e-02	8.24074074e-01	1.42633580e-02	6.64141414e-01	6.80423892e-02	3.84259259e-01	5.69312955e-01
2.26200000e+02	9.27287582e-01	1.40771833e-02	8.23412698e-01	1.40796733e-02	6.62878788e-01	6.84391470e-02	3.81944444e-01	5.71805590e-01
2.26300000e+02	9.27015251e-01	1.38955358e-02	8.22751323e-01	1.38980827e-02	6.61616162e-01	6.88431780e-02	3.79629630e-01	5.74302151e-01
2.26400000e+02	9.26742919e-01	1.37159614e-02	8.22089947e-01	1.37185663e-02	6.60353535e-01	6.92544948e-02	3.77314815e-01	5.76802521e-01
2.26500000e+02	9.26470588e-01	1.35384401e-02	8.21428571e-01	1.35411045e-02	6.59090909e-01	6.96731102e-02	3.75000000e-01	5.79306583e-01
2.26600000e+02	9.26198257e-01	1.33629526e-02	8.20767196e-01	1.33656775e-02	6.57828283e-01	7.00990373e-02	3.72685185e-01	5.81814217e-01
2.26700000e+02	9.25925926e-01	1.31894791e-02	8.20105820e-01	1.31922661e-02	6.56565657e-01	7.05322893e-02	3.70370370e-01	5.84325307e-01
2.26800000e+02	9.25653595e-01	1.30180005e-02	8.19444444e-01	1.30208508e-02	6.55303030e-01	7.09728795e-02	3.68055556e-01	5.86839732e-01
2.26900000e+02	9.25381264e-01	1.28484976e-02	8.18783069e-01	1.28514126e-02	6.54040404e-01	7.14208215e-02	3.65740741e-01	5.89357375e-01
2.27000000e+02	9.25108932e-01	1.26809511e-02	8.18121693e-01	1.26839323e-02	6.52777778e-01	7.18761289e-02	3.63425926e-01	5.91878115e-01
2.27100000e+02	9.24836601e-01	1.25153423e-02	8.17460317e-01	1.25183910e-02	6.51515152e-01	7.23388156e-02	3.61111111e-01	5.94401832e-01
2.27200000e+02	9.24564270e-01	1.23516523e-02	8.16798942e-01	1.23547701e-02	6.50252525e-01	7.28088955e-02	3.58796296e-01	5.96928406e-01
2.27300000e+02	9.24291939e-01	1.21898625e-02	8.16137566e-01	1.21930507e-02	6.48989899e-01	7.32863829e-02	3.56481481e-01	5.99457716e-01
2.27400000e+02	9.24019608e-01	1.20299542e-02	8.15476190e-01	1.20332145e-02	6.47727273e-01	7.37712921e-02	3.54166667e-01	6.01989641e-01
2.27500000e+02	9.23747277e-01	1.18719091e-02	8.14814815e-01	1.18752431e-02	6.46464646e-01	7.42636374e-02	3.51851852e-01	6.04524059e-01
2.27600000e+02	9.23474946e-01	1.17157090e-02	8.14153439e-01	1.17191181e-02	6.45202020e-01	7.47634335e-02	3.49537037e-01	6.07060849e-01
2.27700000e+02	9.23202614e-01	1.15613356e-02	8.13492063e-01	1.15648216e-02	6.43939394e-01	7.52706951e-02	3.47222222e-01	6.09599888e-01
2.27800000e+02	9.22930283e-01	1.14087709e-02	8.12830688e-01	1.14123354e-02	6.42676768e-01	7.57854372e-02	3.44907407e-01	6.12141052e-01
2.27900000e+02	9.22657952e-01	1.12579972e-02	8.12169312e-01	1.12616419e-02	6.41414141e-01	7.63076747e-02	3.42592593e-01	6.14684220e-01
2.28000000e+02	9.22385621e-01	1.11089965e-02	8.11507937e-01	1.11127232e-02	6.40151515e-01	7.68374228e-02	3.40277778e-01	6.17229268e-01
2.28100000e+02	9.22113290e-01	1.09617514e-02	8.10846561e-01	1.09655618e-02	6.38888889e-01	7.73746969e-02	3.37962963e-01	6.19776072e-01
2.28200000e+02	9.21840959e-01	1.08162443e-02	8.10185185e-01	1.08201402e-02	6.37626263e-01	7.79195122e-02	3.35648148e-01	6.22324508e-01
2.28300000e+02	9.21568627e-01	1.06724578e-02	8.09523810e-01	1.06764411e-02	6.36363636e-01	7.84718844e-02	3.33333333e-01	6.24874451e-01
2.28400000e+02	9.21296296e-01	1.05303748e-02	8.08862434e-01	1.05344473e-02	6.35101010e-01	7.90318292e-02	3.31018519e-01	6.27425778e-01
2.28500000e+02	9.21023965e-01	1.03899781e-02	8.08201058e-01	1.03941417e-02	6.33838384e-01	7.95993623e-02	3.28703704e-01	6.29978361e-01
2.28600000e+02	9.20751634e-01	1.02512508e-02	8.07539683e-01	1.02555074e-02	6.32575758e-01	8.01744997e-02	3.26388889e-01	6.32532077e-01
2.28700000e+02	9.20479303e-01	1.01141759e-02	8.06878307e-01	1.01185277e-02	6.31313131e-01	8.07572573e-02	3.24074074e-01	6.35086800e-01
2.28800000e+02	9.20206972e-01	9.97873684e-03	8.06216931e-01	9.98318574e-03	6.30050505e-01	8.13476513e-02	3.21759259e-01	6.37642403e-01
2.28900000e+02	9.19934641e-01	9.84491698e-03	8.05555556e-01	9.84946508e-03	6.28787879e-01	8.19456980e-02	3.19444444e-01	6.40198760e-01
2.29000000e+02	9.19662309e-01	9.71269984e-03	8.04894180e-01	9.71734928e-03	6.27525253e-01	8.25514136e-02	3.17129630e-01	6.42755745e-01
2.29100000e+02	9.19389978e-01	9.58206911e-03	8.04232804e-01	9.58682203e-03	6.26262626e-01	8.31648147e-02	3.14814815e-01	6.45313230e-01
2.29200000e+02	9.19117647e-01	9.45300856e-03	8.03571429e-01	9.45786718e-03	6.25000000e-01	8.37859178e-02	3.12500000e-01	6.47871089e-01
2.29300000e+02	9.18845316e-01	9.32550211e-03	8.02910053e-01	9.33046869e-03	6.23737374e-01	8.44147395e-02	3.10185185e-01	6.50429194e-01
2.29400000e+02	9.18572985e-01	9.19953381e-03	8.02248677e-01	9.20461063e-03	6.22474747e-01	8.50512966e-02	3.07870370e-01	6.52987417e-01
2.29500000e+02	9.18300654e-01	9.07508782e-03	8.01587302e-01	9.08027723e-03	6.21212121e-01	8.56956059e-02	3.05555556e-01	6.55545631e-01
2.29600000e+02	9.18028322e-01	8.95214842e-03	8.00925926e-01	8.95745283e-03	6.19949495e-01	8.63476842e-02	3.03240741e-01	6.58103706e-01
2.29700000e+02	9.17755991e-01	8.83070004e-03	8.00264550e-01	8.83612187e-03	6.18686869e-01	8.70075486e-02	3.00925926e-01	6.60661515e-01
2.29800000e+02	9.17483660e-01	8.71072721e-03	7.99603175e-01	8.71626896e-03	6.17424242e-01	8.76752162e-02	2.98611111e-01	6.63218929e-01
2.29900000e+02	9.17211329e-01	8.59221459e-03	7.98941799e-01	8.59787880e-03	6.16161616e-01	8.83507040e-02	2.96296296e-01	6.65775819e-01
2.30000000e+02	9.16938998e-01	8.47514697e-03	7.98280423e-01	8.48093623e-03	6.14898990e-01	8.90340293e-02	2.93981481e-01	6.68332056e-01
2.30100000e+02	9.16666667e-01	8.35950925e-03	7.97619048e-01	8.36542621e-03	6.13636364e-01	8.97252094e-02	2.91666667e-01	6.70887510e-01
2.30200000e+02	9.16394336e-01	8.24528646e-03	7.96957672e-01	8.25133380e-03	6.12373737e-01	9.04242616e-02	2.89351852e-01	6.73442051e-01
2.30300000e+02	9.16122004e-01	8.13246374e-03	7.96296296e-01	8.13864423e-03	6.11111111e-01	9.11312033e-02	2.87037037e-01	6.75995551e-01
2.30400000e+02	9.15849673e-01	8.02102637e-03	7.95634921e-01	8.02734281e-03	6.09848485e-01	9.18460520e-02	2.84722222e-01	6.78547879e-01
2.30500000e+02	9.15577342e-01	7.91095973e-03	7.94973545e-01	7.91741498e-03	6.08585859e-01	9.25688251e-02	2.82407407e-01	6.81098904e-01
2.30600000e+02	9.15305011e-01	7.80224934e-03	7.94312169e-01	7.80884632e-03	6.07323232e-01	9.32995402e-02	2.80092593e-01	6.83648497e-01
2.30700000e+02	9.15032680e-01	7.69488082e-03	7.93650794e-01	7.70162251e-03	6.06060606e-01	9.40382150e-02	2.77777778e-01	6.86196526e-01
2.30800000e+02	9.14760349e-01	7.58883991e-03	7.92989418e-01	7.59572935e-03	6.04797980e-01	9.47848671e-02	2.75462963e-01	6.88742862e-01
2.30900000e+02	9.14488017e-01	7.48411249e-03	7.92328042e-01	7.49115278e-03	6.03535354e-01	9.55395141e-02	2.73148148e-01	6.91287373e-01
2.31000000e+02	9.14215686e-01	7.38068454e-03	7.91666667e-01	7.38787883e-03	6.02272727e-01	9.63021738e-02	2.70833333e-01	6.93829928e-01
2.31100000e+02	9.13943355e-01	7.27854215e-03	7.91005291e-01	7.28589367e-03	6.01010101e-01	9.70728639e-02	2.68518519e-01	6.96370397e-01
2.31200000e+02	9.13671024e-01	7.17767154e-03	7.90343915e-01	7.18518359e-03	5.99747475e-01	9.78516021e-02	2.66203704e-01	6.98908647e-01
2.31300000e+02	9.13398693e-01	7.07805904e-03	7.89682540e-01	7.08573496e-03	5.98484848e-01	9.86384064e-02	2.63888889e-01	7.01444547e-01
2.31400000e+02	9.13126362e-01	6.97969111e-03	7.89021164e-01	6.98753432e-03	5.97222222e-01	9.94332944e-02	2.61574074e-01	7.03977967e-01
2.31500000e+02	9.12854031e-01	6.88255430e-03	7.88359788e-01	6.89056829e-03	5.95959596e-01	1.00236284e-01	2.59259259e-01	7.06508774e-01
2.31600000e+02	9.12581699e-01	6.78663528e-03	7.87698413e-01	6.79482362e-03	5.94696970e-01	1.01047393e-01	2.56944444e-01	7.09036836e-01
2.31700000e+02	9.12309368e-01	6.69192087e-03	7.87037037e-01	6.70028717e-03	5.93434343e-01	1.01866640e-01	2.54629630e-01	7.11562022e-01
2.31800000e+02	9.12037037e-01	6.59839794e-03	7.86375661e-01	6.60694591e-03	5.92171717e-01	1.02694041e-01	2.52314815e-01	7.14084199e-01
2.31900000e+02	9.11764706e-01	6.50605354e-03	7.85714286e-01	6.51478694e-03	5.90909091e-01	1.03529616e-01	2.50000000e-01	7.16603236e-01
2.32000000e+02	9.11492375e-01	6.41487477e-03	7.85052910e-01	6.42379746e-03	5.89646465e-01	1.04373381e-01	2.47685185e-01	7.19119001e-01
2.32100000e+02	9.11220044e-01	6.32484889e-03	7.84391534e-01	6.33396478e-03	5.88383838e-01	1.05225355e-01	2.45370370e-01	7.21631361e-01
2.32200000e+02	9.10947712e-01	6.23596324e-03	7.83730159e-01	6.24527634e-03	5.87121212e-01	1.06085555e-01	2.43055556e-01	7.24140184e-01
2.32300000e+02	9.10675381e-01	6.14820529e-03	7.83068783e-01	6.15771968e-03	5.85858586e-01	1.06954000e-01	2.40740741e-01	7.26645339e-01
2.32400000e+02	9.10403050e-01	6.06156262e-03	7.82407407e-01	6.07128244e-03	5.84595960e-01	1.07830707e-01	2.38425926e-01	7.29146692e-01
2.32500000e+02	9.10130719e-01	5.97602290e-03	7.81746032e-01	5.98595240e-03	5.83333333e-01	1.08715693e-01	2.36111111e-01	7.31644111e-01
2.32600000e+02	9.09858388e-01	5.89157392e-03	7.81084656e-01	5.90171742e-03	5.82070707e-01	1.09608977e-01	2.33796296e-01	7.34137464e-01
2.32700000e+02	9.09586057e-01	5.80820358e-03	7.80423280e-01	5.81856550e-03	5.80808081e-01	1.10510576e-01	2.31481481e-01	7.36626620e-01
2.32800000e+02	9.09313725e-01	5.72589989e-03	7.79761905e-01	5.73648472e-03	5.79545455e-01	1.11420507e-01	2.29166667e-01	7.39111444e-01
2.32900000e+02	9.09041394e-01	5.64465097e-03	7.79100529e-01	5.65546328e-03	5.78282828e-01	1.12338789e-01	2.26851852e-01	7.41591806e-01
2.33000000e+02	9.08769063e-01	5.56444503e-03	7.78439153e-01	5.57548950e-03	5.77020202e-01	1.13265439e-01	2.24537037e-01	7.44067572e-01
2.33100000e+02	9.08496732e-01	5.48527040e-03	7.77777778e-01	5.49655179e-03	5.75757576e-01	1.14200475e-01	2.22222222e-01	7.46538611e-01
2.33200000e+02	9.08224401e-01	5.40711551e-03	7.77116402e-01	5.41863868e-03	5.74494949e-01	1.15143913e-01	2.19907407e-01	7.49004789e-01
2.33300000e+02	9.07952070e-01	5.32996890e-03	7.76455026e-01	5.34173879e-03	5.73232323e-01	1.16095771e-01	2.17592593e-01	7.51465976e-01
2.33400000e+02	9.07679739e-01	5.25381920e-03	7.75793651e-01	5.26584087e-03	5.71969697e-01	1.17056067e-01	2.15277778e-01	7.53922038e-01
2.33500000e+02	9.07407407e-01	5.17865517e-03	7.75132275e-01	5.19093375e-03	5.70707071e-01	1.18024817e-01	2.12962963e-01	7.56372844e-01
2.33600000e+02	9.07135076e-01	5.10446564e-03	7.74470899e-01	5.11700638e-03	5.69444444e-01	1.19002039e-01	2.10648148e-01	7.58818261e-01
2.33700000e+02	9.06862745e-01	5.03123957e-03	7.73809524e-01	5.04404781e-03	5.68181818e-01	1.19987750e-01	2.08333333e-01	7.61258158e-01
2.33800000e+02	9.06590414e-01	4.95896602e-03	7.73148148e-01	4.97204720e-03	5.66919192e-01	1.20981967e-01	2.06018519e-01	7.63692403e-01
2.33900000e+02	9.06318083e-01	4.88763412e-03	7.72486772e-01	4.90099380e-03	5.65656566e-01	1.21984707e-01	2.03703704e-01	7.66120863e-01
2.34000000e+02	9.06045752e-01	4.81723313e-03	7.71825397e-01	4.83087697e-03	5.64393939e-01	1.22995987e-01	2.01388889e-01	7.68543407e-01
2.34100000e+02	9.05773420e-01	4.74775241e-03	7.71164021e-01	4.76168618e-03	5.63131313e-01	1.24015822e-01	1.99074074e-01	7.70959904e-01
2.34200000e+02	9.05501089e-01	4.67918140e-03	7.70502646e-01	4.69341098e-03	5.61868687e-01	1.25044231e-01	1.96759259e-01	7.73370221e-01
2.34300000e+02	9.05228758e-01	4.61150966e-03	7.69841270e-01	4.62604104e-03	5.60606061e-01	1.26081229e-01	1.94444444e-01	7.75774228e-01
2.34400000e+02	9.04956427e-01	4.54472684e-03	7.69179894e-01	4.55956613e-03	5.59343434e-01	1.27126833e-01	1.92129630e-01	7.78171794e-01
2.34500000e+02	9.04684096e-01	4.47882268e-03	7.68518519e-01	4.49397611e-03	5.58080808e-01	1.28181059e-01	1.89814815e-01	7.80562787e-01
2.34600000e+02	9.04411765e-01	4.41378702e-03	7.67857143e-01	4.42926093e-03	5.56818182e-01	1.29243923e-01	1.87500000e-01	7.82947076e-01
2.34700000e+02	9.04139434e-01	4.34960981e-03	7.67195767e-01	4.36541066e-03	5.55555556e-01	1.30315441e-01	1.85185185e-01	7.85324531e-01
2.34800000e+02	9.03867102e-01	4.28628108e-03	7.66534392e-01	4.30241546e-03	5.54292929e-01	1.31395630e-01	1.82870370e-01	7.87695021e-01
2.34900000e+02	9.03594771e-01	4.22379096e-03	7.65873016e-01	4.24026559e-03	5.53030303e-01	1.32484504e-01	1.80555556e-01	7.90058416e-01
2.35000000e+02	9.03322440e-01	4.16212967e-03	7.65211640e-01	4.17895140e-03	5.51767677e-01	1.33582080e-01	1.78240741e-01	7.92414586e-01
2.35100000e+02	9.03050109e-01	4.10128754e-03	7.64550265e-01	4.11846333e-03	5.50505051e-01	1.34688373e-01	1.75925926e-01	7.94763400e-01
2.35200000e+02	9.02777778e-01	4.04125497e-03	7.63888889e-01	4.05879192e-03	5.49242424e-01	1.35803398e-01	1.73611111e-01	7.97104728e-01
2.35300000e+02	9.02505447e-01	3.98202246e-03	7.63227513e-01	3.99992783e-03	5.47979798e-01	1.36927171e-01	1.71296296e-01	7.99438442e-01
2.35400000e+02	9.02233115e-01	3.92358063e-03	7.62566138e-01	3.94186179e-03	5.46717172e-01	1.38059706e-01	1.68981481e-01	8.01764412e-01
2.35500000e+02	9.01960784e-01	3.86592014e-03	7.61904762e-01	3.88458461e-03	5.45454545e-01	1.39201018e-01	1.66666667e-01	8.04082508e-01
2.35600000e+02	9.01688453e-01	3.80903178e-03	7.61243386e-01	3.82808722e-03	5.44191919e-01	1.40351122e-01	1.66666667e-01	8.06392603e-01
2.35700000e+02	9.01416122e-01	3.75290643e-03	7.60582011e-01	3.77236064e-03	5.42929293e-01	1.41510033e-01	1.66666667e-01	8.08694566e-01
2.35800000e+02	9.01143791e-01	3.69753503e-03	7.59920635e-01	3.71739597e-03	5.41666667e-01	1.42677765e-01	1.66666667e-01	8.10988271e-01
2.35900000e+02	9.00871460e-01	3.64290864e-03	7.59259259e-01	3.66318441e-03	5.40404040e-01	1.43854331e-01	1.66666669e-01	8.13273589e-01
2.36000000e+02	9.00599129e-01	3.58901839e-03	7.58597884e-01	3.60971725e-03	5.39141414e-01	1.45039746e-01	1.66666673e-01	8.15550392e-01
2.36100000e+02	9.00326797e-01	3.53585550e-03	7.57936508e-01	3.55698585e-03	5.37878788e-01	1.46234024e-01	1.66666679e-01	8.17818553e-01
2.36200000e+02	9.00054466e-01	3.48341129e-03	7.57275132e-01	3.50498171e-03	5.36616162e-01	1.47437178e-01	1.66666690e-01	8.20077944e-01
2.36300000e+02	8.99782135e-01	3.43167715e-03	7.56613757e-01	3.45369636e-03	5.35353535e-01	1.48649222e-01	1.66666707e-01	8.22328440e-01
2.36400000e+02	8.99509804e-01	3.38064456e-03	7.55952381e-01	3.40312147e-03	5.34090909e-01	1.49870168e-01	1.66666731e-01	8.24569912e-01
2.36500000e+02	8.99237473e-01	3.33030510e-03	7.55291005e-01	3.35324875e-03	5.32828283e-01	1.51100030e-01	1.66666765e-01	8.26802236e-01
2.36600000e+02	8.98965142e-01	3.28065041e-03	7.54629630e-01	3.30407005e-03	5.31565657e-01	1.52338821e-01	1.66666810e-01	8.29025285e-01
2.36700000e+02	8.98692810e-01	3.23167224e-03	7.53968254e-01	3.25557725e-03	5.30303030e-01	1.53586552e-01	1.66666870e-01	8.31238934e-01
2.36800000e+02	8.98420479e-01	3.18336239e-03	7.53306878e-01	3.20776237e-03	5.29040404e-01	1.54843236e-01	1.66666947e-01	8.33443057e-01
2.36900000e+02	8.98148148e-01	3.13571279e-03	7.52645503e-01	3.16061748e-03	5.27777778e-01	1.56108885e-01	1.66667043e-01	8.35637531e-01
2.37000000e+02	8.97875817e-01	3.08871541e-03	7.51984127e-01	3.11413475e-03	5.26515152e-01	1.57383511e-01	1.66667163e-01	8.37822230e-01
2.37100000e+02	8.97603486e-01	3.04236232e-03	7.51322751e-01	3.06830644e-03	5.25252525e-01	1.58667126e-01	1.66667309e-01	8.39997031e-01
2.37200000e+02	8.97331155e-01	2.99664566e-03	7.50661376e-01	3.02312487e-03	5.23989899e-01	1.59959740e-01	1.66667485e-01	8.42161810e-01
2.37300000e+02	8.97058824e-01	2.95155768e-03	7.50000000e-01	2.97858248e-03	5.22727273e-01	1.61261366e-01	1.66667695e-01	8.44316443e-01
2.37400000e+02	8.96786492e-01	2.90709067e-03	7.49338624e-01	2.93467175e-03	5.21464646e-01	1.62572012e-01	1.66667944e-01	8.46460809e-01
2.37500000e+02	8.96514161e-01	2.86323702e-03	7.48677249e-01	2.89138529e-03	5.20202020e-01	1.63891691e-01	1.66668235e-01	8.48594784e-01
2.37600000e+02	8.96241830e-01	2.81998920e-03	7.48015873e-01	2.84871575e-03	5.18939394e-01	1.65220413e-01	1.66668573e-01	8.50718248e-01
2.37700000e+02	8.95969499e-01	2.77733977e-03	7.47354497e-01	2.80665589e-03	5.17676768e-01	1.66558186e-01	1.66668962e-01	8.52831078e-01
2.37800000e+02	8.95697168e-01	2.73528132e-03	7.46693122e-01	2.76519854e-03	5.16414141e-01	1.67905022e-01	1.66669409e-01	8.54933154e-01
2.37900000e+02	8.95424837e-01	2.69380658e-03	7.46031746e-01	2.72433660e-03	5.15151515e-01	1.69260930e-01	1.66669918e-01	8.57024354e-01
2.38000000e+02	8.95152505e-01	2.65290831e-03	7.45370370e-01	2.68406308e-03	5.13888889e-01	1.70625918e-01	1.66670495e-01	8.59104560e-01
2.38100000e+02	8.94880174e-01	2.61257936e-03	7.44708995e-01	2.64437104e-03	5.12626263e-01	1.71999996e-01	1.66671145e-01	8.61173651e-01
2.38200000e+02	8.94607843e-01	2.57281267e-03	7.44047619e-01	2.60525362e-03	5.11363636e-01	1.73383171e-01	1.66671875e-01	8.63231508e-01
2.38300000e+02	8.94335512e-01	2.53360122e-03	7.43386243e-01	2.56670407e-03	5.10101010e-01	1.74775453e-01	1.66672691e-01	8.65278013e-01
2.38400000e+02	8.94063181e-01	2.49493810e-03	7.42724868e-01	2.52871567e-03	5.08838384e-01	1.76176850e-01	1.66673598e-01	8.67313048e-01
2.38500000e+02	8.93790850e-01	2.45681646e-03	7.42063492e-01	2.49128183e-03	5.07575758e-01	1.77587368e-01	1.66674605e-01	8.69336495e-01
2.38600000e+02	8.93518519e-01	2.41922951e-03	7.41402116e-01	2.45439599e-03	5.06313131e-01	1.79007016e-01	1.66675718e-01	8.71348238e-01
2.38700000e+02	8.93246187e-01	2.38217055e-03	7.40740741e-01	2.41805169e-03	5.05050505e-01	1.80435800e-01	1.66676943e-01	8.73348159e-01
2.38800000e+02	8.92973856e-01	2.34563295e-03	7.40079365e-01	2.38224255e-03	5.03787879e-01	1.81873727e-01	1.66678289e-01	8.75336143e-01
2.38900000e+02	8.92701525e-01	2.30961013e-03	7.39417989e-01	2.34696225e-03	5.02525253e-01	1.83320803e-01	1.66679763e-01	8.77312075e-01
2.39000000e+02	8.92429194e-01	2.27409561e-03	7.38756614e-01	2.31220455e-03	5.01262626e-01	1.84777035e-01	1.66681373e-01	8.79275840e-01
2.39100000e+02	8.92156863e-01	2.23908296e-03	7.38095238e-01	2.27796329e-03	5.00000000e-01	1.86242427e-01	1.66683128e-01	8.81227324e-01
2.39200000e+02	8.91884532e-01	2.20456583e-03	7.37433862e-01	2.24423237e-03	4.98737374e-01	1.87716986e-01	1.66685034e-01	8.83166412e-01
2.39300000e+02	8.91612200e-01	2.17053793e-03	7.36772487e-01	2.21100579e-03	4.97474747e-01	1.89200716e-01	1.66687102e-01	8.85092993e-01
2.39400000e+02	8.91339869e-01	2.13699305e-03	7.36111111e-01	2.17827760e-03	4.96212121e-01	1.90693621e-01	1.66689339e-01	8.87006953e-01
2.39500000e+02	8.91067538e-01	2.10392503e-03	7.35449735e-01	2.14604192e-03	4.94949495e-01	1.92195707e-01	1.66691756e-01	8.88908181e-01
2.39600000e+02	8.90795207e-01	2.07132779e-03	7.34788360e-01	2.11429295e-03	4.93686869e-01	1.93706977e-01	1.66694360e-01	8.90796566e-01
2.39700000e+02	8.90522876e-01	2.03919532e-03	7.34126984e-01	2.08302497e-03	4.92424242e-01	1.95227434e-01	1.66697163e-01	8.92671997e-01
2.39800000e+02	8.90250545e-01	2.00752166e-03	7.33465608e-01	2.05223232e-03	4.91161616e-01	1.96757082e-01	1.66700172e-01	8.94534365e-01
2.39900000e+02	8.89978214e-01	1.97630094e-03	7.32804233e-01	2.02190940e-03	4.89898990e-01	1.98295923e-01	1.66703399e-01	8.96383559e-01
2.40000000e+02	8.89705882e-01	1.94552732e-03	7.32142857e-01	1.99205070e-03	4.88636364e-01	1.99843960e-01	1.66706854e-01	8.98219472e-01
2.40100000e+02	8.89433551e-01	1.91519506e-03	7.31481481e-01	1.96265078e-03	4.87373737e-01	2.01401195e-01	1.66710548e-01	9.00041996e-01
2.40200000e+02	8.89161220e-01	1.88529846e-03	7.30820106e-01	1.93370424e-03	4.86111111e-01	2.02967629e-01	1.66714489e-01	9.01851023e-01
2.40300000e+02	8.88888889e-01	1.85583190e-03	7.30158730e-01	1.90520578e-03	4.84848485e-01	2.04543263e-01	1.66718691e-01	9.03646447e-01
2.40400000e+02	8.88616558e-01	1.82678980e-03	7.29497354e-01	1.87715016e-03	4.83585859e-01	2.06128099e-01	1.66723164e-01	9.05428162e-01
2.40500000e+02	8.88344227e-01	1.79816666e-03	7.28835979e-01	1.84953219e-03	4.82323232e-01	2.07722136e-01	1.66727919e-01	9.07196063e-01
2.40600000e+02	8.88071895e-01	1.76995705e-03	7.28174603e-01	1.82234678e-03	4.81060606e-01	2.09325375e-01	1.66732968e-01	9.08950045e-01
2.40700000e+02	8.87799564e-01	1.74215557e-03	7.27513228e-01	1.79558886e-03	4.79797980e-01	2.10937815e-01	1.66738323e-01	9.10690005e-01
2.40800000e+02	8.87527233e-01	1.71475691e-03	7.26851852e-01	1.76925348e-03	4.78535354e-01	2.12559456e-01	1.66743997e-01	9.12415839e-01
2.40900000e+02	8.87254902e-01	1.68775581e-03	7.26190476e-01	1.74333571e-03	4.77272727e-01	2.14190295e-01	1.66750000e-01	9.14127446e-01
2.41000000e+02	8.86982571e-01	1.66114706e-03	7.25529101e-01	1.71783072e-03	4.76010101e-01	2.15830331e-01	1.66756346e-01	9.15824725e-01
2.41100000e+02	8.86710240e-01	1.63492553e-03	7.24867725e-01	1.69273371e-03	4.74747475e-01	2.17479562e-01	1.66763049e-01	9.17507573e-01
2.41200000e+02	8.86437908e-01	1.60908612e-03	7.24206349e-01	1.66803997e-03	4.73484848e-01	2.19137986e-01	1.66770120e-01	9.19175892e-01
2.41300000e+02	8.86165577e-01	1.58362381e-03	7.23544974e-01	1.64374486e-03	4.72222222e-01	2.20805599e-01	1.66777573e-01	9.20829581e-01
2.41400000e+02	8.85893246e-01	1.55853364e-03	7.22883598e-01	1.61984377e-03	4.70959596e-01	2.22482398e-01	1.66785422e-01	9.22468544e-01
2.41500000e+02	8.85620915e-01	1.53381068e-03	7.22222222e-01	1.59633218e-03	4.69696970e-01	2.24168378e-01	1.66793680e-01	9.24092681e-01
2.41600000e+02	8.85348584e-01	1.50945009e-03	7.21560847e-01	1.57320563e-03	4.68434343e-01	2.25863536e-01	1.66802361e-01	9.25701897e-01
2.41700000e+02	8.85076253e-01	1.48544705e-03	7.20899471e-01	1.55045972e-03	4.67171717e-01	2.27567866e-01	1.66811481e-01	9.27296095e-01
2.41800000e+02	8.84803922e-01	1.46179684e-03	7.20238095e-01	1.52809010e-03	4.65909091e-01	2.29281363e-01	1.66821052e-01	9.28875180e-01
2.41900000e+02	8.84531590e-01	1.43849475e-03	7.19576720e-01	1.50609250e-03	4.64646465e-01	2.31004021e-01	1.66831090e-01	9.30439058e-01
2.42000000e+02	8.84259259e-01	1.41553615e-03	7.18915344e-01	1.48446270e-03	4.63383838e-01	2.32735834e-01	1.66841610e-01	9.31987634e-01
2.42100000e+02	8.83986928e-01	1.39291646e-03	7.18253968e-01	1.46319654e-03	4.62121212e-01	2.34476795e-01	1.66852627e-01	9.33520817e-01
2.42200000e+02	8.83714597e-01	1.37063115e-03	7.17592593e-01	1.44228992e-03	4.60858586e-01	2.36226897e-01	1.66864156e-01	9.35038514e-01
2.42300000e+02	8.83442266e-01	1.34867574e-03	7.16931217e-01	1.42173880e-03	4.59595960e-01	2.37986132e-01	1.66876213e-01	9.36540635e-01
2.42400000e+02	8.83169935e-01	1.32704581e-03	7.16269841e-01	1.40153922e-03	4.58333333e-01	2.39754491e-01	1.66888813e-01	9.38027089e-01
2.42500000e+02	8.82897603e-01	1.30573699e-03	7.15608466e-01	1.38168724e-03	4.57070707e-01	2.41531966e-01	1.66901974e-01	9.39497787e-01
2.42600000e+02	8.82625272e-01	1.28474495e-03	7.14947090e-01	1.36217900e-03	4.55808081e-01	2.43318548e-01	1.66915711e-01	9.40952640e-01
2.42700000e+02	8.82352941e-01	1.26406543e-03	7.14285714e-01	1.34301071e-03	4.54545455e-01	2.45114226e-01	1.66930041e-01	9.42391561e-01
2.42800000e+02	8.82080610e-01	1.24369420e-03	7.13624339e-01	1.32417862e-03	4.53282828e-01	2.46918991e-01	1.66944981e-01	9.43814464e-01
2.42900000e+02	8.81808279e-01	1.22362709e-03	7.12962963e-01	1.30567904e-03	4.52020202e-01	2.48732831e-01	1.66960547e-01	9.45221262e-01
2.43000000e+02	8.81535948e-01	1.20385999e-03	7.12301587e-01	1.28750834e-03	4.50757576e-01	2.50555735e-01	1.66976757e-01	9.46611871e-01
2.43100000e+02	8.81263617e-01	1.18438883e-03	7.11640212e-01	1.26966295e-03	4.49494949e-01	2.52387692e-01	1.66993629e-01	9.47986207e-01
2.43200000e+02	8.80991285e-01	1.16520957e-03	7.10978836e-01	1.25213935e-03	4.48232323e-01	2.54228688e-01	1.67011180e-01	9.49344187e-01
2.43300000e+02	8.80718954e-01	1.14631824e-03	7.10317460e-01	1.23493408e-03	4.46969697e-01	2.56078712e-01	1.67029429e-01	9.50685729e-01
2.43400000e+02	8.80446623e-01	1.12771092e-03	7.09656085e-01	1.21804373e-03	4.45707071e-01	2.57937748e-01	1.67048393e-01	9.52010751e-01
2.43500000e+02	8.80174292e-01	1.10938373e-03	7.08994709e-01	1.20146495e-03	4.44444444e-01	2.59805784e-01	1.67068091e-01	9.53319174e-01
2.43600000e+02	8.79901961e-01	1.09133282e-03	7.08333333e-01	1.18519445e-03	4.43181818e-01	2.61682805e-01	1.67088542e-01	9.54610918e-01
2.43700000e+02	8.79629630e-01	1.07355442e-03	7.07671958e-01	1.16922899e-03	4.41919192e-01	2.63568796e-01	1.67109764e-01	9.55885905e-01
2.43800000e+02	8.79357298e-01	1.05604478e-03	7.07010582e-01	1.15356538e-03	4.40656566e-01	2.65463740e-01	1.67131777e-01	9.57144057e-01
2.43900000e+02	8.79084967e-01	1.03880020e-03	7.06349206e-01	1.13820048e-03	4.39393939e-01	2.67367623e-01	1.67154600e-01	9.58385299e-01
2.44000000e+02	8.78812636e-01	1.02181702e-03	7.05687831e-01	1.12313123e-03	4.38131313e-01	2.69280426e-01	1.67178254e-01	9.59609555e-01
2.44100000e+02	8.78540305e-01	1.00509165e-03	7.05026455e-01	1.10835458e-03	4.36868687e-01	2.71202132e-01	1.67202756e-01	9.60816750e-01
2.44200000e+02	8.78267974e-01	9.88620521e-04	7.04365079e-01	1.09386758e-03	4.35606061e-01	2.73132725e-01	1.67228129e-01	9.62006811e-01
2.44300000e+02	8.77995643e-01	9.72400103e-04	7.03703704e-01	1.07966730e-03	4.34343434e-01	2.75072184e-01	1.67254392e-01	9.63179666e-01
2.44400000e+02	8.77723312e-01	9.56426923e-04	7.03042328e-01	1.06575087e-03	4.33080808e-01	2.77020491e-01	1.67281566e-01	9.64335243e-01
2.44500000e+02	8.77450980e-01	9.40697545e-04	7.02380952e-01	1.05211548e-03	4.31818182e-01	2.78977627e-01	1.67309671e-01	9.65473473e-01
2.44600000e+02	8.77178649e-01	9.25208576e-04	7.01719577e-01	1.03875837e-03	4.30555556e-01	2.80943570e-01	1.67338729e-01	9.66594285e-01
2.44700000e+02	8.76906318e-01	9.09956665e-04	7.01058201e-01	1.02567681e-03	4.29292929e-01	2.82918301e-01	1.67368760e-01	9.67697611e-01
2.44800000e+02	8.76633987e-01	8.94938501e-04	7.00396825e-01	1.01286816e-03	4.28030303e-01	2.84901797e-01	1.67399787e-01	9.68783383e-01
2.44900000e+02	8.76361656e-01	8.80150815e-04	6.99735450e-01	1.00032980e-03	4.26767677e-01	2.86894037e-01	1.67431832e-01	9.69851537e-01
2.45000000e+02	8.76089325e-01	8.65590378e-04	6.99074074e-01	9.88059170e-04	4.25505051e-01	2.88894998e-01	1.67464915e-01	9.70902006e-01
2.45100000e+02	8.75816993e-01	8.51254001e-04	6.98412698e-01	9.76053764e-04	4.24242424e-01	2.90904657e-01	1.67499060e-01	9.71934725e-01
2.45200000e+02	8.75544662e-01	8.37138535e-04	6.97751323e-01	9.64311123e-04	4.22979798e-01	2.92922990e-01	1.67534289e-01	9.72949633e-01
2.45300000e+02	8.75272331e-01	8.23240869e-04	6.97089947e-01	9.52828837e-04	4.21717172e-01	2.94949972e-01	1.67570624e-01	9.73946667e-01
2.45400000e+02	8.75000000e-01	8.09557932e-04	6.96428571e-01	9.41604547e-04	4.20454545e-01	2.96985579e-01	1.67608089e-01	9.74925765e-01
2.45500000e+02	8.74727669e-01	7.96086691e-04	6.95767196e-01	9.30635943e-04	4.19191919e-01	2.99029785e-01	1.67646706e-01	9.75886869e-01
2.45600000e+02	8.74455338e-01	7.82824152e-04	6.95105820e-01	9.19920763e-04	4.17929293e-01	3.01082563e-01	1.67686500e-01	9.76829918e-01
2.45700000e+02	8.74183007e-01	7.69767357e-04	6.94444444e-01	9.09456797e-04	4.16666667e-01	3.03143886e-01	1.67727493e-01	9.77754856e-01
2.45800000e+02	8.73910675e-01	7.56913386e-04	6.93783069e-01	8.99241879e-04	4.15404040e-01	3.05213728e-01	1.67769710e-01	9.78661625e-01
2.45900000e+02	8.73638344e-01	7.44259356e-04	6.93121693e-01	8.89273896e-04	4.14141414e-01	3.07292059e-01	1.67813175e-01	9.79550169e-01
2.46000000e+02	8.73366013e-01	7.31802419e-04	6.92460317e-01	8.79550779e-04	4.12878788e-01	3.09378852e-01	1.67857911e-01	9.80420435e-01
2.46100000e+02	8.73093682e-01	7.19539765e-04	6.91798942e-01	8.70070510e-04	4.11616162e-01	3.11474076e-01	1.67903944e-01	9.81272369e-01
2.46200000e+02	8.72821351e-01	7.07468619e-04	6.91137566e-01	8.60831117e-04	4.10353535e-01	3.13577701e-01	1.67951299e-01	9.82105918e-01
2.46300000e+02	8.72549020e-01	6.95586241e-04	6.90476190e-01	8.51830676e-04	4.09090909e-01	3.15689698e-01	1.68000000e-01	9.82921031e-01
2.46400000e+02	8.72276688e-01	6.83889926e-04	6.89814815e-01	8.43067309e-04	4.07828283e-01	3.17810033e-01	1.68050073e-01	9.83717659e-01
2.46500000e+02	8.72004357e-01	6.72377003e-04	6.89153439e-01	8.34539188e-04	4.06565657e-01	3.19938677e-01	1.68101543e-01	9.84495751e-01
2.46600000e+02	8.71732026e-01	6.61044837e-04	6.88492063e-01	8.26244530e-04	4.05303030e-01	3.22075595e-01	1.68154436e-01	9.85255260e-01
2.46700000e+02	8.71459695e-01	6.49890824e-04	6.87830688e-01	8.18181596e-04	4.04040404e-01	3.24220754e-01	1.68208778e-01	9.85996140e-01
2.46800000e+02	8.71187364e-01	6.38912395e-04	6.87169312e-01	8.10348699e-04	4.02777778e-01	3.26374121e-01	1.68264596e-01	9.86718345e-01
2.46900000e+02	8.70915033e-01	6.28107015e-04	6.86507937e-01	8.02744194e-04	4.01515152e-01	3.28535662e-01	1.68321915e-01	9.87421830e-01
2.47000000e+02	8.70642702e-01	6.17472180e-04	6.85846561e-01	7.95366483e-04	4.00252525e-01	3.30705339e-01	1.68380762e-01	9.88106551e-01
2.47100000e+02	8.70370370e-01	6.07005419e-04	6.85185185e-01	7.88214015e-04	3.98989899e-01	3.32883119e-01	1.68441165e-01	9.88772467e-01
2.47200000e+02	8.70098039e-01	5.96704293e-04	6.84523810e-01	7.81285283e-04	3.97727273e-01	3.35068964e-01	1.68503151e-01	9.89419537e-01
2.47300000e+02	8.69825708e-01	5.86566395e-04	6.83862434e-01	7.74578827e-04	3.96464646e-01	3.37262837e-01	1.68566746e-01	9.90047721e-01
2.47400000e+02	8.69553377e-01	5.76589348e-04	6.83201058e-01	7.68093232e-04	3.95202020e-01	3.39464700e-01	1.68631979e-01	9.90656979e-01
2.47500000e+02	8.69281046e-01	5.66770807e-04	6.82539683e-01	7.61827127e-04	3.93939394e-01	3.41674514e-01	1.68698877e-01	9.91247275e-01
2.47600000e+02	8.69008715e-01	5.57108459e-04	6.81878307e-01	7.55779189e-04	3.92676768e-01	3.43892241e-01	1.68767469e-01	9.91818571e-01
2.47700000e+02	8.68736383e-01	5.47600018e-04	6.81216931e-01	7.49948136e-04	3.91414141e-01	3.46117840e-01	1.68837783e-01	9.92370833e-01
2.47800000e+02	8.68464052e-01	5.38243230e-04	6.80555556e-01	7.44332733e-04	3.90151515e-01	3.48351270e-01	1.68909847e-01	9.92904026e-01
2.47900000e+02	8.68191721e-01	5.29035870e-04	6.79894180e-01	7.38931791e-04	3.88888889e-01	3.50592491e-01	1.68983690e-01	9.93418118e-01
2.48000000e+02	8.67919390e-01	5.19975743e-04	6.79232804e-01	7.33744162e-04	3.87626263e-01	3.52841461e-01	1.69059342e-01	9.93913076e-01
2.48100000e+02	8.67647059e-01	5.11060683e-04	6.78571429e-01	7.28768745e-04	3.86363636e-01	3.55098136e-01	1.69136831e-01	9.94388870e-01
2.48200000e+02	8.67374728e-01	5.02288550e-04	6.77910053e-01	7.24004482e-04	3.85101010e-01	3.57362475e-01	1.69216188e-01	9.94845471e-01
2.48300000e+02	8.67102397e-01	4.93657236e-04	6.77248677e-01	7.19450360e-04	3.83838384e-01	3.59634431e-01	1.69297441e-01	9.95282850e-01
2.48400000e+02	8.66830065e-01	4.85164659e-04	6.76587302e-01	7.15105409e-04	3.82575758e-01	3.61913962e-01	1.69380621e-01	9.95700981e-01
2.48500000e+02	8.66557734e-01	4.76808764e-04	6.75925926e-01	7.10968704e-04	3.81313131e-01	3.64201021e-01	1.69465758e-01	9.96099836e-01
2.48600000e+02	8.66285403e-01	4.68587525e-04	6.75264550e-01	7.07039362e-04	3.80050505e-01	3.66495562e-01	1.69552883e-01	9.96479393e-01
2.48700000e+02	8.66013072e-01	4.60498942e-04	6.74603175e-01	7.03316545e-04	3.78787879e-01	3.68797540e-01	1.69642026e-01	9.96839626e-01
2.48800000e+02	8.65740741e-01	4.52541042e-04	6.73941799e-01	6.99799459e-04	3.77525253e-01	3.71106905e-01	1.69733218e-01	9.97180515e-01
2.48900000e+02	8.65468410e-01	4.44711878e-04	6.73280423e-01	6.96487353e-04	3.76262626e-01	3.73423611e-01	1.69826491e-01	9.97502037e-01
2.49000000e+02	8.65196078e-01	4.37009530e-04	6.72619048e-01	6.93379519e-04	3.75000000e-01	3.75747608e-01	1.69921875e-01	9.97804173e-01
2.49100000e+02	8.64923747e-01	4.29432103e-04	6.71957672e-01	6.90475291e-04	3.73737374e-01	3.78078847e-01	1.70019403e-01	9.98086904e-01
2.49200000e+02	8.64651416e-01	4.21977727e-04	6.71296296e-01	6.87774050e-04	3.72474747e-01	3.80417278e-01	1.70119105e-01	9.98350212e-01
2.49300000e+02	8.64379085e-01	4.14644559e-04	6.70634921e-01	6.85275216e-04	3.71212121e-01	3.82762849e-01	1.70221016e-01	9.98594082e-01
2.49400000e+02	8.64106754e-01	4.07430779e-04	6.69973545e-01	6.82978255e-04	3.69949495e-01	3.85115510e-01	1.70325165e-01	9.98818498e-01
2.49500000e+02	8.63834423e-01	4.00334594e-04	6.69312169e-01	6.80882676e-04	3.68686869e-01	3.87475207e-01	1.70431588e-01	9.99023446e-01
2.49600000e+02	8.63562092e-01	3.93354231e-04	6.68650794e-01	6.78988028e-04	3.67424242e-01	3.89841889e-01	1.70540315e-01	9.99208913e-01
2.49700000e+02	8.63289760e-01	3.86487947e-04	6.67989418e-01	6.77293906e-04	3.66161616e-01	3.92215500e-01	1.70651380e-01	9.99374889e-01
2.49800000e+02	8.63017429e-01	3.79734017e-04	6.67328042e-01	6.75799946e-04	3.64898990e-01	3.94595988e-01	1.70764817e-01	9.99521362e-01
2.49900000e+02	8.62745098e-01	3.73090743e-04	6.66666667e-01	6.74505828e-04	3.63636364e-01	3.96983296e-01	1.70880658e-01	9.99648324e-01
2.50000000e+02	8.62472767e-01	3.66556450e-04	6.66005291e-01	6.73411275e-04	3.62373737e-01	3.99377369e-01	1.70998939e-01	9.99755767e-01
2.50100000e+02	8.62200436e-01	3.60129484e-04	6.65343915e-01	6.72516052e-04	3.61111111e-01	4.01778150e-01	1.71119692e-01	9.99843683e-01
2.50200000e+02	8.61928105e-01	3.53808216e-04	6.64682540e-01	6.71819967e-04	3.59848485e-01	4.04185583e-01	1.71242952e-01	9.99912069e-01
2.50300000e+02	8.61655773e-01	3.47591037e-04	6.64021164e-01	6.71322870e-04	3.58585859e-01	4.06599609e-01	1.71368753e-01	9.99960918e-01
2.50400000e+02	8.61383442e-01	3.41476362e-04	6.63359788e-01	6.71024654e-04	3.57323232e-01	4.09020169e-01	1.71497130e-01	9.99990229e-01
2.50500000e+02	8.61111111e-01	3.35462628e-04	6.62698413e-01	6.70925256e-04	3.56060606e-01	4.11447205e-01	1.71628118e-01	1.00000000e+00
2.50600000e+02	8.60838780e-01	3.29548292e-04	6.62037037e-01	6.71024654e-04	3.54797980e-01	4.13880657e-01	1.71761752e-01	9.99990229e-01
2.50700000e+02	8.60566449e-01	3.23731833e-04	6.61375661e-01	6.71322870e-04	3.53535354e-01	4.16320463e-01	1.71898068e-01	9.99960918e-01
2.50800000e+02	8.60294118e-01	3.18011751e-04	6.60714286e-01	6.71819967e-04	3.52272727e-01	4.18766563e-01	1.72037101e-01	9.99912069e-01
2.50900000e+02	8.60021786e-01	3.12386568e-04	6.60052910e-01	6.72516052e-04	3.51010101e-01	4.21218894e-01	1.72178887e-01	9.99843683e-01
2.51000000e+02	8.59749455e-01	3.06854826e-04	6.59391534e-01	6.73411275e-04	3.49747475e-01	4.23677394e-01	1.72323463e-01	9.99755767e-01
2.51100000e+02	8.59477124e-01	3.01415085e-04	6.58730159e-01	6.74505828e-04	3.48484848e-01	4.26141998e-01	1.72470863e-01	9.99648324e-01
2.51200000e+02	8.59204793e-01	2.96065929e-04	6.58068783e-01	6.75799946e-04	3.47222222e-01	4.28612643e-01	1.72621126e-01	9.99521362e-01
2.51300000e+02	8.58932462e-01	2.90805959e-04	6.57407407e-01	6.77293906e-04	3.45959596e-01	4.31089264e-01	1.72774287e-01	9.99374889e-01
2.51400000e+02	8.58660131e-01	2.85633796e-04	6.56746032e-01	6.78988028e-04	3.44696970e-01	4.33571796e-01	1.72930385e-01	9.99208913e-01
2.51500000e+02	8.58387800e-01	2.80548082e-04	6.56084656e-01	6.80882676e-04	3.43434343e-01	4.36060171e-01	1.73089456e-01	9.99023446e-01
2.51600000e+02	8.58115468e-01	2.75547476e-04	6.55423280e-01	6.82978255e-04	3.42171717e-01	4.38554323e-01	1.73251537e-01	9.98818498e-01
2.51700000e+02	8.57843137e-01	2.70630657e-04	6.54761905e-01	6.85275216e-04	3.40909091e-01	4.41054184e-01	1.73416667e-01	9.98594082e-01
2.51800000e+02	8.57570806e-01	2.65796323e-04	6.54100529e-01	6.87774050e-04	3.39646465e-01	4.43559687e-01	1.73584883e-01	9.98350212e-01
2.51900000e+02	8.57298475e-01	2.61043188e-04	6.53439153e-01	6.90475291e-04	3.38383838e-01	4.46070761e-01	1.73756224e-01	9.98086904e-01
2.52000000e+02	8.57026144e-01	2.56369989e-04	6.52777778e-01	6.93379519e-04	3.37121212e-01	4.48587337e-01	1.73930728e-01	9.97804173e-01
2.52100000e+02	8.56753813e-01	2.51775475e-04	6.52116402e-01	6.96487353e-04	3.35858586e-01	4.51109345e-01	1.74108434e-01	9.97502037e-01
2.52200000e+02	8.56481481e-01	2.47258418e-04	6.51455026e-01	6.99799459e-04	3.34595960e-01	4.53636713e-01	1.74289380e-01	9.97180515e-01
2.52300000e+02	8.56209150e-01	2.42817603e-04	6.50793651e-01	7.03316545e-04	3.33333333e-01	4.56169369e-01	1.74473607e-01	9.96839626e-01
2.52400000e+02	8.55936819e-01	2.38451837e-04	6.50132275e-01	7.07039362e-04	3.32070707e-01	4.58707242e-01	1.74661152e-01	9.96479393e-01
2.52500000e+02	8.55664488e-01	2.34159940e-04	6.49470899e-01	7.10968704e-04	3.30808081e-01	4.61250257e-01	1.74852057e-01	9.96099836e-01
2.52600000e+02	8.55392157e-01	2.29940750e-04	6.48809524e-01	7.15105409e-04	3.29545455e-01	4.63798341e-01	1.75046361e-01	9.95700981e-01
2.52700000e+02	8.55119826e-01	2.25793124e-04	6.48148148e-01	7.19450360e-04	3.28282828e-01	4.66351419e-01	1.75244103e-01	9.95282850e-01
2.52800000e+02	8.54847495e-01	2.21715932e-04	6.47486772e-01	7.24004482e-04	3.27020202e-01	4.68909417e-01	1.75445325e-01	9.94845471e-01
2.52900000e+02	8.54575163e-01	2.17708062e-04	6.46825397e-01	7.28768745e-04	3.25757576e-01	4.71472257e-01	1.75650066e-01	9.94388870e-01
2.53000000e+02	8.54302832e-01	2.13768419e-04	6.46164021e-01	7.33744162e-04	3.24494949e-01	4.74039864e-01	1.75858368e-01	9.93913076e-01
2.53100000e+02	8.54030501e-01	2.09895921e-04	6.45502646e-01	7.38931791e-04	3.23232323e-01	4.76612160e-01	1.76070272e-01	9.93418118e-01
2.53200000e+02	8.53758170e-01	2.06089504e-04	6.44841270e-01	7.44332733e-04	3.21969697e-01	4.79189067e-01	1.76285819e-01	9.92904026e-01
2.53300000e+02	8.53485839e-01	2.02348118e-04	6.44179894e-01	7.49948136e-04	3.20707071e-01	4.81770506e-01	1.76505050e-01	9.92370833e-01
2.53400000e+02	8.53213508e-01	1.98670730e-04	6.43518519e-01	7.55779189e-04	3.19444444e-01	4.84356399e-01	1.76728007e-01	9.91818571e-01
2.53500000e+02	8.52941176e-01	1.95056320e-04	6.42857143e-01	7.61827127e-04	3.18181818e-01	4.86946664e-01	1.76954733e-01	9.91247275e-01
2.53600000e+02	8.52668845e-01	1.91503884e-04	6.42195767e-01	7.68093232e-04	3.16919192e-01	4.89541222e-01	1.77185268e-01	9.90656979e-01
2.53700000e+02	8.52396514e-01	1.88012432e-04	6.41534392e-01	7.74578827e-04	3.15656566e-01	4.92139992e-01	1.77419657e-01	9.90047721e-01
2.53800000e+02	8.52124183e-01	1.84580990e-04	6.40873016e-01	7.81285283e-04	3.14393939e-01	4.94742890e-01	1.77657942e-01	9.89419537e-01
2.53900000e+02	8.51851852e-01	1.81208596e-04	6.40211640e-01	7.88214015e-04	3.13131313e-01	4.97349835e-01	1.77900165e-01	9.88772467e-01
2.54000000e+02	8.51579521e-01	1.77894303e-04	6.39550265e-01	7.95366483e-04	3.11868687e-01	4.99960743e-01	1.78146369e-01	9.88106551e-01
2.54100000e+02	8.51307190e-01	1.74637179e-04	6.38888889e-01	8.02744194e-04	3.10606061e-01	5.02575530e-01	1.78396599e-01	9.87421830e-01
2.54200000e+02	8.51034858e-01	1.71436304e-04	6.38227513e-01	8.10348699e-04	3.09343434e-01	5.05194112e-01	1.78650897e-01	9.86718345e-01
2.54300000e+02	8.50762527e-01	1.68290773e-04	6.37566138e-01	8.18181596e-04	3.08080808e-01	5.07816404e-01	1.78909308e-01	9.85996140e-01
2.54400000e+02	8.50490196e-01	1.65199693e-04	6.36904762e-01	8.26244530e-04	3.06818182e-01	5.10442318e-01	1.79171875e-01	9.85255260e-01
2.54500000e+02	8.50217865e-01	1.62162185e-04	6.36243386e-01	8.34539188e-04	3.05555556e-01	5.13071770e-01	1.79438643e-01	9.84495751e-01
2.54600000e+02	8.49945534e-01	1.59177384e-04	6.35582011e-01	8.43067309e-04	3.04292929e-01	5.15704672e-01	1.79709657e-01	9.83717659e-01
2.54700000e+02	8.49673203e-01	1.56244435e-04	6.34920635e-01	8.51830676e-04	3.03030303e-01	5.18340936e-01	1.79984962e-01	9.82921031e-01
2.54800000e+02	8.49400871e-01	1.53362498e-04	6.34259259e-01	8.60831117e-04	3.01767677e-01	5.20980473e-01	1.80264601e-01	9.82105918e-01
2.54900000e+02	8.49128540e-01	1.50530745e-04	6.33597884e-01	8.70070510e-04	3.00505051e-01	5.23623196e-01	1.80548622e-01	9.81272369e-01
2.55000000e+02	8.48856209e-01	1.47748360e-04	6.32936508e-01	8.79550779e-04	2.99242424e-01	5.26269012e-01	1.80837068e-01	9.80420435e-01
2.55100000e+02	8.48583878e-01	1.45014540e-04	6.32275132e-01	8.89273896e-04	2.97979798e-01	5.28917834e-01	1.81129987e-01	9.79550169e-01
2.55200000e+02	8.48311547e-01	1.42328493e-04	6.31613757e-01	8.99241879e-04	2.96717172e-01	5.31569569e-01	1.81427423e-01	9.78661625e-01
2.55300000e+02	8.48039216e-01	1.39689439e-04	6.30952381e-01	9.09456797e-04	2.95454545e-01	5.34224127e-01	1.81729424e-01	9.77754856e-01
2.55400000e+02	8.47766885e-01	1.37096611e-04	6.30291005e-01	9.19920763e-04	2.94191919e-01	5.36881414e-01	1.82036035e-01	9.76829918e-01
2.55500000e+02	8.47494553e-01	1.34549251e-04	6.29629630e-01	9.30635943e-04	2.92929293e-01	5.39541339e-01	1.82347304e-01	9.75886869e-01
2.55600000e+02	8.47222222e-01	1.32046615e-04	6.28968254e-01	9.41604547e-04	2.91666667e-01	5.42203808e-01	1.82663276e-01	9.74925765e-01
2.55700000e+02	8.46949891e-01	1.29587968e-04	6.28306878e-01	9.52828837e-04	2.90404040e-01	5.44868727e-01	1.82984000e-01	9.73946667e-01
2.55800000e+02	8.46677560e-01	1.27172588e-04	6.27645503e-01	9.64311123e-04	2.89141414e-01	5.47536001e-01	1.83309523e-01	9.72949633e-01
2.55900000e+02	8.46405229e-01	1.24799763e-04	6.26984127e-01	9.76053764e-04	2.87878788e-01	5.50205536e-01	1.83639892e-01	9.71934725e-01
2.56000000e+02	8.46132898e-01	1.22468792e-04	6.26322751e-01	9.88059170e-04	2.86616162e-01	5.52877235e-01	1.83975156e-01	9.70902006e-01
2.56100000e+02	8.45860566e-01	1.20178984e-04	6.25661376e-01	1.00032980e-03	2.85353535e-01	5.55551003e-01	1.84315362e-01	9.69851537e-01
2.56200000e+02	8.45588235e-01	1.17929659e-04	6.25000000e-01	1.01286816e-03	2.84090909e-01	5.58226743e-01	1.84660558e-01	9.68783383e-01
2.56300000e+02	8.45315904e-01	1.15720148e-04	6.24338624e-01	1.02567681e-03	2.82828283e-01	5.60904357e-01	1.85010794e-01	9.67697611e-01
2.56400000e+02	8.45043573e-01	1.13549790e-04	6.23677249e-01	1.03875837e-03	2.81565657e-01	5.63583747e-01	1.85366118e-01	9.66594285e-01
2.56500000e+02	8.44771242e-01	1.11417938e-04	6.23015873e-01	1.05211548e-03	2.80303030e-01	5.66264815e-01	1.85726579e-01	9.65473473e-01
2.56600000e+02	8.44498911e-01	1.09323950e-04	6.22354497e-01	1.06575087e-03	2.79040404e-01	5.68947461e-01	1.86092226e-01	9.64335243e-01
2.56700000e+02	8.44226580e-01	1.07267198e-04	6.21693122e-01	1.07966730e-03	2.77777778e-01	5.71631587e-01	1.86463109e-01	9.63179666e-01
2.56800000e+02	8.43954248e-01	1.05247062e-04	6.21031746e-01	1.09386758e-03	2.76515152e-01	5.74317091e-01	1.86839278e-01	9.62006811e-01
2.56900000e+02	8.43681917e-01	1.03262931e-04	6.20370370e-01	1.10835458e-03	2.75252525e-01	5.77003873e-01	1.87220783e-01	9.60816750e-01
2.57000000e+02	8.43409586e-01	1.01314203e-04	6.19708995e-01	1.12313123e-03	2.73989899e-01	5.79691832e-01	1.87607673e-01	9.59609555e-01
2.57100000e+02	8.43137255e-01	9.94002871e-05	6.19047619e-01	1.13820048e-03	2.72727273e-01	5.82380866e-01	1.88000000e-01	9.58385299e-01
2.57200000e+02	8.42864924e-01	9.75206006e-05	6.18386243e-01	1.15356538e-03	2.71464646e-01	5.85070873e-01	1.88397814e-01	9.57144057e-01
2.57300000e+02	8.42592593e-01	9.56745697e-05	6.17724868e-01	1.16922899e-03	2.70202020e-01	5.87761750e-01	1.88801165e-01	9.55885905e-01
2.57400000e+02	8.42320261e-01	9.38616293e-05	6.17063492e-01	1.18519445e-03	2.68939394e-01	5.90453394e-01	1.89210106e-01	9.54610918e-01
2.57500000e+02	8.42047930e-01	9.20812235e-05	6.16402116e-01	1.20146495e-03	2.67676768e-01	5.93145700e-01	1.89624687e-01	9.53319174e-01
2.57600000e+02	8.41775599e-01	9.03328048e-05	6.15740741e-01	1.21804373e-03	2.66414141e-01	5.95838564e-01	1.90044960e-01	9.52010751e-01
2.57700000e+02	8.41503268e-01	8.86158343e-05	6.15079365e-01	1.23493408e-03	2.65151515e-01	5.98531882e-01	1.90470977e-01	9.50685729e-01
2.57800000e+02	8.41230937e-01	8.69297813e-05	6.14417989e-01	1.25213935e-03	2.63888889e-01	6.01225549e-01	1.90902791e-01	9.49344187e-01
2.57900000e+02	8.40958606e-01	8.52741237e-05	6.13756614e-01	1.26966295e-03	2.62626263e-01	6.03919457e-01	1.91340452e-01	9.47986207e-01
2.58000000e+02	8.40686275e-01	8.36483472e-05	6.13095238e-01	1.28750834e-03	2.61363636e-01	6.06613502e-01	1.91784015e-01	9.46611871e-01
2.58100000e+02	8.40413943e-01	8.20519459e-05	6.12433862e-01	1.30567904e-03	2.60101010e-01	6.09307576e-01	1.92233531e-01	9.45221262e-01
2.58200000e+02	8.40141612e-01	8.04844215e-05	6.11772487e-01	1.32417862e-03	2.58838384e-01	6.12001573e-01	1.92689054e-01	9.43814464e-01
2.58300000e+02	8.39869281e-01	7.89452838e-05	6.11111111e-01	1.34301071e-03	2.57575758e-01	6.14695383e-01	1.93150638e-01	9.42391561e-01
2.58400000e+02	8.39596950e-01	7.74340501e-05	6.10449735e-01	1.36217900e-03	2.56313131e-01	6.17388900e-01	1.93618334e-01	9.40952640e-01
2.58500000e+02	8.39324619e-01	7.59502453e-05	6.09788360e-01	1.38168724e-03	2.55050505e-01	6.20082015e-01	1.94092199e-01	9.39497787e-01
2.58600000e+02	8.39052288e-01	7.44934020e-05	6.09126984e-01	1.40153922e-03	2.53787879e-01	6.22774618e-01	1.94572284e-01	9.38027089e-01
2.58700000e+02	8.38779956e-01	7.30630600e-05	6.08465608e-01	1.42173880e-03	2.52525253e-01	6.25466600e-01	1.95058645e-01	9.36540635e-01
2.58800000e+02	8.38507625e-01	7.16587663e-05	6.07804233e-01	1.44228992e-03	2.51262626e-01	6.28157852e-01	1.95551336e-01	9.35038514e-01
2.58900000e+02	8.38235294e-01	7.02800754e-05	6.07142857e-01	1.46319654e-03	2.50000000e-01	6.30848263e-01	1.96050412e-01	9.33520817e-01
2.59000000e+02	8.37962963e-01	6.89265484e-05	6.06481481e-01	1.48446270e-03	2.48737374e-01	6.33537722e-01	1.96555927e-01	9.31987634e-01
2.59100000e+02	8.37690632e-01	6.75977539e-05	6.05820106e-01	1.50609250e-03	2.47474747e-01	6.36226118e-01	1.97067937e-01	9.30439058e-01
2.59200000e+02	8.37418301e-01	6.62932668e-05	6.05158730e-01	1.52809010e-03	2.46212121e-01	6.38913340e-01	1.97586497e-01	9.28875180e-01
2.59300000e+02	8.37145969e-01	6.50126693e-05	6.04497354e-01	1.55045972e-03	2.44949495e-01	6.41599276e-01	1.98111663e-01	9.27296095e-01
2.59400000e+02	8.36873638e-01	6.37555499e-05	6.03835979e-01	1.57320563e-03	2.43686869e-01	6.44283813e-01	1.98643490e-01	9.25701897e-01
2.59500000e+02	8.36601307e-01	6.25215038e-05	6.03174603e-01	1.59633218e-03	2.42424242e-01	6.46966838e-01	1.99182035e-01	9.24092681e-01
2.59600000e+02	8.36328976e-01	6.13101327e-05	6.02513228e-01	1.61984377e-03	2.41161616e-01	6.49648240e-01	1.99727355e-01	9.22468544e-01
2.59700000e+02	8.36056645e-01	6.01210446e-05	6.01851852e-01	1.64374486e-03	2.39898990e-01	6.52327903e-01	2.00279504e-01	9.20829581e-01
2.59800000e+02	8.35784314e-01	5.89538540e-05	6.01190476e-01	1.66803997e-03	2.38636364e-01	6.55005715e-01	2.00838542e-01	9.19175892e-01
2.59900000e+02	8.35511983e-01	5.78081813e-05	6.00529101e-01	1.69273371e-03	2.37373737e-01	6.57681562e-01	2.01404523e-01	9.17507573e-01
2.60000000e+02	8.35239651e-01	5.66836532e-05	5.99867725e-01	1.71783072e-03	2.36111111e-01	6.60355328e-01	2.01977507e-01	9.15824725e-01
2.60100000e+02	8.34967320e-01	5.55799024e-05	5.99206349e-01	1.74333571e-03	2.34848485e-01	6.63026899e-01	2.02557550e-01	9.14127446e-01
2.60200000e+02	8.34694989e-01	5.44965675e-05	5.98544974e-01	1.76925348e-03	2.33585859e-01	6.65696160e-01	2.03144709e-01	9.12415839e-01
2.60300000e+02	8.34422658e-01	5.34332929e-05	5.97883598e-01	1.79558886e-03	2.32323232e-01	6.68362996e-01	2.03739044e-01	9.10690005e-01
2.60400000e+02	8.34150327e-01	5.23897289e-05	5.97222222e-01	1.82234678e-03	2.31060606e-01	6.71027291e-01	2.04340612e-01	9.08950045e-01
2.60500000e+02	8.33877996e-01	5.13655312e-05	5.96560847e-01	1.84953219e-03	2.29797980e-01	6.73688928e-01	2.04949471e-01	9.07196063e-01
2.60600000e+02	8.33605664e-01	5.03603614e-05	5.95899471e-01	1.87715016e-03	2.28535354e-01	6.76347791e-01	2.05565681e-01	9.05428162e-01
2.60700000e+02	8.33333333e-01	4.93738864e-05	5.95238095e-01	1.90520578e-03	2.27272727e-01	6.79003764e-01	2.06189300e-01	9.03646447e-01
2.60800000e+02	8.33061002e-01	4.84057786e-05	5.94576720e-01	1.93370424e-03	2.26010101e-01	6.81656730e-01	2.06820388e-01	9.01851023e-01
2.60900000e+02	8.32788671e-01	4.74557158e-05	5.93915344e-01	1.96265078e-03	2.24747475e-01	6.84306571e-01	2.07459003e-01	9.00041996e-01
2.61000000e+02	8.32516340e-01	4.65233810e-05	5.93253968e-01	1.99205070e-03	2.23484848e-01	6.86953171e-01	2.08105206e-01	8.98219472e-01
2.61100000e+02	8.32244009e-01	4.56084622e-05	5.92592593e-01	2.02190940e-03	2.22222222e-01	6.89596410e-01	2.08759056e-01	8.96383559e-01
2.61200000e+02	8.31971678e-01	4.47106529e-05	5.91931217e-01	2.05223232e-03	2.20959596e-01	6.92236172e-01	2.09420613e-01	8.94534365e-01
2.61300000e+02	8.31699346e-01	4.38296513e-05	5.91269841e-01	2.08302497e-03	2.19696970e-01	6.94872339e-01	2.10089938e-01	8.92671997e-01
2.61400000e+02	8.31427015e-01	4.29651607e-05	5.90608466e-01	2.11429295e-03	2.18434343e-01	6.97504791e-01	2.10767091e-01	8.90796566e-01
2.61500000e+02	8.31154684e-01	4.21168892e-05	5.89947090e-01	2.14604192e-03	2.17171717e-01	7.00133410e-01	2.11452134e-01	8.88908181e-01
2.61600000e+02	8.30882353e-01	4.12845499e-05	5.89285714e-01	2.17827760e-03	2.15909091e-01	7.02758077e-01	2.12145126e-01	8.87006953e-01
2.61700000e+02	8.30610022e-01	4.04678604e-05	5.88624339e-01	2.21100579e-03	2.14646465e-01	7.05378673e-01	2.12846130e-01	8.85092993e-01
2.61800000e+02	8.30337691e-01	3.96665431e-05	5.87962963e-01	2.24423237e-03	2.13383838e-01	7.07995079e-01	2.13555207e-01	8.83166412e-01
2.61900000e+02	8.30065359e-01	3.88803249e-05	5.87301587e-01	2.27796329e-03	2.12121212e-01	7.10607176e-01	2.14272418e-01	8.81227324e-01
2.62000000e+02	8.29793028e-01	3.81089373e-05	5.86640212e-01	2.31220455e-03	2.10858586e-01	7.13214843e-01	2.14997826e-01	8.79275840e-01
2.62100000e+02	8.29520697e-01	3.73521163e-05	5.85978836e-01	2.34696225e-03	2.09595960e-01	7.15817962e-01	2.15731492e-01	8.77312075e-01
2.62200000e+02	8.29248366e-01	3.66096021e-05	5.85317460e-01	2.38224255e-03	2.08333333e-01	7.18416411e-01	2.16473480e-01	8.75336143e-01
2.62300000e+02	8.28976035e-01	3.58811394e-05	5.84656085e-01	2.41805169e-03	2.07070707e-01	7.21010071e-01	2.17223852e-01	8.73348159e-01
2.62400000e+02	8.28703704e-01	3.51664771e-05	5.83994709e-01	2.45439599e-03	2.05808081e-01	7.23598822e-01	2.17982671e-01	8.71348238e-01
2.62500000e+02	8.28431373e-01	3.44653683e-05	5.83333333e-01	2.49128183e-03	2.04545455e-01	7.26182542e-01	2.18750000e-01	8.69336495e-01
2.62600000e+02	8.28159041e-01	3.37775702e-05	5.82671958e-01	2.52871567e-03	2.03282828e-01	7.28761112e-01	2.19525902e-01	8.67313048e-01
2.62700000e+02	8.27886710e-01	3.31028440e-05	5.82010582e-01	2.56670407e-03	2.02020202e-01	7.31334412e-01	2.20310441e-01	8.65278013e-01
2.62800000e+02	8.27614379e-01	3.24409550e-05	5.81349206e-01	2.60525362e-03	2.00757576e-01	7.33902319e-01	2.21103682e-01	8.63231508e-01
2.62900000e+02	8.27342048e-01	3.17916725e-05	5.80687831e-01	2.64437104e-03	1.99494949e-01	7.36464714e-01	2.21905687e-01	8.61173651e-01
2.63000000e+02	8.27069717e-01	3.11547695e-05	5.80026455e-01	2.68406308e-03	1.98232323e-01	7.39021475e-01	2.22716521e-01	8.59104560e-01
2.63100000e+02	8.26797386e-01	3.05300229e-05	5.79365079e-01	2.72433660e-03	1.96969697e-01	7.41572481e-01	2.23536250e-01	8.57024354e-01
2.63200000e+02	8.26525054e-01	2.99172134e-05	5.78703704e-01	2.76519854e-03	1.95707071e-01	7.44117612e-01	2.24364937e-01	8.54933154e-01
2.63300000e+02	8.26252723e-01	2.93161254e-05	5.78042328e-01	2.80665589e-03	1.94444444e-01	7.46656745e-01	2.25202647e-01	8.52831078e-01
2.63400000e+02	8.25980392e-01	2.87265467e-05	5.77380952e-01	2.84871575e-03	1.93181818e-01	7.49189760e-01	2.26049447e-01	8.50718248e-01
2.63500000e+02	8.25708061e-01	2.81482692e-05	5.76719577e-01	2.89138529e-03	1.91919192e-01	7.51716536e-01	2.26905401e-01	8.48594784e-01
2.63600000e+02	8.25435730e-01	2.75810877e-05	5.76058201e-01	2.93467175e-03	1.90656566e-01	7.54236951e-01	2.27770576e-01	8.46460809e-01
2.63700000e+02	8.25163399e-01	2.70248011e-05	5.75396825e-01	2.97858248e-03	1.89393939e-01	7.56750884e-01	2.28645036e-01	8.44316443e-01
2.63800000e+02	8.24891068e-01	2.64792112e-05	5.74735450e-01	3.02312487e-03	1.88131313e-01	7.59258214e-01	2.29528849e-01	8.42161810e-01
2.63900000e+02	8.24618736e-01	2.59441234e-05	5.74074074e-01	3.06830644e-03	1.86868687e-01	7.61758818e-01	2.30422081e-01	8.39997031e-01
2.64000000e+02	8.24346405e-01	2.54193465e-05	5.73412698e-01	3.11413475e-03	1.85606061e-01	7.64252577e-01	2.31324799e-01	8.37822230e-01
2.64100000e+02	8.24074074e-01	2.49046924e-05	5.72751323e-01	3.16061748e-03	1.84343434e-01	7.66739368e-01	2.32237069e-01	8.35637531e-01
2.64200000e+02	8.23801743e-01	2.43999763e-05	5.72089947e-01	3.20776237e-03	1.83080808e-01	7.69219070e-01	2.33158958e-01	8.33443057e-01
2.64300000e+02	8.23529412e-01	2.39050166e-05	5.71428571e-01	3.25557725e-03	1.81818182e-01	7.71691562e-01	2.34090535e-01	8.31238934e-01
2.64400000e+02	8.23257081e-01	2.34196346e-05	5.70767196e-01	3.30407005e-03	1.80555556e-01	7.74156723e-01	2.35031866e-01	8.29025285e-01
2.64500000e+02	8.22984749e-01	2.29436549e-05	5.70105820e-01	3.35324875e-03	1.79292929e-01	7.76614431e-01	2.35983020e-01	8.26802236e-01
2.64600000e+02	8.22712418e-01	2.24769050e-05	5.69444444e-01	3.40312147e-03	1.78030303e-01	7.79064566e-01	2.36944064e-01	8.24569912e-01
2.64700000e+02	8.22440087e-01	2.20192153e-05	5.68783069e-01	3.45369636e-03	1.76767677e-01	7.81507006e-01	2.37915067e-01	8.22328440e-01
2.64800000e+02	8.22167756e-01	2.15704194e-05	5.68121693e-01	3.50498171e-03	1.75505051e-01	7.83941630e-01	2.38896098e-01	8.20077944e-01
2.64900000e+02	8.21895425e-01	2.11303534e-05	5.67460317e-01	3.55698585e-03	1.74242424e-01	7.86368317e-01	2.39887225e-01	8.17818553e-01
2.65000000e+02	8.21623094e-01	2.06988565e-05	5.66798942e-01	3.60971725e-03	1.72979798e-01	7.88786947e-01	2.40888517e-01	8.15550392e-01
2.65100000e+02	8.21350763e-01	2.02757706e-05	5.66137566e-01	3.66318441e-03	1.71717172e-01	7.91197399e-01	2.41900044e-01	8.13273589e-01
2.65200000e+02	8.21078431e-01	1.98609403e-05	5.65476190e-01	3.71739597e-03	1.70454545e-01	7.93599552e-01	2.42921875e-01	8.10988271e-01
2.65300000e+02	8.20806100e-01	1.94542128e-05	5.64814815e-01	3.77236064e-03	1.69191919e-01	7.95993286e-01	2.43954080e-01	8.08694566e-01
2.65400000e+02	8.20533769e-01	1.90554382e-05	5.64153439e-01	3.82808722e-03	1.67929293e-01	7.98378481e-01	2.44996728e-01	8.06392603e-01
2.65500000e+02	8.20261438e-01	1.86644691e-05	5.63492063e-01	3.88458461e-03	1.66666667e-01	8.00755016e-01	2.46049891e-01	8.04082508e-01
2.65600000e+02	8.19989107e-01	1.82811606e-05	5.62830688e-01	3.94186179e-03	1.66666667e-01	8.03122772e-01	2.47113638e-01	8.01764412e-01
2.65700000e+02	8.19716776e-01	1.79053702e-05	5.62169312e-01	3.99992783e-03	1.66666667e-01	8.05481628e-01	2.48188040e-01	7.99438442e-01
2.65800000e+02	8.19444444e-01	1.75369583e-05	5.61507937e-01	4.05879192e-03	1.66666667e-01	8.07831465e-01	2.49273168e-01	7.97104728e-01
2.65900000e+02	8.19172113e-01	1.71757874e-05	5.60846561e-01	4.11846333e-03	1.66666669e-01	8.10172164e-01	2.50369093e-01	7.94763400e-01
2.66000000e+02	8.18899782e-01	1.68217224e-05	5.60185185e-01	4.17895140e-03	1.66666673e-01	8.12503605e-01	2.51475887e-01	7.92414586e-01
2.66100000e+02	8.18627451e-01	1.64746308e-05	5.59523810e-01	4.24026559e-03	1.66666679e-01	8.14825670e-01	2.52593621e-01	7.90058416e-01
2.66200000e+02	8.18355120e-01	1.61343822e-05	5.58862434e-01	4.30241546e-03	1.66666690e-01	8.17138238e-01	2.53722368e-01	7.87695021e-01
2.66300000e+02	8.18082789e-01	1.58008486e-05	5.58201058e-01	4.36541066e-03	1.66666707e-01	8.19441193e-01	2.54862198e-01	7.85324531e-01
2.66400000e+02	8.17810458e-01	1.54739042e-05	5.57539683e-01	4.42926093e-03	1.66666731e-01	8.21734415e-01	2.56013185e-01	7.82947076e-01
2.66500000e+02	8.17538126e-01	1.51534254e-05	5.56878307e-01	4.49397611e-03	1.66666765e-01	8.24017786e-01	2.57175401e-01	7.80562787e-01
2.66600000e+02	8.17265795e-01	1.48392910e-05	5.56216931e-01	4.55956613e-03	1.66666810e-01	8.26291188e-01	2.58348918e-01	7.78171794e-01
2.66700000e+02	8.16993464e-01	1.45313816e-05	5.55555556e-01	4.62604104e-03	1.66666870e-01	8.28554505e-01	2.59533811e-01	7.75774228e-01
2.66800000e+02	8.16721133e-01	1.42295801e-05	5.54894180e-01	4.69341098e-03	1.66666947e-01	8.30807618e-01	2.60730152e-01	7.73370221e-01
2.66900000e+02	8.16448802e-01	1.39337715e-05	5.54232804e-01	4.76168618e-03	1.66667043e-01	8.33050410e-01	2.61938014e-01	7.70959904e-01
2.67000000e+02	8.16176471e-01	1.36438427e-05	5.53571429e-01	4.83087697e-03	1.66667163e-01	8.35282766e-01	2.63157472e-01	7.68543407e-01
2.67100000e+02	8.15904139e-01	1.33596828e-05	5.52910053e-01	4.90099380e-03	1.66667309e-01	8.37504567e-01	2.64388599e-01	7.66120863e-01
2.67200000e+02	8.15631808e-01	1.30811826e-05	5.52248677e-01	4.97204720e-03	1.66667485e-01	8.39715699e-01	2.65631469e-01	7.63692403e-01
2.67300000e+02	8.15359477e-01	1.28082352e-05	5.51587302e-01	5.04404781e-03	1.66667695e-01	8.41916046e-01	2.66886158e-01	7.61258158e-01
2.67400000e+02	8.15087146e-01	1.25407352e-05	5.50925926e-01	5.11700638e-03	1.66667944e-01	8.44105491e-01	2.68152739e-01	7.58818261e-01
2.67500000e+02	8.14814815e-01	1.22785795e-05	5.50264550e-01	5.19093375e-03	1.66668235e-01	8.46283920e-01	2.69431288e-01	7.56372844e-01
2.67600000e+02	8.14542484e-01	1.20216664e-05	5.49603175e-01	5.26584087e-03	1.66668573e-01	8.48451219e-01	2.70721880e-01	7.53922038e-01
2.67700000e+02	8.14270153e-01	1.17698965e-05	5.48941799e-01	5.34173879e-03	1.66668962e-01	8.50607272e-01	2.72024590e-01	7.51465976e-01
2.67800000e+02	8.13997821e-01	1.15231717e-05	5.48280423e-01	5.41863868e-03	1.66669409e-01	8.52751967e-01	2.73339493e-01	7.49004789e-01
2.67900000e+02	8.13725490e-01	1.12813961e-05	5.47619048e-01	5.49655179e-03	1.66669918e-01	8.54885188e-01	2.74666667e-01	7.46538611e-01
2.68000000e+02	8.13453159e-01	1.10444751e-05	5.46957672e-01	5.57548950e-03	1.66670495e-01	8.57006824e-01	2.76006186e-01	7.44067572e-01
2.68100000e+02	8.13180828e-01	1.08123161e-05	5.46296296e-01	5.65546328e-03	1.66671145e-01	8.59116761e-01	2.77358126e-01	7.41591806e-01
2.68200000e+02	8.12908497e-01	1.05848281e-05	5.45634921e-01	5.73648472e-03	1.66671875e-01	8.61214887e-01	2.78722566e-01	7.39111444e-01
2.68300000e+02	8.12636166e-01	1.03619218e-05	5.44973545e-01	5.81856550e-03	1.66672691e-01	8.63301090e-01	2.80099581e-01	7.36626620e-01
2.68400000e+02	8.12363834e-01	1.01435092e-05	5.44312169e-01	5.90171742e-03	1.66673598e-01	8.65375258e-01	2.81489248e-01	7.34137464e-01
2.68500000e+02	8.12091503e-01	9.92950431e-06	5.43650794e-01	5.98595240e-03	1.66674605e-01	8.67437281e-01	2.82891645e-01	7.31644111e-01
2.68600000e+02	8.11819172e-01	9.71982241e-06	5.42989418e-01	6.07128244e-03	1.66675718e-01	8.69487048e-01	2.84306849e-01	7.29146692e-01
2.68700000e+02	8.11546841e-01	9.51438045e-06	5.42328042e-01	6.15771968e-03	1.66676943e-01	8.71524448e-01	2.85734938e-01	7.26645339e-01
2.68800000e+02	8.11274510e-01	9.31309681e-06	5.41666667e-01	6.24527634e-03	1.66678289e-01	8.73549372e-01	2.87175990e-01	7.24140184e-01
2.68900000e+02	8.11002179e-01	9.11589142e-06	5.41005291e-01	6.33396478e-03	1.66679763e-01	8.75561711e-01	2.88630083e-01	7.21631361e-01
2.69000000e+02	8.10729847e-01	8.92268560e-06	5.40343915e-01	6.42379746e-03	1.66681373e-01	8.77561356e-01	2.90097296e-01	7.19119001e-01
2.69100000e+02	8.10457516e-01	8.73340215e-06	5.39682540e-01	6.51478694e-03	1.66683128e-01	8.79548199e-01	2.91577707e-01	7.16603236e-01
2.69200000e+02	8.10185185e-01	8.54796527e-06	5.39021164e-01	6.60694591e-03	1.66685034e-01	8.81522133e-01	2.93071395e-01	7.14084199e-01
2.69300000e+02	8.09912854e-01	8.36630051e-06	5.38359788e-01	6.70028717e-03	1.66687102e-01	8.83483049e-01	2.94578439e-01	7.11562022e-01
2.69400000e+02	8.09640523e-01	8.18833482e-06	5.37698413e-01	6.79482362e-03	1.66689339e-01	8.85430843e-01	2.96098919e-01	7.09036836e-01
2.69500000e+02	8.09368192e-01	8.01399646e-06	5.37037037e-01	6.89056829e-03	1.66691756e-01	8.87365406e-01	2.97632914e-01	7.06508774e-01
2.69600000e+02	8.09095861e-01	7.84321502e-06	5.36375661e-01	6.98753432e-03	1.66694360e-01	8.89286635e-01	2.99180504e-01	7.03977967e-01
2.69700000e+02	8.08823529e-01	7.67592138e-06	5.35714286e-01	7.08573496e-03	1.66697163e-01	8.91194424e-01	3.00741770e-01	7.01444547e-01
2.69800000e+02	8.08551198e-01	7.51204768e-06	5.35052910e-01	7.18518359e-03	1.66700172e-01	8.93088668e-01	3.02316791e-01	6.98908647e-01
2.69900000e+02	8.08278867e-01	7.35152731e-06	5.34391534e-01	7.28589367e-03	1.66703399e-01	8.94969264e-01	3.03905648e-01	6.96370397e-01
2.70000000e+02	8.08006536e-01	7.19429489e-06	5.33730159e-01	7.38787883e-03	1.66706854e-01	8.96836109e-01	3.05508422e-01	6.93829928e-01
2.70100000e+02	8.07734205e-01	7.04028625e-06	5.33068783e-01	7.49115278e-03	1.66710548e-01	8.98689100e-01	3.07125194e-01	6.91287373e-01
2.70200000e+02	8.07461874e-01	6.88943839e-06	5.32407407e-01	7.59572935e-03	1.66714489e-01	9.00528136e-01	3.08756045e-01	6.88742862e-01
2.70300000e+02	8.07189542e-01	6.74168948e-06	5.31746032e-01	7.70162251e-03	1.66718691e-01	9.02353114e-01	3.10401057e-01	6.86196526e-01
2.70400000e+02	8.06917211e-01	6.59697884e-06	5.31084656e-01	7.80884632e-03	1.66723164e-01	9.04163934e-01	3.12060311e-01	6.83648497e-01
2.70500000e+02	8.06644880e-01	6.45524691e-06	5.30423280e-01	7.91741498e-03	1.66727919e-01	9.05960496e-01	3.13733890e-01	6.81098904e-01
2.70600000e+02	8.06372549e-01	6.31643523e-06	5.29761905e-01	8.02734281e-03	1.66732968e-01	9.07742701e-01	3.15421875e-01	6.78547879e-01
2.70700000e+02	8.06100218e-01	6.18048642e-06	5.29100529e-01	8.13864423e-03	1.66738323e-01	9.09510449e-01	3.17124349e-01	6.75995551e-01
2.70800000e+02	8.05827887e-01	6.04734420e-06	5.28439153e-01	8.25133380e-03	1.66743997e-01	9.11263643e-01	3.18841395e-01	6.73442051e-01
2.70900000e+02	8.05555556e-01	5.91695329e-06	5.27777778e-01	8.36542621e-03	1.66750000e-01	9.13002185e-01	3.20573096e-01	6.70887510e-01
2.71000000e+02	8.05283224e-01	5.78925947e-06	5.27116402e-01	8.48093623e-03	1.66756346e-01	9.14725979e-01	3.22319535e-01	6.68332056e-01
2.71100000e+02	8.05010893e-01	5.66420952e-06	5.26455026e-01	8.59787880e-03	1.66763049e-01	9.16434928e-01	3.24080794e-01	6.65775819e-01
2.71200000e+02	8.04738562e-01	5.54175123e-06	5.25793651e-01	8.71626896e-03	1.66770120e-01	9.18128937e-01	3.25856959e-01	6.63218929e-01
2.71300000e+02	8.04466231e-01	5.42183335e-06	5.25132275e-01	8.83612187e-03	1.66777573e-01	9.19807911e-01	3.27648112e-01	6.60661515e-01
2.71400000e+02	8.04193900e-01	5.30440559e-06	5.24470899e-01	8.95745283e-03	1.66785422e-01	9.21471756e-01	3.29454337e-01	6.58103706e-01
2.71500000e+02	8.03921569e-01	5.18941861e-06	5.23809524e-01	9.08027723e-03	1.66793680e-01	9.23120379e-01	3.31275720e-01	6.55545631e-01
2.71600000e+02	8.03649237e-01	5.07682399e-06	5.23148148e-01	9.20461063e-03	1.66802361e-01	9.24753688e-01	3.33112345e-01	6.52987417e-01
2.71700000e+02	8.03376906e-01	4.96657422e-06	5.22486772e-01	9.33046869e-03	1.66811481e-01	9.26371591e-01	3.34964295e-01	6.50429194e-01
2.71800000e+02	8.03104575e-01	4.85862270e-06	5.21825397e-01	9.45786718e-03	1.66821052e-01	9.27973997e-01	3.36831658e-01	6.47871089e-01
2.71900000e+02	8.02832244e-01	4.75292368e-06	5.21164021e-01	9.58682203e-03	1.66831090e-01	9.29560816e-01	3.38714516e-01	6.45313230e-01
2.72000000e+02	8.02559913e-01	4.64943230e-06	5.20502646e-01	9.71734928e-03	1.66841610e-01	9.31131958e-01	3.40612958e-01	6.42755745e-01
2.72100000e+02	8.02287582e-01	4.54810452e-06	5.19841270e-01	9.84946508e-03	1.66852627e-01	9.32687334e-01	3.42527067e-01	6.40198760e-01
2.72200000e+02	8.02015251e-01	4.44889716e-06	5.19179894e-01	9.98318574e-03	1.66864156e-01	9.34226857e-01	3.44456929e-01	6.37642403e-01
2.72300000e+02	8.01742919e-01	4.35176784e-06	5.18518519e-01	1.01185277e-02	1.66876213e-01	9.35750440e-01	3.46402632e-01	6.35086800e-01
2.72400000e+02	8.01470588e-01	4.25667499e-06	5.17857143e-01	1.02555074e-02	1.66888813e-01	9.37257996e-01	3.48364262e-01	6.32532077e-01
2.72500000e+02	8.01198257e-01	4.16357781e-06	5.17195767e-01	1.03941417e-02	1.66901974e-01	9.38749439e-01	3.50341905e-01	6.29978361e-01
2.72600000e+02	8.00925926e-01	4.07243631e-06	5.16534392e-01	1.05344473e-02	1.66915711e-01	9.40224686e-01	3.52335647e-01	6.27425778e-01
2.72700000e+02	8.00653595e-01	3.98321123e-06	5.15873016e-01	1.06764411e-02	1.66930041e-01	9.41683653e-01	3.54345577e-01	6.24874451e-01
2.72800000e+02	8.00381264e-01	3.89586407e-06	5.15211640e-01	1.08201402e-02	1.66944981e-01	9.43126256e-01	3.56371782e-01	6.22324508e-01
2.72900000e+02	8.00108932e-01	3.81035707e-06	5.14550265e-01	1.09655618e-02	1.66960547e-01	9.44552412e-01	3.58414349e-01	6.19776072e-01
2.73000000e+02	7.99836601e-01	3.72665317e-06	5.13888889e-01	1.11127232e-02	1.66976757e-01	9.45962042e-01	3.60473366e-01	6.17229268e-01
2.73100000e+02	7.99564270e-01	3.64471604e-06	5.13227513e-01	1.12616419e-02	1.66993629e-01	9.47355065e-01	3.62548921e-01	6.14684220e-01
2.73200000e+02	7.99291939e-01	3.56451004e-06	5.12566138e-01	1.14123354e-02	1.67011180e-01	9.48731400e-01	3.64641103e-01	6.12141052e-01
2.73300000e+02	7.99019608e-01	3.48600019e-06	5.11904762e-01	1.15648216e-02	1.67029429e-01	9.50090969e-01	3.66750000e-01	6.09599888e-01
2.73400000e+02	7.98747277e-01	3.40915222e-06	5.11243386e-01	1.17191181e-02	1.67048393e-01	9.51433695e-01	3.68875701e-01	6.07060849e-01
2.73500000e+02	7.98474946e-01	3.33393248e-06	5.10582011e-01	1.18752431e-02	1.67068091e-01	9.52759501e-01	3.71018294e-01	6.04524059e-01
2.73600000e+02	7.98202614e-01	3.26030800e-06	5.09920635e-01	1.20332145e-02	1.67088542e-01	9.54068309e-01	3.73177870e-01	6.01989641e-01
2.73700000e+02	7.97930283e-01	3.18824641e-06	5.09259259e-01	1.21930507e-02	1.67109764e-01	9.55360047e-01	3.75354517e-01	5.99457716e-01
2.73800000e+02	7.97657952e-01	3.11771600e-06	5.08597884e-01	1.23547701e-02	1.67131777e-01	9.56634638e-01	3.77548326e-01	5.96928406e-01
2.73900000e+02	7.97385621e-01	3.04868563e-06	5.07936508e-01	1.25183910e-02	1.67154600e-01	9.57892010e-01	3.79759386e-01	5.94401832e-01
2.74000000e+02	7.97113290e-01	2.98112481e-06	5.07275132e-01	1.26839323e-02	1.67178254e-01	9.59132090e-01	3.81987788e-01	5.91878115e-01
2.74100000e+02	7.96840959e-01	2.91500359e-06	5.06613757e-01	1.28514126e-02	1.67202756e-01	9.60354808e-01	3.84233622e-01	5.89357375e-01
2.74200000e+02	7.96568627e-01	2.85029264e-06	5.05952381e-01	1.30208508e-02	1.67228129e-01	9.61560092e-01	3.86496978e-01	5.86839732e-01
2.74300000e+02	7.96296296e-01	2.78696317e-06	5.05291005e-01	1.31922661e-02	1.67254392e-01	9.62747873e-01	3.88777948e-01	5.84325307e-01
2.74400000e+02	7.96023965e-01	2.72498696e-06	5.04629630e-01	1.33656775e-02	1.67281566e-01	9.63918082e-01	3.91076622e-01	5.81814217e-01
2.74500000e+02	7.95751634e-01	2.66433635e-06	5.03968254e-01	1.35411045e-02	1.67309671e-01	9.65070652e-01	3.93393093e-01	5.79306583e-01
2.74600000e+02	7.95479303e-01	2.60498419e-06	5.03306878e-01	1.37185663e-02	1.67338729e-01	9.66205516e-01	3.95727451e-01	5.76802521e-01
2.74700000e+02	7.95206972e-01	2.54690389e-06	5.02645503e-01	1.38980827e-02	1.67368760e-01	9.67322608e-01	3.98079789e-01	5.74302151e-01
2.74800000e+02	7.94934641e-01	2.49006934e-06	5.01984127e-01	1.40796733e-02	1.67399787e-01	9.68421864e-01	4.00450199e-01	5.71805590e-01
2.74900000e+02	7.94662309e-01	2.43445498e-06	5.01322751e-01	1.42633580e-02	1.67431832e-01	9.69503219e-01	4.02838772e-01	5.69312955e-01
2.75000000e+02	7.94389978e-01	2.38003572e-06	5.00661376e-01	1.44491568e-02	1.67464915e-01	9.70566612e-01	4.05245603e-01	5.66824362e-01
2.75100000e+02	7.94117647e-01	2.32678698e-06	5.00000000e-01	1.46370897e-02	1.67499060e-01	9.71611980e-01	4.07670782e-01	5.64339927e-01
2.75200000e+02	7.93845316e-01	2.27468464e-06	4.99338624e-01	1.48271771e-02	1.67534289e-01	9.72639262e-01	4.10114404e-01	5.61859768e-01
2.75300000e+02	7.93572985e-01	2.22370507e-06	4.98677249e-01	1.50194394e-02	1.67570624e-01	9.73648400e-01	4.12576561e-01	5.59383998e-01
2.75400000e+02	7.93300654e-01	2.17382510e-06	4.98015873e-01	1.52138970e-02	1.67608089e-01	9.74639333e-01	4.15057347e-01	5.56912732e-01
2.75500000e+02	7.93028322e-01	2.12502202e-06	4.97354497e-01	1.54105706e-02	1.67646706e-01	9.75612004e-01	4.17556856e-01	5.54446086e-01
2.75600000e+02	7.92755991e-01	2.07727354e-06	4.96693122e-01	1.56094810e-02	1.67686500e-01	9.76566358e-01	4.20075182e-01	5.51984173e-01
2.75700000e+02	7.92483660e-01	2.03055785e-06	4.96031746e-01	1.58106493e-02	1.67727493e-01	9.77502337e-01	4.22612419e-01	5.49527105e-01
2.75800000e+02	7.92211329e-01	1.98485354e-06	4.95370370e-01	1.60140963e-02	1.67769710e-01	9.78419887e-01	4.25168662e-01	5.47074998e-01
2.75900000e+02	7.91938998e-01	1.94013962e-06	4.94708995e-01	1.62198434e-02	1.67813175e-01	9.79318956e-01	4.27744004e-01	5.44627962e-01
2.76000000e+02	7.91666667e-01	1.89639554e-06	4.94047619e-01	1.64279119e-02	1.67857911e-01	9.80199489e-01	4.30338542e-01	5.42186110e-01
2.76100000e+02	7.91394336e-01	1.85360114e-06	4.93386243e-01	1.66383233e-02	1.67903944e-01	9.81061436e-01	4.32952369e-01	5.39749553e-01
2.76200000e+02	7.91122004e-01	1.81173666e-06	4.92724868e-01	1.68510991e-02	1.67951299e-01	9.81904747e-01	4.35585582e-01	5.37318403e-01
2.76300000e+02	7.90849673e-01	1.77078273e-06	4.92063492e-01	1.70662612e-02	1.68000000e-01	9.82729371e-01	4.38238277e-01	5.34892769e-01
2.76400000e+02	7.90577342e-01	1.73072037e-06	4.91402116e-01	1.72838315e-02	1.68050073e-01	9.83535261e-01	4.40910548e-01	5.32472763e-01
2.76500000e+02	7.90305011e-01	1.69153096e-06	4.90740741e-01	1.75038319e-02	1.68101543e-01	9.84322369e-01	4.43602492e-01	5.30058493e-01
2.76600000e+02	7.90032680e-01	1.65319629e-06	4.90079365e-01	1.77262846e-02	1.68154436e-01	9.85090650e-01	4.46314206e-01	5.27650069e-01
2.76700000e+02	7.89760349e-01	1.61569846e-06	4.89417989e-01	1.79512120e-02	1.68208778e-01	9.85840058e-01	4.49045786e-01	5.25247599e-01
2.76800000e+02	7.89488017e-01	1.57901997e-06	4.88756614e-01	1.81786364e-02	1.68264596e-01	9.86570549e-01	4.51797328e-01	5.22851190e-01
2.76900000e+02	7.89215686e-01	1.54314365e-06	4.88095238e-01	1.84085805e-02	1.68321915e-01	9.87282080e-01	4.54568930e-01	5.20460952e-01
2.77000000e+02	7.88943355e-01	1.50805268e-06	4.87433862e-01	1.86410669e-02	1.68380762e-01	9.87974610e-01	4.57360689e-01	5.18076990e-01
2.77100000e+02	7.88671024e-01	1.47373055e-06	4.86772487e-01	1.88761185e-02	1.68441165e-01	9.88648097e-01	4.60172703e-01	5.15699411e-01
2.77200000e+02	7.88398693e-01	1.44016113e-06	4.86111111e-01	1.91137583e-02	1.68503151e-01	9.89302503e-01	4.63005069e-01	5.13328321e-01
2.77300000e+02	7.88126362e-01	1.40732857e-06	4.85449735e-01	1.93540094e-02	1.68566746e-01	9.89937788e-01	4.65857885e-01	5.10963825e-01
2.77400000e+02	7.87854031e-01	1.37521735e-06	4.84788360e-01	1.95968950e-02	1.68631979e-01	9.90553915e-01	4.68731249e-01	5.08606028e-01
2.77500000e+02	7.87581699e-01	1.34381228e-06	4.84126984e-01	1.98424386e-02	1.68698877e-01	9.91150849e-01	4.71625260e-01	5.06255035e-01
2.77600000e+02	7.87309368e-01	1.31309845e-06	4.83465608e-01	2.00906636e-02	1.68767469e-01	9.91728553e-01	4.74540017e-01	5.03910950e-01
2.77700000e+02	7.87037037e-01	1.28306126e-06	4.82804233e-01	2.03415937e-02	1.68837783e-01	9.92286993e-01	4.77475618e-01	5.01573874e-01
2.77800000e+02	7.86764706e-01	1.25368641e-06	4.82142857e-01	2.05952527e-02	1.68909847e-01	9.92826138e-01	4.80432163e-01	4.99243912e-01
2.77900000e+02	7.86492375e-01	1.22495988e-06	4.81481481e-01	2.08516646e-02	1.68983690e-01	9.93345955e-01	4.83409751e-01	4.96921166e-01
2.78000000e+02	7.86220044e-01	1.19686793e-06	4.80820106e-01	2.11108533e-02	1.69059342e-01	9.93846413e-01	4.86408481e-01	4.94605736e-01
2.78100000e+02	7.85947712e-01	1.16939712e-06	4.80158730e-01	2.13728432e-02	1.69136831e-01	9.94327482e-01	4.89428453e-01	4.92297725e-01
2.78200000e+02	7.85675381e-01	1.14253426e-06	4.79497354e-01	2.16376585e-02	1.69216188e-01	9.94789135e-01	4.92469769e-01	4.89997232e-01
2.78300000e+02	7.85403050e-01	1.11626643e-06	4.78835979e-01	2.19053236e-02	1.69297441e-01	9.95231345e-01	4.95532526e-01	4.87704357e-01
2.78400000e+02	7.85130719e-01	1.09058097e-06	4.78174603e-01	2.21758633e-02	1.69380621e-01	9.95654084e-01	4.98616827e-01	4.85419201e-01
2.78500000e+02	7.84858388e-01	1.06546550e-06	4.77513228e-01	2.24493022e-02	1.69465758e-01	9.96057328e-01	5.01722773e-01	4.83141861e-01
2.78600000e+02	7.84586057e-01	1.04090786e-06	4.76851852e-01	2.27256652e-02	1.69552883e-01	9.96441053e-01	5.04850463e-01	4.80872436e-01
2.78700000e+02	7.84313725e-01	1.01689615e-06	4.76190476e-01	2.30049772e-02	1.69642026e-01	9.96805237e-01	5.08000000e-01	4.78611024e-01
2.78800000e+02	7.84041394e-01	9.93418730e-07	4.75529101e-01	2.32872635e-02	1.69733218e-01	9.97149858e-01	5.11171485e-01	4.76357721e-01
2.78900000e+02	7.83769063e-01	9.70464166e-07	4.74867725e-01	2.35725493e-02	1.69826491e-01	9.97474895e-01	5.14365019e-01	4.74112625e-01
2.79000000e+02	7.83496732e-01	9.48021279e-07	4.74206349e-01	2.38608599e-02	1.69921875e-01	9.97780330e-01	5.17580705e-01	4.71875831e-01
2.79100000e+02	7.83224401e-01	9.26079111e-07	4.73544974e-01	2.41522209e-02	1.70019403e-01	9.98066144e-01	5.20818645e-01	4.69647434e-01
2.79200000e+02	7.82952070e-01	9.04626930e-07	4.72883598e-01	2.44466580e-02	1.70119105e-01	9.98332320e-01	5.24078941e-01	4.67427530e-01
2.79300000e+02	7.82679739e-01	8.83654224e-07	4.72222222e-01	2.47441969e-02	1.70221016e-01	9.98578843e-01	5.27361695e-01	4.65216213e-01
2.79400000e+02	7.82407407e-01	8.63150695e-07	4.71560847e-01	2.50448635e-02	1.70325165e-01	9.98805698e-01	5.30667012e-01	4.63013575e-01
2.79500000e+02	7.82135076e-01	8.43106258e-07	4.70899471e-01	2.53486839e-02	1.70431588e-01	9.99012871e-01	5.33994993e-01	4.60819712e-01
2.79600000e+02	7.81862745e-01	8.23511034e-07	4.70238095e-01	2.56556843e-02	1.70540315e-01	9.99200350e-01	5.37345743e-01	4.58634714e-01
2.79700000e+02	7.81590414e-01	8.04355347e-07	4.69576720e-01	2.59658909e-02	1.70651380e-01	9.99368125e-01	5.40719365e-01	4.56458674e-01
2.79800000e+02	7.81318083e-01	7.85629722e-07	4.68915344e-01	2.62793302e-02	1.70764817e-01	9.99516185e-01	5.44115963e-01	4.54291683e-01
2.79900000e+02	7.81045752e-01	7.67324878e-07	4.68253968e-01	2.65960287e-02	1.70880658e-01	9.99644521e-01	5.47535640e-01	4.52133831e-01
2.80000000e+02	7.80773420e-01	7.49431725e-07	4.67592593e-01	2.69160132e-02	1.70998939e-01	9.99753126e-01	5.50978501e-01	4.49985210e-01
2.80100000e+02	7.80501089e-01	7.31941362e-07	4.66931217e-01	2.72393103e-02	1.71119692e-01	9.99841994e-01	5.54444652e-01	4.47845908e-01
2.80200000e+02	7.80228758e-01	7.14845072e-07	4.66269841e-01	2.75659471e-02	1.71242952e-01	9.99911118e-01	5.57934195e-01	4.45716014e-01
2.80300000e+02	7.79956427e-01	6.98134317e-07	4.65608466e-01	2.78959506e-02	1.71368753e-01	9.99960496e-01	5.61447237e-01	4.43595617e-01
2.80400000e+02	7.79684096e-01	6.81800738e-07	4.64947090e-01	2.82293480e-02	1.71497130e-01	9.99990124e-01	5.64983883e-01	4.41484805e-01
2.80500000e+02	7.79411765e-01	6.65836147e-07	4.64285714e-01	2.85661666e-02	1.71628118e-01	1.00000000e+00	5.68544239e-01	4.39383664e-01
2.80600000e+02	7.79139434e-01	6.50232528e-07	4.63624339e-01	2.89064338e-02	1.71761752e-01	9.99990124e-01	5.72128409e-01	4.37292281e-01
2.80700000e+02	7.78867102e-01	6.34982031e-07	4.62962963e-01	2.92501771e-02	1.71898068e-01	9.99960496e-01	5.75736500e-01	4.35210742e-01
2.80800000e+02	7.78594771e-01	6.20076970e-07	4.62301587e-01	2.95974243e-02	1.72037101e-01	9.99911118e-01	5.79368618e-01	4.33139133e-01
2.80900000e+02	7.78322440e-01	6.05509817e-07	4.61640212e-01	2.99482031e-02	1.72178887e-01	9.99841994e-01	5.83024870e-01	4.31077538e-01
2.81000000e+02	7.78050109e-01	5.91273203e-07	4.60978836e-01	3.03025413e-02	1.72323463e-01	9.99753126e-01	5.86705362e-01	4.29026041e-01
2.81100000e+02	7.77777778e-01	5.77359912e-07	4.60317460e-01	3.06604672e-02	1.72470863e-01	9.99644521e-01	5.90410202e-01	4.26984726e-01
2.81200000e+02	7.77505447e-01	5.63762880e-07	4.59656085e-01	3.10220086e-02	1.72621126e-01	9.99516185e-01	5.94139495e-01	4.24953676e-01
2.81300000e+02	7.77233115e-01	5.50475190e-07	4.58994709e-01	3.13871941e-02	1.72774287e-01	9.99368125e-01	5.97893351e-01	4.22932972e-01
2.81400000e+02	7.76960784e-01	5.37490068e-07	4.58333333e-01	3.17560518e-02	1.72930385e-01	9.99200350e-01	6.01671875e-01	4.20922698e-01
2.81500000e+02	7.76688453e-01	5.24800885e-07	4.57671958e-01	3.21286104e-02	1.73089456e-01	9.99012871e-01	6.05475177e-01	4.18922933e-01
2.81600000e+02	7.76416122e-01	5.12401149e-07	4.57010582e-01	3.25048983e-02	1.73251537e-01	9.98805698e-01	6.09303363e-01	4.16933759e-01
2.81700000e+02	7.76143791e-01	5.00284506e-07	4.56349206e-01	3.28849444e-02	1.73416667e-01	9.98578843e-01	6.13156544e-01	4.14955255e-01
2.81800000e+02	7.75871460e-01	4.88444734e-07	4.55687831e-01	3.32687775e-02	1.73584883e-01	9.98332320e-01	6.17034826e-01	4.12987501e-01
2.81900000e+02	7.75599129e-01	4.76875743e-07	4.55026455e-01	3.36564264e-02	1.73756224e-01	9.98066144e-01	6.20938319e-01	4.11030574e-01
2.82000000e+02	7.75326797e-01	4.65571572e-07	4.54365079e-01	3.40479203e-02	1.73930728e-01	9.97780330e-01	6.24867132e-01	4.09084554e-01
2.82100000e+02	7.75054466e-01	4.54526383e-07	4.53703704e-01	3.44432883e-02	1.74108434e-01	9.97474895e-01	6.28821374e-01	4.07149518e-01
2.82200000e+02	7.74782135e-01	4.43734465e-07	4.53042328e-01	3.48425597e-02	1.74289380e-01	9.97149858e-01	6.32801155e-01	4.05225542e-01
2.82300000e+02	7.74509804e-01	4.33190224e-07	4.52380952e-01	3.52457638e-02	1.74473607e-01	9.96805237e-01	6.36806584e-01	4.03312703e-01
2.82400000e+02	7.74237473e-01	4.22888188e-07	4.51719577e-01	3.56529302e-02	1.74661152e-01	9.96441053e-01	6.40837772e-01	4.01411077e-01
2.82500000e+02	7.73965142e-01	4.12822997e-07	4.51058201e-01	3.60640884e-02	1.74852057e-01	9.96057328e-01	6.44894828e-01	3.99520737e-01
2.82600000e+02	7.73692810e-01	4.02989409e-07	4.50396825e-01	3.64792682e-02	1.75046361e-01	9.95654084e-01	6.48977862e-01	3.97641760e-01
2.82700000e+02	7.73420479e-01	3.93382290e-07	4.49735450e-01	3.68984992e-02	1.75244103e-01	9.95231345e-01	6.53086987e-01	3.95774217e-01
2.82800000e+02	7.73148148e-01	3.83996615e-07	4.49074074e-01	3.73218115e-02	1.75445325e-01	9.94789135e-01	6.57222312e-01	3.93918184e-01
2.82900000e+02	7.72875817e-01	3.74827469e-07	4.48412698e-01	3.77492349e-02	1.75650066e-01	9.94327482e-01	6.61383948e-01	3.92073732e-01
2.83000000e+02	7.72603486e-01	3.65870038e-07	4.47751323e-01	3.81807997e-02	1.75858368e-01	9.93846413e-01	6.65572008e-01	3.90240933e-01
2.83100000e+02	7.72331155e-01	3.57119613e-07	4.47089947e-01	3.86165359e-02	1.76070272e-01	9.93345955e-01	6.69786602e-01	3.88419858e-01
2.83200000e+02	7.72058824e-01	3.48571584e-07	4.46428571e-01	3.90564739e-02	1.76285819e-01	9.92826138e-01	6.74027842e-01	3.86610578e-01
2.83300000e+02	7.71786492e-01	3.40221440e-07	4.45767196e-01	3.95006441e-02	1.76505050e-01	9.92286993e-01	6.78295841e-01	3.84813164e-01
2.83400000e+02	7.71514161e-01	3.32064768e-07	4.45105820e-01	3.99490769e-02	1.76728007e-01	9.91728553e-01	6.82590711e-01	3.83027685e-01
2.83500000e+02	7.71241830e-01	3.24097247e-07	4.44444444e-01	4.04018030e-02	1.76954733e-01	9.91150849e-01	6.86912564e-01	3.81254209e-01
2.83600000e+02	7.70969499e-01	3.16314649e-07	4.43783069e-01	4.08588529e-02	1.77185268e-01	9.90553915e-01	6.91261514e-01	3.79492804e-01
2.83700000e+02	7.70697168e-01	3.08712837e-07	4.43121693e-01	4.13202574e-02	1.77419657e-01	9.89937788e-01	6.95637672e-01	3.77743540e-01
2.83800000e+02	7.70424837e-01	3.01287765e-07	4.42460317e-01	4.17860474e-02	1.77657942e-01	9.89302503e-01	7.00041153e-01	3.76006481e-01
2.83900000e+02	7.70152505e-01	2.94035470e-07	4.41798942e-01	4.22562538e-02	1.77900165e-01	9.88648097e-01	7.04472070e-01	3.74281696e-01
2.84000000e+02	7.69880174e-01	2.86952076e-07	4.41137566e-01	4.27309075e-02	1.78146369e-01	9.87974610e-01	7.08930537e-01	3.72569250e-01
2.84100000e+02	7.69607843e-01	2.80033792e-07	4.40476190e-01	4.32100398e-02	1.78396599e-01	9.87282080e-01	7.13416667e-01	3.70869207e-01
2.84200000e+02	7.69335512e-01	2.73276906e-07	4.39814815e-01	4.36936817e-02	1.78650897e-01	9.86570549e-01	7.17930575e-01	3.69181633e-01
2.84300000e+02	7.69063181e-01	2.66677789e-07	4.39153439e-01	4.41818646e-02	1.78909308e-01	9.85840058e-01	7.22472375e-01	3.67506591e-01
2.84400000e+02	7.68790850e-01	2.60232887e-07	4.38492063e-01	4.46746197e-02	1.79171875e-01	9.85090650e-01	7.27042182e-01	3.65844145e-01
2.84500000e+02	7.68518519e-01	2.53938725e-07	4.37830688e-01	4.51719785e-02	1.79438643e-01	9.84322369e-01	7.31640111e-01	3.64194358e-01
2.84600000e+02	7.68246187e-01	2.47791903e-07	4.37169312e-01	4.56739725e-02	1.79709657e-01	9.83535261e-01	7.36266277e-01	3.62557291e-01
2.84700000e+02	7.67973856e-01	2.41789095e-07	4.36507937e-01	4.61806332e-02	1.79984962e-01	9.82729371e-01	7.40920795e-01	3.60933007e-01
2.84800000e+02	7.67701525e-01	2.35927045e-07	4.35846561e-01	4.66919922e-02	1.80264601e-01	9.81904747e-01	7.45603781e-01	3.59321565e-01
2.84900000e+02	7.67429194e-01	2.30202571e-07	4.35185185e-01	4.72080814e-02	1.80548622e-01	9.81061436e-01	7.50315350e-01	3.57723027e-01
2.85000000e+02	7.67156863e-01	2.24612557e-07	4.34523810e-01	4.77289324e-02	1.80837068e-01	9.80199489e-01	7.55055620e-01	3.56137453e-01
2.85100000e+02	7.66884532e-01	2.19153956e-07	4.33862434e-01	4.82545771e-02	1.81129987e-01	9.79318956e-01	7.59824706e-01	3.54564900e-01
2.85200000e+02	7.66612200e-01	2.13823788e-07	4.33201058e-01	4.87850474e-02	1.81427423e-01	9.78419887e-01	7.64622724e-01	3.53005429e-01
2.85300000e+02	7.66339869e-01	2.08619138e-07	4.32539683e-01	4.93203752e-02	1.81729424e-01	9.77502337e-01	7.69449792e-01	3.51459096e-01
2.85400000e+02	7.66067538e-01	2.03537152e-07	4.31878307e-01	4.98605927e-02	1.82036035e-01	9.76566358e-01	7.74306026e-01	3.49925959e-01
2.85500000e+02	7.65795207e-01	1.98575042e-07	4.31216931e-01	5.04057319e-02	1.82347304e-01	9.75612004e-01	7.79191544e-01	3.48406075e-01
2.85600000e+02	7.65522876e-01	1.93730077e-07	4.30555556e-01	5.09558250e-02	1.82663276e-01	9.74639333e-01	7.84106463e-01	3.46899499e-01
2.85700000e+02	7.65250545e-01	1.88999591e-07	4.29894180e-01	5.15109041e-02	1.82984000e-01	9.73648400e-01	7.89050901e-01	3.45406288e-01
2.85800000e+02	7.64978214e-01	1.84380970e-07	4.29232804e-01	5.20710016e-02	1.83309523e-01	9.72639262e-01	7.94024976e-01	3.43926495e-01
2.85900000e+02	7.64705882e-01	1.79871663e-07	4.28571429e-01	5.26361497e-02	1.83639892e-01	9.71611980e-01	7.99028807e-01	3.42460176e-01
2.86000000e+02	7.64433551e-01	1.75469172e-07	4.27910053e-01	5.32063809e-02	1.83975156e-01	9.70566612e-01	8.04062510e-01	3.41007384e-01
2.86100000e+02	7.64161220e-01	1.71171053e-07	4.27248677e-01	5.37817274e-02	1.84315362e-01	9.69503219e-01	8.09126206e-01	3.39568172e-01
2.86200000e+02	7.63888889e-01	1.66974919e-07	4.26587302e-01	5.43622219e-02	1.84660558e-01	9.68421864e-01	8.14220013e-01	3.38142593e-01
2.86300000e+02	7.63616558e-01	1.62878432e-07	4.25925926e-01	5.49478967e-02	1.85010794e-01	9.67322608e-01	8.19344050e-01	3.36730698e-01
2.86400000e+02	7.63344227e-01	1.58879309e-07	4.25264550e-01	5.55387845e-02	1.85366118e-01	9.66205516e-01	8.24498437e-01	3.35332538e-01
2.86500000e+02	7.63071895e-01	1.54975314e-07	4.24603175e-01	5.61349178e-02	1.85726579e-01	9.65070652e-01	8.29683293e-01	3.33948165e-01
2.86600000e+02	7.62799564e-01	1.51164262e-07	4.23941799e-01	5.67363293e-02	1.86092226e-01	9.63918082e-01	8.34898738e-01	3.32577629e-01
2.86700000e+02	7.62527233e-01	1.47444016e-07	4.23280423e-01	5.73430515e-02	1.86463109e-01	9.62747873e-01	8.40144892e-01	3.31220978e-01
2.86800000e+02	7.62254902e-01	1.43812488e-07	4.22619048e-01	5.79551173e-02	1.86839278e-01	9.61560092e-01	8.45421875e-01	3.29878263e-01
2.86900000e+02	7.61982571e-01	1.40267632e-07	4.21957672e-01	5.85725593e-02	1.87220783e-01	9.60354808e-01	8.50729808e-01	3.28549530e-01
2.87000000e+02	7.61710240e-01	1.36807452e-07	4.21296296e-01	5.91954103e-02	1.87607673e-01	9.59132090e-01	8.56068812e-01	3.27234829e-01
2.87100000e+02	7.61437908e-01	1.33429994e-07	4.20634921e-01	5.98237030e-02	1.88000000e-01	9.57892010e-01	8.61439008e-01	3.25934206e-01
2.87200000e+02	7.61165577e-01	1.30133346e-07	4.19973545e-01	6.04574703e-02	1.88397814e-01	9.56634638e-01	8.66840517e-01	3.24647707e-01
2.87300000e+02	7.60893246e-01	1.26915642e-07	4.19312169e-01	6.10967450e-02	1.88801165e-01	9.55360047e-01	8.72273460e-01	3.23375378e-01
2.87400000e+02	7.60620915e-01	1.23775054e-07	4.18650794e-01	6.17415599e-02	1.89210106e-01	9.54068309e-01	8.77737960e-01	3.22117266e-01
2.87500000e+02	7.60348584e-01	1.20709797e-07	4.17989418e-01	6.23919478e-02	1.89624687e-01	9.52759501e-01	8.83234138e-01	3.20873414e-01
2.87600000e+02	7.60076253e-01	1.17718125e-07	4.17328042e-01	6.30479418e-02	1.90044960e-01	9.51433695e-01	8.88762116e-01	3.19643867e-01
2.87700000e+02	7.59803922e-01	1.14798331e-07	4.16666667e-01	6.37095746e-02	1.90470977e-01	9.50090969e-01	8.94322016e-01	3.18428669e-01
2.87800000e+02	7.59531590e-01	1.11948746e-07	4.16005291e-01	6.43768791e-02	1.90902791e-01	9.48731400e-01	8.99913963e-01	3.17227862e-01
2.87900000e+02	7.59259259e-01	1.09167739e-07	4.15343915e-01	6.50498883e-02	1.91340452e-01	9.47355065e-01	9.05538077e-01	3.16041489e-01
2.88000000e+02	7.58986928e-01	1.06453714e-07	4.14682540e-01	6.57286351e-02	1.91784015e-01	9.45962042e-01	9.11194483e-01	3.14869592e-01
2.88100000e+02	7.58714597e-01	1.03805112e-07	4.14021164e-01	6.64131523e-02	1.92233531e-01	9.44552412e-01	9.16883304e-01	3.13712212e-01
2.88200000e+02	7.58442266e-01	1.01220409e-07	4.13359788e-01	6.71034729e-02	1.92689054e-01	9.43126256e-01	9.22604664e-01	3.12569389e-01
2.88300000e+02	7.58169935e-01	9.86981139e-08	4.12698413e-01	6.77996298e-02	1.93150638e-01	9.41683653e-01	9.28358685e-01	3.11441165e-01
2.88400000e+02	7.57897603e-01	9.62367707e-08	4.12037037e-01	6.85016559e-02	1.93618334e-01	9.40224686e-01	9.34145493e-01	3.10327578e-01
2.88500000e+02	7.57625272e-01	9.38349551e-08	4.11375661e-01	6.92095840e-02	1.94092199e-01	9.38749439e-01	9.39965212e-01	3.09228668e-01
2.88600000e+02	7.57352941e-01	9.14912752e-08	4.10714286e-01	6.99234472e-02	1.94572284e-01	9.37257996e-01	9.45817966e-01	3.08144472e-01
2.88700000e+02	7.57080610e-01	8.92043705e-08	4.10052910e-01	7.06432781e-02	1.95058645e-01	9.35750440e-01	9.51703879e-01	3.07075029e-01
2.88800000e+02	7.56808279e-01	8.69729109e-08	4.09391534e-01	7.13691098e-02	1.95551336e-01	9.34226857e-01	9.57623078e-01	3.06020376e-01
2.88900000e+02	7.56535948e-01	8.47955966e-08	4.08730159e-01	7.21009749e-02	1.96050412e-01	9.32687334e-01	9.63575687e-01	3.04980549e-01
2.89000000e+02	7.56263617e-01	8.26711571e-08	4.08068783e-01	7.28389064e-02	1.96555927e-01	9.31131958e-01	9.69561832e-01	3.03955586e-01
2.89100000e+02	7.55991285e-01	8.05983504e-08	4.07407407e-01	7.35829370e-02	1.97067937e-01	9.29560816e-01	9.75581638e-01	3.02945520e-01
2.89200000e+02	7.55718954e-01	7.85759629e-08	4.06746032e-01	7.43330994e-02	1.97586497e-01	9.27973997e-01	9.81635232e-01	3.01950387e-01
2.89300000e+02	7.55446623e-01	7.66028083e-08	4.06084656e-01	7.50894265e-02	1.98111663e-01	9.26371591e-01	9.87722739e-01	3.00970223e-01
2.89400000e+02	7.55174292e-01	7.46777273e-08	4.05423280e-01	7.58519508e-02	1.98643490e-01	9.24753688e-01	9.93844286e-01	3.00005059e-01
2.89500000e+02	7.54901961e-01	7.27995869e-08	4.04761905e-01	7.66207050e-02	1.99182035e-01	9.23120379e-01	1.00000000e+00	2.99054930e-01
2.89600000e+02	7.54629630e-01	7.09672798e-08	4.04100529e-01	7.73957218e-02	1.99727355e-01	9.21471756e-01	9.97685185e-01	2.98119869e-01
2.89700000e+02	7.54357298e-01	6.91797239e-08	4.03439153e-01	7.81770336e-02	2.00279504e-01	9.19807911e-01	9.95370370e-01	2.97199907e-01
2.89800000e+02	7.54084967e-01	6.74358616e-08	4.02777778e-01	7.89646732e-02	2.00838542e-01	9.18128937e-01	9.93055556e-01	2.96295076e-01
2.89900000e+02	7.53812636e-01	6.57346597e-08	4.02116402e-01	7.97586728e-02	2.01404523e-01	9.16434928e-01	9.90740741e-01	2.95405408e-01
2.90000000e+02	7.53540305e-01	6.40751082e-08	4.01455026e-01	8.05590650e-02	2.01977507e-01	9.14725979e-01	9.88425926e-01	2.94530932e-01
2.90100000e+02	7.53267974e-01	6.24562204e-08	4.00793651e-01	8.13658821e-02	2.02557550e-01	9.13002185e-01	9.86111111e-01	2.93671678e-01
2.90200000e+02	7.52995643e-01	6.08770320e-08	4.00132275e-01	8.21791565e-02	2.03144709e-01	9.11263643e-01	9.83796296e-01	2.92827676e-01
2.90300000e+02	7.52723312e-01	5.93366009e-08	3.99470899e-01	8.29989203e-02	2.03739044e-01	9.09510449e-01	9.81481481e-01	2.91998955e-01
2.90400000e+02	7.52450980e-01	5.78340064e-08	3.98809524e-01	8.38252057e-02	2.04340612e-01	9.07742701e-01	9.79166667e-01	2.91185543e-01
2.90500000e+02	7.52178649e-01	5.63683490e-08	3.98148148e-01	8.46580450e-02	2.04949471e-01	9.05960496e-01	9.76851852e-01	2.90387467e-01
2.90600000e+02	7.51906318e-01	5.49387497e-08	3.97486772e-01	8.54974701e-02	2.05565681e-01	9.04163934e-01	9.74537037e-01	2.89604755e-01
2.90700000e+02	7.51633987e-01	5.35443499e-08	3.96825397e-01	8.63435130e-02	2.06189300e-01	9.02353114e-01	9.72222222e-01	2.88837433e-01
2.90800000e+02	7.51361656e-01	5.21843106e-08	3.96164021e-01	8.71962056e-02	2.06820388e-01	9.00528136e-01	9.69907407e-01	2.88085527e-01
2.90900000e+02	7.51089325e-01	5.08578120e-08	3.95502646e-01	8.80555797e-02	2.07459003e-01	8.98689100e-01	9.67592593e-01	2.87349062e-01
2.91000000e+02	7.50816993e-01	4.95640532e-08	3.94841270e-01	8.89216670e-02	2.08105206e-01	8.96836109e-01	9.65277778e-01	2.86628065e-01
2.91100000e+02	7.50544662e-01	4.83022519e-08	3.94179894e-01	8.97944993e-02	2.08759056e-01	8.94969264e-01	9.62962963e-01	2.85922558e-01
2.91200000e+02	7.50272331e-01	4.70716437e-08	3.93518519e-01	9.06741080e-02	2.09420613e-01	8.93088668e-01	9.60648148e-01	2.85232565e-01
2.91300000e+02	7.50000000e-01	4.58714819e-08	3.92857143e-01	9.15605246e-02	2.10089938e-01	8.91194424e-01	9.58333333e-01	2.84558111e-01
2.91400000e+02	7.49727669e-01	4.47010370e-08	3.92195767e-01	9.24537805e-02	2.10767091e-01	8.89286635e-01	9.56018519e-01	2.83899217e-01
2.91500000e+02	7.49455338e-01	4.35595965e-08	3.91534392e-01	9.33539069e-02	2.11452134e-01	8.87365406e-01	9.53703704e-01	2.83255906e-01
2.91600000e+02	7.49183007e-01	4.24464641e-08	3.90873016e-01	9.42609350e-02	2.12145126e-01	8.85430843e-01	9.51388889e-01	2.82628200e-01
2.91700000e+02	7.48910675e-01	4.13609600e-08	3.90211640e-01	9.51748958e-02	2.12846130e-01	8.83483049e-01	9.49074074e-01	2.82016119e-01
2.91800000e+02	7.48638344e-01	4.03024200e-08	3.89550265e-01	9.60958203e-02	2.13555207e-01	8.81522133e-01	9.46759259e-01	2.81419684e-01
2.91900000e+02	7.48366013e-01	3.92701951e-08	3.88888889e-01	9.70237393e-02	2.14272418e-01	8.79548199e-01	9.44444444e-01	2.80838915e-01
2.92000000e+02	7.48093682e-01	3.82636517e-08	3.88227513e-01	9.79586835e-02	2.14997826e-01	8.77561356e-01	9.42129630e-01	2.80273832e-01
2.92100000e+02	7.47821351e-01	3.72821709e-08	3.87566138e-01	9.89006835e-02	2.15731492e-01	8.75561711e-01	9.39814815e-01	2.79724452e-01
2.92200000e+02	7.47549020e-01	3.63251479e-08	3.86904762e-01	9.98497697e-02	2.16473480e-01	8.73549372e-01	9.37500000e-01	2.79190796e-01
2.92300000e+02	7.47276688e-01	3.53919924e-08	3.86243386e-01	1.00805973e-01	2.17223852e-01	8.71524448e-01	9.35185185e-01	2.78672880e-01
2.92400000e+02	7.47004357e-01	3.44821275e-08	3.85582011e-01	1.01769322e-01	2.17982671e-01	8.69487048e-01	9.32870370e-01	2.78170722e-01
2.92500000e+02	7.46732026e-01	3.35949900e-08	3.84920635e-01	1.02739848e-01	2.18750000e-01	8.67437281e-01	9.30555556e-01	2.77684338e-01
2.92600000e+02	7.46459695e-01	3.27300297e-08	3.84259259e-01	1.03717582e-01	2.19525902e-01	8.65375258e-01	9.28240741e-01	2.77213745e-01
2.92700000e+02	7.46187364e-01	3.18867095e-08	3.83597884e-01	1.04702551e-01	2.20310441e-01	8.63301090e-01	9.25925926e-01	2.76758959e-01
2.92800000e+02	7.45915033e-01	3.10645046e-08	3.82936508e-01	1.05694787e-01	2.21103682e-01	8.61214887e-01	9.23611111e-01	2.76319994e-01
2.92900000e+02	7.45642702e-01	3.02629026e-08	3.82275132e-01	1.06694318e-01	2.21905687e-01	8.59116761e-01	9.21296296e-01	2.75896865e-01
2.93000000e+02	7.45370370e-01	2.94814032e-08	3.81613757e-01	1.07701175e-01	2.22716521e-01	8.57006824e-01	9.18981481e-01	2.75489586e-01
2.93100000e+02	7.45098039e-01	2.87195176e-08	3.80952381e-01	1.08715385e-01	2.23536250e-01	8.54885188e-01	9.16666667e-01	2.75098171e-01
2.93200000e+02	7.44825708e-01	2.79767688e-08	3.80291005e-01	1.09736979e-01	2.24364937e-01	8.52751967e-01	9.14351852e-01	2.74722633e-01
2.93300000e+02	7.44553377e-01	2.72526907e-08	3.79629630e-01	1.10765984e-01	2.25202647e-01	8.50607272e-01	9.12037037e-01	2.74362984e-01
2.93400000e+02	7.44281046e-01	2.65468284e-08	3.78968254e-01	1.11802430e-01	2.26049447e-01	8.48451219e-01	9.09722222e-01	2.74019236e-01
2.93500000e+02	7.44008715e-01	2.58587375e-08	3.78306878e-01	1.12846345e-01	2.26905401e-01	8.46283920e-01	9.07407407e-01	2.73691400e-01
2.93600000e+02	7.43736383e-01	2.51879844e-08	3.77645503e-01	1.13897757e-01	2.27770576e-01	8.44105491e-01	9.05092593e-01	2.73379487e-01
2.93700000e+02	7.43464052e-01	2.45341454e-08	3.76984127e-01	1.14956695e-01	2.28645036e-01	8.41916046e-01	9.02777778e-01	2.73083508e-01
2.93800000e+02	7.43191721e-01	2.38968069e-08	3.76322751e-01	1.16023186e-01	2.29528849e-01	8.39715699e-01	9.00462963e-01	2.72803473e-01
2.93900000e+02	7.42919390e-01	2.32755652e-08	3.75661376e-01	1.17097259e-01	2.30422081e-01	8.37504567e-01	8.98148148e-01	2.72539390e-01
2.94000000e+02	7.42647059e-01	2.26700261e-08	3.75000000e-01	1.18178940e-01	2.31324799e-01	8.35282766e-01	8.95833333e-01	2.72291268e-01
2.94100000e+02	7.42374728e-01	2.20798045e-08	3.74338624e-01	1.19268257e-01	2.32237069e-01	8.33050410e-01	8.93518519e-01	2.72059116e-01
2.94200000e+02	7.42102397e-01	2.15045248e-08	3.73677249e-01	1.20365238e-01	2.33158958e-01	8.30807618e-01	8.91203704e-01	2.71842942e-01
2.94300000e+02	7.41830065e-01	2.09438200e-08	3.73015873e-01	1.21469908e-01	2.34090535e-01	8.28554505e-01	8.88888889e-01	2.71642751e-01
2.94400000e+02	7.41557734e-01	2.03973320e-08	3.72354497e-01	1.22582296e-01	2.35031866e-01	8.26291188e-01	8.86574074e-01	2.71458552e-01
2.94500000e+02	7.41285403e-01	1.98647112e-08	3.71693122e-01	1.23702427e-01	2.35983020e-01	8.24017786e-01	8.84259259e-01	2.71290349e-01
2.94600000e+02	7.41013072e-01	1.93456161e-08	3.71031746e-01	1.24830327e-01	2.36944064e-01	8.21734415e-01	8.81944444e-01	2.71138149e-01
2.94700000e+02	7.40740741e-01	1.88397137e-08	3.70370370e-01	1.25966024e-01	2.37915067e-01	8.19441193e-01	8.79629630e-01	2.71001957e-01
2.94800000e+02	7.40468410e-01	1.83466786e-08	3.69708995e-01	1.27109542e-01	2.38896098e-01	8.17138238e-01	8.77314815e-01	2.70881777e-01
2.94900000e+02	7.40196078e-01	1.78661932e-08	3.69047619e-01	1.28260908e-01	2.39887225e-01	8.14825670e-01	8.75000000e-01	2.70777613e-01
2.95000000e+02	7.39923747e-01	1.73979478e-08	3.68386243e-01	1.29420146e-01	2.40888517e-01	8.12503605e-01	8.72685185e-01	2.70689468e-01
2.95100000e+02	7.39651416e-01	1.69416397e-08	3.67724868e-01	1.30587282e-01	2.41900044e-01	8.10172164e-01	8.70370370e-01	2.70617345e-01
2.95200000e+02	7.39379085e-01	1.64969736e-08	3.67063492e-01	1.31762340e-01	2.42921875e-01	8.07831465e-01	8.68055556e-01	2.70561248e-01
2.95300000e+02	7.39106754e-01	1.60636614e-08	3.66402116e-01	1.32945347e-01	2.43954080e-01	8.05481628e-01	8.65740741e-01	2.70521177e-01
2.95400000e+02	7.38834423e-01	1.56414216e-08	3.65740741e-01	1.34136325e-01	2.44996728e-01	8.03122772e-01	8.63425926e-01	2.70497133e-01
2.95500000e+02	7.38562092e-01	1.52299797e-08	3.65079365e-01	1.35335298e-01	2.46049891e-01	8.00755016e-01	8.61111111e-01	2.70489119e-01
2.95600000e+02	7.38289760e-01	1.48290678e-08	3.64417989e-01	1.36542292e-01	2.47113638e-01	7.98378481e-01	8.58796296e-01	2.70497133e-01
2.95700000e+02	7.38017429e-01	1.44384242e-08	3.63756614e-01	1.37757330e-01	2.48188040e-01	7.95993286e-01	8.56481481e-01	2.70521177e-01
2.95800000e+02	7.37745098e-01	1.40577936e-08	3.63095238e-01	1.38980434e-01	2.49273168e-01	7.93599552e-01	8.54166667e-01	2.70561248e-01
2.95900000e+02	7.37472767e-01	1.36869270e-08	3.62433862e-01	1.40211628e-01	2.50369093e-01	7.91197399e-01	8.51851852e-01	2.70617345e-01
2.96000000e+02	7.37200436e-01	1.33255812e-08	3.61772487e-01	1.41450934e-01	2.51475887e-01	7.88786947e-01	8.49537037e-01	2.70689468e-01
2.96100000e+02	7.36928105e-01	1.29735190e-08	3.61111111e-01	1.42698377e-01	2.52593621e-01	7.86368317e-01	8.47222222e-01	2.70777613e-01
2.96200000e+02	7.36655773e-01	1.26305088e-08	3.60449735e-01	1.43953976e-01	2.53722368e-01	7.83941630e-01	8.44907407e-01	2.70881777e-01
2.96300000e+02	7.36383442e-01	1.22963246e-08	3.59788360e-01	1.45217755e-01	2.54862198e-01	7.81507006e-01	8.42592593e-01	2.71001957e-01
2.96400000e+02	7.36111111e-01	1.19707460e-08	3.59126984e-01	1.46489735e-01	2.56013185e-01	7.79064566e-01	8.40277778e-01	2.71138149e-01
2.96500000e+02	7.35838780e-01	1.16535577e-08	3.58465608e-01	1.47769938e-01	2.57175401e-01	7.76614431e-01	8.37962963e-01	2.71290349e-01
2.96600000e+02	7.35566449e-01	1.13445499e-08	3.57804233e-01	1.49058384e-01	2.58348918e-01	7.74156723e-01	8.35648148e-01	2.71458552e-01
2.96700000e+02	7.35294118e-01	1.10435176e-08	3.57142857e-01	1.50355095e-01	2.59533811e-01	7.71691562e-01	8.33333333e-01	2.71642751e-01
2.96800000e+02	7.35021786e-01	1.07502610e-08	3.56481481e-01	1.51660090e-01	2.60730152e-01	7.69219070e-01	8.31018519e-01	2.71842942e-01
2.96900000e+02	7.34749455e-01	1.04645850e-08	3.55820106e-01	1.52973391e-01	2.61938014e-01	7.66739368e-01	8.28703704e-01	2.72059116e-01
2.97000000e+02	7.34477124e-01	1.01862993e-08	3.55158730e-01	1.54295016e-01	2.63157472e-01	7.64252577e-01	8.26388889e-01	2.72291268e-01
2.97100000e+02	7.34204793e-01	9.91521826e-09	3.54497354e-01	1.55624985e-01	2.64388599e-01	7.61758818e-01	8.24074074e-01	2.72539390e-01
2.97200000e+02	7.33932462e-01	9.65116065e-09	3.53835979e-01	1.56963317e-01	2.65631469e-01	7.59258214e-01	8.21759259e-01	2.72803473e-01
2.97300000e+02	7.33660131e-01	9.39394974e-09	3.53174603e-01	1.58310032e-01	2.66886158e-01	7.56750884e-01	8.19444444e-01	2.73083508e-01
2.97400000e+02	7.33387800e-01	9.14341308e-09	3.52513228e-01	1.59665147e-01	2.68152739e-01	7.54236951e-01	8.17129630e-01	2.73379487e-01
2.97500000e+02	7.33115468e-01	8.89938245e-09	3.51851852e-01	1.61028681e-01	2.69431288e-01	7.51716536e-01	8.14814815e-01	2.73691400e-01
2.97600000e+02	7.32843137e-01	8.66169370e-09	3.51190476e-01	1.62400652e-01	2.70721880e-01	7.49189760e-01	8.12500000e-01	2.74019236e-01
2.97700000e+02	7.32570806e-01	8.43018674e-09	3.50529101e-01	1.63781077e-01	2.72024590e-01	7.46656745e-01	8.10185185e-01	2.74362984e-01
2.97800000e+02	7.32298475e-01	8.20470534e-09	3.49867725e-01	1.65169973e-01	2.73339493e-01	7.44117612e-01	8.07870370e-01	2.74722633e-01
2.97900000e+02	7.32026144e-01	7.98509715e-09	3.49206349e-01	1.66567357e-01	2.74666667e-01	7.41572481e-01	8.05555556e-01	2.75098171e-01
2.98000000e+02	7.31753813e-01	7.77121351e-09	3.48544974e-01	1.67973245e-01	2.76006186e-01	7.39021475e-01	8.03240741e-01	2.75489586e-01
2.98100000e+02	7.31481481e-01	7.56290942e-09	3.47883598e-01	1.69387653e-01	2.77358126e-01	7.36464714e-01	8.00925926e-01	2.75896865e-01
2.98200000e+02	7.31209150e-01	7.36004346e-09	3.47222222e-01	1.70810597e-01	2.78722566e-01	7.33902319e-01	7.98611111e-01	2.76319994e-01
2.98300000e+02	7.30936819e-01	7.16247764e-09	3.46560847e-01	1.72242092e-01	2.80099581e-01	7.31334412e-01	7.96296296e-01	2.76758959e-01
2.98400000e+02	7.30664488e-01	6.97007741e-09	3.45899471e-01	1.73682153e-01	2.81489248e-01	7.28761112e-01	7.93981481e-01	2.77213745e-01
2.98500000e+02	7.30392157e-01	6.78271150e-09	3.45238095e-01	1.75130795e-01	2.82891645e-01	7.26182542e-01	7.91666667e-01	2.77684338e-01
2.98600000e+02	7.30119826e-01	6.60025188e-09	3.44576720e-01	1.76588031e-01	2.84306849e-01	7.23598822e-01	7.89351852e-01	2.78170722e-01
2.98700000e+02	7.29847495e-01	6.42257369e-09	3.43915344e-01	1.78053876e-01	2.85734938e-01	7.21010071e-01	7.87037037e-01	2.78672880e-01
2.98800000e+02	7.29575163e-01	6.24955513e-09	3.43253968e-01	1.79528342e-01	2.87175990e-01	7.18416411e-01	7.84722222e-01	2.79190796e-01
2.98900000e+02	7.29302832e-01	6.08107741e-09	3.42592593e-01	1.81011443e-01	2.88630083e-01	7.15817962e-01	7.82407407e-01	2.79724452e-01
2.99000000e+02	7.29030501e-01	5.91702470e-09	3.41931217e-01	1.82503191e-01	2.90097296e-01	7.13214843e-01	7.80092593e-01	2.80273832e-01
2.99100000e+02	7.28758170e-01	5.75728401e-09	3.41269841e-01	1.84003598e-01	2.91577707e-01	7.10607176e-01	7.77777778e-01	2.80838915e-01
2.99200000e+02	7.28485839e-01	5.60174515e-09	3.40608466e-01	1.85512675e-01	2.93071395e-01	7.07995079e-01	7.75462963e-01	2.81419684e-01
2.99300000e+02	7.28213508e-01	5.45030067e-09	3.39947090e-01	1.87030435e-01	2.94578439e-01	7.05378673e-01	7.73148148e-01	2.82016119e-01
2.99400000e+02	7.27941176e-01	5.30284577e-09	3.39285714e-01	1.88556887e-01	2.96098919e-01	7.02758077e-01	7.70833333e-01	2.82628200e-01
2.99500000e+02	7.27668845e-01	5.15927828e-09	3.38624339e-01	1.90092043e-01	2.97632914e-01	7.00133410e-01	7.68518519e-01	2.83255906e-01
2.99600000e+02	7.27396514e-01	5.01949853e-09	3.37962963e-01	1.91635912e-01	2.99180504e-01	6.97504791e-01	7.66203704e-01	2.83899217e-01
2.99700000e+02	7.27124183e-01	4.88340936e-09	3.37301587e-01	1.93188504e-01	3.00741770e-01	6.94872339e-01	7.63888889e-01	2.84558111e-01
2.99800000e+02	7.26851852e-01	4.75091600e-09	3.36640212e-01	1.94749827e-01	3.02316791e-01	6.92236172e-01	7.61574074e-01	2.85232565e-01
2.99900000e+02	7.26579521e-01	4.62192607e-09	3.35978836e-01	1.96319891e-01	3.03905648e-01	6.89596410e-01	7.59259259e-01	2.85922558e-01
3.00000000e+02	7.26307190e-01	4.49634946e-09	3.35317460e-01	1.97898704e-01	3.05508422e-01	6.86953171e-01	7.56944444e-01	2.86628065e-01
3.00100000e+02	7.26034858e-01	4.37409834e-09	3.34656085e-01	1.99486272e-01	3.07125194e-01	6.84306571e-01	7.54629630e-01	2.87349062e-01
3.00200000e+02	7.25762527e-01	4.25508705e-09	3.33994709e-01	2.01082605e-01	3.08756045e-01	6.81656730e-01	7.52314815e-01	2.88085527e-01
3.00300000e+02	7.25490196e-01	4.13923207e-09	3.33333333e-01	2.02687708e-01	3.10401057e-01	6.79003764e-01	7.50000000e-01	2.88837433e-01
3.00400000e+02	7.25217865e-01	4.02645200e-09	3.32671958e-01	2.04301588e-01	3.12060311e-01	6.76347791e-01	7.47685185e-01	2.89604755e-01
3.00500000e+02	7.24945534e-01	3.91666743e-09	3.32010582e-01	2.05924250e-01	3.13733890e-01	6.73688928e-01	7.45370370e-01	2.90387467e-01
3.00600000e+02	7.24673203e-01	3.80980097e-09	3.31349206e-01	2.07555701e-01	3.15421875e-01	6.71027291e-01	7.43055556e-01	2.91185543e-01
3.00700000e+02	7.24400871e-01	3.70577716e-09	3.30687831e-01	2.09195944e-01	3.17124349e-01	6.68362996e-01	7.40740741e-01	2.91998955e-01
3.00800000e+02	7.24128540e-01	3.60452245e-09	3.30026455e-01	2.10844985e-01	3.18841395e-01	6.65696160e-01	7.38425926e-01	2.92827676e-01
3.00900000e+02	7.23856209e-01	3.50596512e-09	3.29365079e-01	2.12502828e-01	3.20573096e-01	6.63026899e-01	7.36111111e-01	2.93671678e-01
3.01000000e+02	7.23583878e-01	3.41003525e-09	3.28703704e-01	2.14169475e-01	3.22319535e-01	6.60355328e-01	7.33796296e-01	2.94530932e-01
3.01100000e+02	7.23311547e-01	3.31666468e-09	3.28042328e-01	2.15844930e-01	3.24080794e-01	6.57681562e-01	7.31481481e-01	2.95405408e-01
3.01200000e+02	7.23039216e-01	3.22578699e-09	3.27380952e-01	2.17529195e-01	3.25856959e-01	6.55005715e-01	7.29166667e-01	2.96295076e-01
3.01300000e+02	7.22766885e-01	3.13733740e-09	3.26719577e-01	2.19222272e-01	3.27648112e-01	6.52327903e-01	7.26851852e-01	2.97199907e-01
3.01400000e+02	7.22494553e-01	3.05125279e-09	3.26058201e-01	2.20924163e-01	3.29454337e-01	6.49648240e-01	7.24537037e-01	2.98119869e-01
3.01500000e+02	7.22222222e-01	2.96747161e-09	3.25396825e-01	2.22634869e-01	3.31275720e-01	6.46966838e-01	7.22222222e-01	2.99054930e-01
3.01600000e+02	7.21949891e-01	2.88593389e-09	3.24735450e-01	2.24354389e-01	3.33112345e-01	6.44283813e-01	7.19907407e-01	3.00005059e-01
3.01700000e+02	7.21677560e-01	2.80658115e-09	3.24074074e-01	2.26082725e-01	3.34964295e-01	6.41599276e-01	7.17592593e-01	3.00970223e-01
3.01800000e+02	7.21405229e-01	2.72935642e-09	3.23412698e-01	2.27819874e-01	3.36831658e-01	6.38913340e-01	7.15277778e-01	3.01950387e-01
3.01900000e+02	7.21132898e-01	2.65420414e-09	3.22751323e-01	2.29565837e-01	3.38714516e-01	6.36226118e-01	7.12962963e-01	3.02945520e-01
3.02000000e+02	7.20860566e-01	2.58107017e-09	3.22089947e-01	2.31320611e-01	3.40612958e-01	6.33537722e-01	7.10648148e-01	3.03955586e-01
3.02100000e+02	7.20588235e-01	2.50990176e-09	3.21428571e-01	2.33084194e-01	3.42527067e-01	6.30848263e-01	7.08333333e-01	3.04980549e-01
3.02200000e+02	7.20315904e-01	2.44064749e-09	3.20767196e-01	2.34856583e-01	3.44456929e-01	6.28157852e-01	7.06018519e-01	3.06020376e-01
3.02300000e+02	7.20043573e-01	2.37325722e-09	3.20105820e-01	2.36637775e-01	3.46402632e-01	6.25466600e-01	7.03703704e-01	3.07075029e-01
3.02400000e+02	7.19771242e-01	2.30768213e-09	3.19444444e-01	2.38427767e-01	3.48364262e-01	6.22774618e-01	7.01388889e-01	3.08144472e-01
3.02500000e+02	7.19498911e-01	2.24387461e-09	3.18783069e-01	2.40226553e-01	3.50341905e-01	6.20082015e-01	6.99074074e-01	3.09228668e-01
3.02600000e+02	7.19226580e-01	2.18178827e-09	3.18121693e-01	2.42034129e-01	3.52335647e-01	6.17388900e-01	6.96759259e-01	3.10327578e-01
3.02700000e+02	7.18954248e-01	2.12137791e-09	3.17460317e-01	2.43850489e-01	3.54345577e-01	6.14695383e-01	6.94444444e-01	3.11441165e-01
3.02800000e+02	7.18681917e-01	2.06259948e-09	3.16798942e-01	2.45675627e-01	3.56371782e-01	6.12001573e-01	6.92129630e-01	3.12569389e-01
3.02900000e+02	7.18409586e-01	2.00541005e-09	3.16137566e-01	2.47509537e-01	3.58414349e-01	6.09307576e-01	6.89814815e-01	3.13712212e-01
3.03000000e+02	7.18137255e-01	1.94976779e-09	3.15476190e-01	2.49352211e-01	3.60473366e-01	6.06613502e-01	6.87500000e-01	3.14869592e-01
3.03100000e+02	7.17864924e-01	1.89563193e-09	3.14814815e-01	2.51203641e-01	3.62548921e-01	6.03919457e-01	6.85185185e-01	3.16041489e-01
3.03200000e+02	7.17592593e-01	1.84296277e-09	3.14153439e-01	2.53063819e-01	3.64641103e-01	6.01225549e-01	6.82870370e-01	3.17227862e-01
3.03300000e+02	7.17320261e-01	1.79172160e-09	3.13492063e-01	2.54932736e-01	3.66750000e-01	5.98531882e-01	6.80555556e-01	3.18428669e-01
3.03400000e+02	7.17047930e-01	1.74187072e-09	3.12830688e-01	2.56810383e-01	3.68875701e-01	5.95838564e-01	6.78240741e-01	3.19643867e-01
3.03500000e+02	7.16775599e-01	1.69337339e-09	3.12169312e-01	2.58696748e-01	3.71018294e-01	5.93145700e-01	6.75925926e-01	3.20873414e-01
3.03600000e+02	7.16503268e-01	1.64619380e-09	3.11507937e-01	2.60591823e-01	3.73177870e-01	5.90453394e-01	6.73611111e-01	3.22117266e-01
3.03700000e+02	7.16230937e-01	1.60029709e-09	3.10846561e-01	2.62495594e-01	3.75354517e-01	5.87761750e-01	6.71296296e-01	3.23375378e-01
3.03800000e+02	7.15958606e-01	1.55564927e-09	3.10185185e-01	2.64408051e-01	3.77548326e-01	5.85070873e-01	6.68981481e-01	3.24647707e-01
3.03900000e+02	7.15686275e-01	1.51221725e-09	3.09523810e-01	2.66329180e-01	3.79759386e-01	5.82380866e-01	6.66666667e-01	3.25934206e-01
3.04000000e+02	7.15413943e-01	1.46996876e-09	3.08862434e-01	2.68258969e-01	3.81987788e-01	5.79691832e-01	6.64351852e-01	3.27234829e-01
3.04100000e+02	7.15141612e-01	1.42887238e-09	3.08201058e-01	2.70197403e-01	3.84233622e-01	5.77003873e-01	6.62037037e-01	3.28549530e-01
3.04200000e+02	7.14869281e-01	1.38889752e-09	3.07539683e-01	2.72144469e-01	3.86496978e-01	5.74317091e-01	6.59722222e-01	3.29878263e-01
3.04300000e+02	7.14596950e-01	1.35001435e-09	3.06878307e-01	2.74100151e-01	3.88777948e-01	5.71631587e-01	6.57407407e-01	3.31220978e-01
3.04400000e+02	7.14324619e-01	1.31219382e-09	3.06216931e-01	2.76064434e-01	3.91076622e-01	5.68947461e-01	6.55092593e-01	3.32577629e-01
3.04500000e+02	7.14052288e-01	1.27540763e-09	3.05555556e-01	2.78037302e-01	3.93393093e-01	5.66264815e-01	6.52777778e-01	3.33948165e-01
3.04600000e+02	7.13779956e-01	1.23962822e-09	3.04894180e-01	2.80018737e-01	3.95727451e-01	5.63583747e-01	6.50462963e-01	3.35332538e-01
3.04700000e+02	7.13507625e-01	1.20482875e-09	3.04232804e-01	2.82008722e-01	3.98079789e-01	5.60904357e-01	6.48148148e-01	3.36730698e-01
3.04800000e+02	7.13235294e-01	1.17098306e-09	3.03571429e-01	2.84007239e-01	4.00450199e-01	5.58226743e-01	6.45833333e-01	3.38142593e-01
3.04900000e+02	7.12962963e-01	1.13806566e-09	3.02910053e-01	2.86014269e-01	4.02838772e-01	5.55551003e-01	6.43518519e-01	3.39568172e-01
3.05000000e+02	7.12690632e-01	1.10605176e-09	3.02248677e-01	2.88029794e-01	4.05245603e-01	5.52877235e-01	6.41203704e-01	3.41007384e-01
3.05100000e+02	7.12418301e-01	1.07491718e-09	3.01587302e-01	2.90053792e-01	4.07670782e-01	5.50205536e-01	6.38888889e-01	3.42460176e-01
3.05200000e+02	7.12145969e-01	1.04463838e-09	3.00925926e-01	2.92086243e-01	4.10114404e-01	5.47536001e-01	6.36574074e-01	3.43926495e-01
3.05300000e+02	7.11873638e-01	1.01519243e-09	3.00264550e-01	2.94127125e-01	4.12576561e-01	5.44868727e-01	6.34259259e-01	3.45406288e-01
3.05400000e+02	7.11601307e-01	9.86557012e-10	2.99603175e-01	2.96176418e-01	4.15057347e-01	5.42203808e-01	6.31944444e-01	3.46899499e-01
3.05500000e+02	7.11328976e-01	9.58710370e-10	2.98941799e-01	2.98234097e-01	4.17556856e-01	5.39541339e-01	6.29629630e-01	3.48406075e-01
3.05600000e+02	7.11056645e-01	9.31631328e-10	2.98280423e-01	3.00300140e-01	4.20075182e-01	5.36881414e-01	6.27314815e-01	3.49925959e-01
3.05700000e+02	7.10784314e-01	9.05299258e-10	2.97619048e-01	3.02374524e-01	4.22612419e-01	5.34224127e-01	6.25000000e-01	3.51459096e-01
3.05800000e+02	7.10511983e-01	8.79694073e-10	2.96957672e-01	3.04457222e-01	4.25168662e-01	5.31569569e-01	6.22685185e-01	3.53005429e-01
3.05900000e+02	7.10239651e-01	8.54796211e-10	2.96296296e-01	3.06548210e-01	4.27744004e-01	5.28917834e-01	6.20370370e-01	3.54564900e-01
3.06000000e+02	7.09967320e-01	8.30586624e-10	2.95634921e-01	3.08647462e-01	4.30338542e-01	5.26269012e-01	6.18055556e-01	3.56137453e-01
3.06100000e+02	7.09694989e-01	8.07046760e-10	2.94973545e-01	3.10754952e-01	4.32952369e-01	5.23623196e-01	6.15740741e-01	3.57723027e-01
3.06200000e+02	7.09422658e-01	7.84158556e-10	2.94312169e-01	3.12870651e-01	4.35585582e-01	5.20980473e-01	6.13425926e-01	3.59321565e-01
3.06300000e+02	7.09150327e-01	7.61904421e-10	2.93650794e-01	3.14994532e-01	4.38238277e-01	5.18340936e-01	6.11111111e-01	3.60933007e-01
3.06400000e+02	7.08877996e-01	7.40267228e-10	2.92989418e-01	3.17126567e-01	4.40910548e-01	5.15704672e-01	6.08796296e-01	3.62557291e-01
3.06500000e+02	7.08605664e-01	7.19230298e-10	2.92328042e-01	3.19266726e-01	4.43602492e-01	5.13071770e-01	6.06481481e-01	3.64194358e-01
3.06600000e+02	7.08333333e-01	6.98777393e-10	2.91666667e-01	3.21414979e-01	4.46314206e-01	5.10442318e-01	6.04166667e-01	3.65844145e-01
3.06700000e+02	7.08061002e-01	6.78892702e-10	2.91005291e-01	3.23571296e-01	4.49045786e-01	5.07816404e-01	6.01851852e-01	3.67506591e-01
3.06800000e+02	7.07788671e-01	6.59560829e-10	2.90343915e-01	3.25735644e-01	4.51797328e-01	5.05194112e-01	5.99537037e-01	3.69181633e-01
3.06900000e+02	7.07516340e-01	6.40766785e-10	2.89682540e-01	3.27907993e-01	4.54568930e-01	5.02575530e-01	5.97222222e-01	3.70869207e-01
3.07000000e+02	7.07244009e-01	6.22495977e-10	2.89021164e-01	3.30088308e-01	4.57360689e-01	4.99960743e-01	5.94907407e-01	3.72569250e-01
3.07100000e+02	7.06971678e-01	6.04734197e-10	2.88359788e-01	3.32276557e-01	4.60172703e-01	4.97349835e-01	5.92592593e-01	3.74281696e-01
3.07200000e+02	7.06699346e-01	5.87467612e-10	2.87698413e-01	3.34472706e-01	4.63005069e-01	4.94742890e-01	5.90277778e-01	3.76006481e-01
3.07300000e+02	7.06427015e-01	5.70682756e-10	2.87037037e-01	3.36676720e-01	4.65857885e-01	4.92139992e-01	5.87962963e-01	3.77743540e-01
3.07400000e+02	7.06154684e-01	5.54366519e-10	2.86375661e-01	3.38888563e-01	4.68731249e-01	4.89541222e-01	5.85648148e-01	3.79492804e-01
3.07500000e+02	7.05882353e-01	5.38506137e-10	2.85714286e-01	3.41108199e-01	4.71625260e-01	4.86946664e-01	5.83333333e-01	3.81254209e-01
3.07600000e+02	7.05610022e-01	5.23089188e-10	2.85052910e-01	3.43335591e-01	4.74540017e-01	4.84356399e-01	5.81018519e-01	3.83027685e-01
3.07700000e+02	7.05337691e-01	5.08103574e-10	2.84391534e-01	3.45570701e-01	4.77475618e-01	4.81770506e-01	5.78703704e-01	3.84813164e-01
3.07800000e+02	7.05065359e-01	4.93537525e-10	2.83730159e-01	3.47813491e-01	4.80432163e-01	4.79189067e-01	5.76388889e-01	3.86610578e-01
3.07900000e+02	7.04793028e-01	4.79379577e-10	2.83068783e-01	3.50063923e-01	4.83409751e-01	4.76612160e-01	5.74074074e-01	3.88419858e-01
3.08000000e+02	7.04520697e-01	4.65618577e-10	2.82407407e-01	3.52321955e-01	4.86408481e-01	4.74039864e-01	5.71759259e-01	3.90240933e-01
3.08100000e+02	7.04248366e-01	4.52243665e-10	2.81746032e-01	3.54587549e-01	4.89428453e-01	4.71472257e-01	5.69444444e-01	3.92073732e-01
3.08200000e+02	7.03976035e-01	4.39244271e-10	2.81084656e-01	3.56860662e-01	4.92469769e-01	4.68909417e-01	5.67129630e-01	3.93918184e-01
3.08300000e+02	7.03703704e-01	4.26610107e-10	2.80423280e-01	3.59141253e-01	4.95532526e-01	4.66351419e-01	5.64814815e-01	3.95774217e-01
3.08400000e+02	7.03431373e-01	4.14331161e-10	2.79761905e-01	3.61429279e-01	4.98616827e-01	4.63798341e-01	5.62500000e-01	3.97641760e-01
3.08500000e+02	7.03159041e-01	4.02397686e-10	2.79100529e-01	3.63724697e-01	5.01722773e-01	4.61250257e-01	5.60185185e-01	3.99520737e-01
3.08600000e+02	7.02886710e-01	3.90800197e-10	2.78439153e-01	3.66027463e-01	5.04850463e-01	4.58707242e-01	5.57870370e-01	4.01411077e-01
3.08700000e+02	7.02614379e-01	3.79529462e-10	2.77777778e-01	3.68337532e-01	5.08000000e-01	4.56169369e-01	5.55555556e-01	4.03312703e-01
3.08800000e+02	7.02342048e-01	3.68576496e-10	2.77116402e-01	3.70654859e-01	5.11171485e-01	4.53636713e-01	5.53240741e-01	4.05225542e-01
3.08900000e+02	7.02069717e-01	3.57932554e-10	2.76455026e-01	3.72979397e-01	5.14365019e-01	4.51109345e-01	5.50925926e-01	4.07149518e-01
3.09000000e+02	7.01797386e-01	3.47589128e-10	2.75793651e-01	3.75311099e-01	5.17580705e-01	4.48587337e-01	5.48611111e-01	4.09084554e-01
3.09100000e+02	7.01525054e-01	3.37537936e-10	2.75132275e-01	3.77649919e-01	5.20818645e-01	4.46070761e-01	5.46296296e-01	4.11030574e-01
3.09200000e+02	7.01252723e-01	3.27770918e-10	2.74470899e-01	3.79995807e-01	5.24078941e-01	4.43559687e-01	5.43981481e-01	4.12987501e-01
3.09300000e+02	7.00980392e-01	3.18280232e-10	2.73809524e-01	3.82348715e-01	5.27361695e-01	4.41054184e-01	5.41666667e-01	4.14955255e-01
3.09400000e+02	7.00708061e-01	3.09058246e-10	2.73148148e-01	3.84708592e-01	5.30667012e-01	4.38554323e-01	5.39351852e-01	4.16933759e-01
3.09500000e+02	7.00435730e-01	3.00097534e-10	2.72486772e-01	3.87075389e-01	5.33994993e-01	4.36060171e-01	5.37037037e-01	4.18922933e-01
3.09600000e+02	7.00163399e-01	2.91390870e-10	2.71825397e-01	3.89449054e-01	5.37345743e-01	4.33571796e-01	5.34722222e-01	4.20922698e-01
3.09700000e+02	6.99891068e-01	2.82931221e-10	2.71164021e-01	3.91829535e-01	5.40719365e-01	4.31089264e-01	5.32407407e-01	4.22932972e-01
3.09800000e+02	6.99618736e-01	2.74711746e-10	2.70502646e-01	3.94216779e-01	5.44115963e-01	4.28612643e-01	5.30092593e-01	4.24953676e-01
3.09900000e+02	6.99346405e-01	2.66725787e-10	2.69841270e-01	3.96610734e-01	5.47535640e-01	4.26141998e-01	5.27777778e-01	4.26984726e-01
3.10000000e+02	6.99074074e-01	2.58966867e-10	2.69179894e-01	3.99011344e-01	5.50978501e-01	4.23677394e-01	5.25462963e-01	4.29026041e-01
3.10100000e+02	6.98801743e-01	2.51428684e-10	2.68518519e-01	4.01418556e-01	5.54444652e-01	4.21218894e-01	5.23148148e-01	4.31077538e-01
3.10200000e+02	6.98529412e-01	2.44105106e-10	2.67857143e-01	4.03832313e-01	5.57934195e-01	4.18766563e-01	5.20833333e-01	4.33139133e-01
3.10300000e+02	6.98257081e-01	2.36990166e-10	2.67195767e-01	4.06252559e-01	5.61447237e-01	4.16320463e-01	5.18518519e-01	4.35210742e-01
3.10400000e+02	6.97984749e-01	2.30078061e-10	2.66534392e-01	4.08679238e-01	5.64983883e-01	4.13880657e-01	5.16203704e-01	4.37292281e-01
3.10500000e+02	6.97712418e-01	2.23363144e-10	2.65873016e-01	4.11112291e-01	5.68544239e-01	4.11447205e-01	5.13888889e-01	4.39383664e-01
3.10600000e+02	6.97440087e-01	2.16839920e-10	2.65211640e-01	4.13551660e-01	5.72128409e-01	4.09020169e-01	5.11574074e-01	4.41484805e-01
3.10700000e+02	6.97167756e-01	2.10503047e-10	2.64550265e-01	4.15997286e-01	5.75736500e-01	4.06599609e-01	5.09259259e-01	4.43595617e-01
3.10800000e+02	6.96895425e-01	2.04347324e-10	2.63888889e-01	4.18449109e-01	5.79368618e-01	4.04185583e-01	5.06944444e-01	4.45716014e-01
3.10900000e+02	6.96623094e-01	1.98367694e-10	2.63227513e-01	4.20907069e-01	5.83024870e-01	4.01778150e-01	5.04629630e-01	4.47845908e-01
3.11000000e+02	6.96350763e-01	1.92559237e-10	2.62566138e-01	4.23371103e-01	5.86705362e-01	3.99377369e-01	5.02314815e-01	4.49985210e-01
3.11100000e+02	6.96078431e-01	1.86917167e-10	2.61904762e-01	4.25841150e-01	5.90410202e-01	3.96983296e-01	5.00000000e-01	4.52133831e-01
3.11200000e+02	6.95806100e-01	1.81436828e-10	2.61243386e-01	4.28317148e-01	5.94139495e-01	3.94595988e-01	4.97685185e-01	4.54291683e-01
3.11300000e+02	6.95533769e-01	1.76113691e-10	2.60582011e-01	4.30799032e-01	5.97893351e-01	3.92215500e-01	4.95370370e-01	4.56458674e-01
3.11400000e+02	6.95261438e-01	1.70943352e-10	2.59920635e-01	4.33286739e-01	6.01671875e-01	3.89841889e-01	4.93055556e-01	4.58634714e-01
3.11500000e+02	6.94989107e-01	1.65921526e-10	2.59259259e-01	4.35780203e-01	6.05475177e-01	3.87475207e-01	4.90740741e-01	4.60819712e-01
3.11600000e+02	6.94716776e-01	1.61044046e-10	2.58597884e-01	4.38279359e-01	6.09303363e-01	3.85115510e-01	4.88425926e-01	4.63013575e-01
3.11700000e+02	6.94444444e-01	1.56306858e-10	2.57936508e-01	4.40784141e-01	6.13156544e-01	3.82762849e-01	4.86111111e-01	4.65216213e-01
3.11800000e+02	6.94172113e-01	1.51706021e-10	2.57275132e-01	4.43294481e-01	6.17034826e-01	3.80417278e-01	4.83796296e-01	4.67427530e-01
3.11900000e+02	6.93899782e-01	1.47237698e-10	2.56613757e-01	4.45810311e-01	6.20938319e-01	3.78078847e-01	4.81481481e-01	4.69647434e-01
3.12000000e+02	6.93627451e-01	1.42898163e-10	2.55952381e-01	4.48331564e-01	6.24867132e-01	3.75747608e-01	4.79166667e-01	4.71875831e-01
3.12100000e+02	6.93355120e-01	1.38683787e-10	2.55291005e-01	4.50858170e-01	6.28821374e-01	3.73423611e-01	4.76851852e-01	4.74112625e-01
3.12200000e+02	6.93082789e-01	1.34591043e-10	2.54629630e-01	4.53390058e-01	6.32801155e-01	3.71106905e-01	4.74537037e-01	4.76357721e-01
3.12300000e+02	6.92810458e-01	1.30616502e-10	2.53968254e-01	4.55927159e-01	6.36806584e-01	3.68797540e-01	4.72222222e-01	4.78611024e-01
3.12400000e+02	6.92538126e-01	1.26756826e-10	2.53306878e-01	4.58469400e-01	6.40837772e-01	3.66495562e-01	4.69907407e-01	4.80872436e-01
3.12500000e+02	6.92265795e-01	1.23008774e-10	2.52645503e-01	4.61016711e-01	6.44894828e-01	3.64201021e-01	4.67592593e-01	4.83141861e-01
3.12600000e+02	6.91993464e-01	1.19369189e-10	2.51984127e-01	4.63569018e-01	6.48977862e-01	3.61913962e-01	4.65277778e-01	4.85419201e-01
3.12700000e+02	6.91721133e-01	1.15835004e-10	2.51322751e-01	4.66126247e-01	6.53086987e-01	3.59634431e-01	4.62962963e-01	4.87704357e-01
3.12800000e+02	6.91448802e-01	1.12403235e-10	2.50661376e-01	4.68688325e-01	6.57222312e-01	3.57362475e-01	4.60648148e-01	4.89997232e-01
3.12900000e+02	6.91176471e-01	1.09070983e-10	2.50000000e-01	4.71255177e-01	6.61383948e-01	3.55098136e-01	4.58333333e-01	4.92297725e-01
3.13000000e+02	6.90904139e-01	1.05835427e-10	2.49338624e-01	4.73826727e-01	6.65572008e-01	3.52841461e-01	4.56018519e-01	4.94605736e-01
3.13100000e+02	6.90631808e-01	1.02693824e-10	2.48677249e-01	4.76402898e-01	6.69786602e-01	3.50592491e-01	4.53703704e-01	4.96921166e-01
3.13200000e+02	6.90359477e-01	9.96435077e-11	2.48015873e-01	4.78983615e-01	6.74027842e-01	3.48351270e-01	4.51388889e-01	4.99243912e-01
3.13300000e+02	6.90087146e-01	9.66818851e-11	2.47354497e-01	4.81568799e-01	6.78295841e-01	3.46117840e-01	4.49074074e-01	5.01573874e-01
3.13400000e+02	6.89814815e-01	9.38064354e-11	2.46693122e-01	4.84158373e-01	6.82590711e-01	3.43892241e-01	4.46759259e-01	5.03910950e-01
3.13500000e+02	6.89542484e-01	9.10147076e-11	2.46031746e-01	4.86752256e-01	6.86912564e-01	3.41674514e-01	4.44444444e-01	5.06255035e-01
3.13600000e+02	6.89270153e-01	8.83043188e-11	2.45370370e-01	4.89350370e-01	6.91261514e-01	3.39464700e-01	4.42129630e-01	5.08606028e-01
3.13700000e+02	6.88997821e-01	8.56729522e-11	2.44708995e-01	4.91952634e-01	6.95637672e-01	3.37262837e-01	4.39814815e-01	5.10963825e-01
3.13800000e+02	6.88725490e-01	8.31183554e-11	2.44047619e-01	4.94558967e-01	7.00041153e-01	3.35068964e-01	4.37500000e-01	5.13328321e-01
3.13900000e+02	6.88453159e-01	8.06383387e-11	2.43386243e-01	4.97169288e-01	7.04472070e-01	3.32883119e-01	4.35185185e-01	5.15699411e-01
3.14000000e+02	6.88180828e-01	7.82307733e-11	2.42724868e-01	4.99783514e-01	7.08930537e-01	3.30705339e-01	4.32870370e-01	5.18076990e-01
3.14100000e+02	6.87908497e-01	7.58935900e-11	2.42063492e-01	5.02401562e-01	7.13416667e-01	3.28535662e-01	4.30555556e-01	5.20460952e-01
3.14200000e+02	6.87636166e-01	7.36247768e-11	2.41402116e-01	5.05023348e-01	7.17930575e-01	3.26374121e-01	4.28240741e-01	5.22851190e-01
3.14300000e+02	6.87363834e-01	7.14223781e-11	2.40740741e-01	5.07648788e-01	7.22472375e-01	3.24220754e-01	4.25925926e-01	5.25247599e-01
3.14400000e+02	6.87091503e-01	6.92844931e-11	2.40079365e-01	5.10277798e-01	7.27042182e-01	3.22075595e-01	4.23611111e-01	5.27650069e-01
3.14500000e+02	6.86819172e-01	6.72092737e-11	2.39417989e-01	5.12910291e-01	7.31640111e-01	3.19938677e-01	4.21296296e-01	5.30058493e-01
3.14600000e+02	6.86546841e-01	6.51949238e-11	2.38756614e-01	5.15546181e-01	7.36266277e-01	3.17810033e-01	4.18981481e-01	5.32472763e-01
3.14700000e+02	6.86274510e-01	6.32396974e-11	2.38095238e-01	5.18185381e-01	7.40920795e-01	3.15689698e-01	4.16666667e-01	5.34892769e-01
3.14800000e+02	6.86002179e-01	6.13418974e-11	2.37433862e-01	5.20827804e-01	7.45603781e-01	3.13577701e-01	4.14351852e-01	5.37318403e-01
3.14900000e+02	6.85729847e-01	5.94998744e-11	2.36772487e-01	5.23473361e-01	7.50315350e-01	3.11474076e-01	4.12037037e-01	5.39749553e-01
3.15000000e+02	6.85457516e-01	5.77120252e-11	2.36111111e-01	5.26121964e-01	7.55055620e-01	3.09378852e-01	4.09722222e-01	5.42186110e-01
3.15100000e+02	6.85185185e-01	5.59767914e-11	2.35449735e-01	5.28773523e-01	7.59824706e-01	3.07292059e-01	4.07407407e-01	5.44627962e-01
3.15200000e+02	6.84912854e-01	5.42926586e-11	2.34788360e-01	5.31427948e-01	7.64622724e-01	3.05213728e-01	4.05092593e-01	5.47074998e-01
3.15300000e+02	6.84640523e-01	5.26581549e-11	2.34126984e-01	5.34085148e-01	7.69449792e-01	3.03143886e-01	4.02777778e-01	5.49527105e-01
3.15400000e+02	6.84368192e-01	5.10718498e-11	2.33465608e-01	5.36745032e-01	7.74306026e-01	3.01082563e-01	4.00462963e-01	5.51984173e-01
3.15500000e+02	6.84095861e-01	4.95323531e-11	2.32804233e-01	5.39407507e-01	7.79191544e-01	2.99029785e-01	3.98148148e-01	5.54446086e-01
3.15600000e+02	6.83823529e-01	4.80383137e-11	2.32142857e-01	5.42072482e-01	7.84106463e-01	2.96985579e-01	3.95833333e-01	5.56912732e-01
3.15700000e+02	6.83551198e-01	4.65884185e-11	2.31481481e-01	5.44739863e-01	7.89050901e-01	2.94949972e-01	3.93518519e-01	5.59383998e-01
3.15800000e+02	6.83278867e-01	4.51813917e-11	2.30820106e-01	5.47409556e-01	7.94024976e-01	2.92922990e-01	3.91203704e-01	5.61859768e-01
3.15900000e+02	6.83006536e-01	4.38159933e-11	2.30158730e-01	5.50081468e-01	7.99028807e-01	2.90904657e-01	3.88888889e-01	5.64339927e-01
3.16000000e+02	6.82734205e-01	4.24910184e-11	2.29497354e-01	5.52755502e-01	8.04062510e-01	2.88894998e-01	3.86574074e-01	5.66824362e-01
3.16100000e+02	6.82461874e-01	4.12052961e-11	2.28835979e-01	5.55431563e-01	8.09126206e-01	2.86894037e-01	3.84259259e-01	5.69312955e-01
3.16200000e+02	6.82189542e-01	3.99576889e-11	2.28174603e-01	5.58109555e-01	8.14220013e-01	2.84901797e-01	3.81944444e-01	5.71805590e-01
3.16300000e+02	6.81917211e-01	3.87470911e-11	2.27513228e-01	5.60789382e-01	8.19344050e-01	2.82918301e-01	3.79629630e-01	5.74302151e-01
3.16400000e+02	6.81644880e-01	3.75724286e-11	2.26851852e-01	5.63470946e-01	8.24498437e-01	2.80943570e-01	3.77314815e-01	5.76802521e-01
3.16500000e+02	6.81372549e-01	3.64326576e-11	2.26190476e-01	5.66154150e-01	8.29683293e-01	2.78977627e-01	3.75000000e-01	5.79306583e-01
3.16600000e+02	6.81100218e-01	3.53267642e-11	2.25529101e-01	5.68838894e-01	8.34898738e-01	2.77020491e-01	3.72685185e-01	5.81814217e-01
3.16700000e+02	6.80827887e-01	3.42537629e-11	2.24867725e-01	5.71525079e-01	8.40144892e-01	2.75072184e-01	3.70370370e-01	5.84325307e-01
3.16800000e+02	6.80555556e-01	3.32126965e-11	2.24206349e-01	5.74212607e-01	8.45421875e-01	2.73132725e-01	3.68055556e-01	5.86839732e-01
3.16900000e+02	6.80283224e-01	3.22026348e-11	2.23544974e-01	5.76901377e-01	8.50729808e-01	2.71202132e-01	3.65740741e-01	5.89357375e-01
3.17000000e+02	6.80010893e-01	3.12226743e-11	2.22883598e-01	5.79591289e-01	8.56068812e-01	2.69280426e-01	3.63425926e-01	5.91878115e-01
3.17100000e+02	6.79738562e-01	3.02719371e-11	2.22222222e-01	5.82282240e-01	8.61439008e-01	2.67367623e-01	3.61111111e-01	5.94401832e-01
3.17200000e+02	6.79466231e-01	2.93495703e-11	2.21560847e-01	5.84974130e-01	8.66840517e-01	2.65463740e-01	3.58796296e-01	5.96928406e-01
3.17300000e+02	6.79193900e-01	2.84547454e-11	2.20899471e-01	5.87666857e-01	8.72273460e-01	2.63568796e-01	3.56481481e-01	5.99457716e-01
3.17400000e+02	6.78921569e-01	2.75866574e-11	2.20238095e-01	5.90360317e-01	8.77737960e-01	2.61682805e-01	3.54166667e-01	6.01989641e-01
3.17500000e+02	6.78649237e-01	2.67445244e-11	2.19576720e-01	5.93054407e-01	8.83234138e-01	2.59805784e-01	3.51851852e-01	6.04524059e-01
3.17600000e+02	6.78376906e-01	2.59275870e-11	2.18915344e-01	5.95749023e-01	8.88762116e-01	2.57937748e-01	3.49537037e-01	6.07060849e-01
3.17700000e+02	6.78104575e-01	2.51351072e-11	2.18253968e-01	5.98444062e-01	8.94322016e-01	2.56078712e-01	3.47222222e-01	6.09599888e-01
3.17800000e+02	6.77832244e-01	2.43663683e-11	2.17592593e-01	6.01139418e-01	8.99913963e-01	2.54228688e-01	3.44907407e-01	6.12141052e-01
3.17900000e+02	6.77559913e-01	2.36206741e-11	2.16931217e-01	6.03834986e-01	9.05538077e-01	2.52387692e-01	3.42592593e-01	6.14684220e-01
3.18000000e+02	6.77287582e-01	2.28973485e-11	2.16269841e-01	6.06530660e-01	9.11194483e-01	2.50555735e-01	3.40277778e-01	6.17229268e-01
3.18100000e+02	6.77015251e-01	2.21957344e-11	2.15608466e-01	6.09226334e-01	9.16883304e-01	2.48732831e-01	3.37962963e-01	6.19776072e-01
3.18200000e+02	6.76742919e-01	2.15151941e-11	2.14947090e-01	6.11921901e-01	9.22604664e-01	2.46918991e-01	3.35648148e-01	6.22324508e-01
3.18300000e+02	6.76470588e-01	2.08551077e-11	2.14285714e-01	6.14617254e-01	9.28358685e-01	2.45114226e-01	3.33333333e-01	6.24874451e-01
3.18400000e+02	6.76198257e-01	2.02148735e-11	2.13624339e-01	6.17312286e-01	9.34145493e-01	2.43318548e-01	3.31018519e-01	6.27425778e-01
3.18500000e+02	6.75925926e-01	1.95939069e-11	2.12962963e-01	6.20006888e-01	9.39965212e-01	2.41531966e-01	3.28703704e-01	6.29978361e-01
3.18600000e+02	6.75653595e-01	1.89916402e-11	2.12301587e-01	6.22700952e-01	9.45817966e-01	2.39754491e-01	3.26388889e-01	6.32532077e-01
3.18700000e+02	6.75381264e-01	1.84075220e-11	2.11640212e-01	6.25394368e-01	9.51703879e-01	2.37986132e-01	3.24074074e-01	6.35086800e-01
3.18800000e+02	6.75108932e-01	1.78410169e-11	2.10978836e-01	6.28087028e-01	9.57623078e-01	2.36226897e-01	3.21759259e-01	6.37642403e-01
3.18900000e+02	6.74836601e-01	1.72916049e-11	2.10317460e-01	6.30778821e-01	9.63575687e-01	2.34476795e-01	3.19444444e-01	6.40198760e-01
3.19000000e+02	6.74564270e-01	1.67587808e-11	2.09656085e-01	6.33469637e-01	9.69561832e-01	2.32735834e-01	3.17129630e-01	6.42755745e-01
3.19100000e+02	6.74291939e-01	1.62420544e-11	2.08994709e-01	6.36159365e-01	9.75581638e-01	2.31004021e-01	3.14814815e-01	6.45313230e-01
3.19200000e+02	6.74019608e-01	1.57409494e-11	2.08333333e-01	6.38847895e-01	9.81635232e-01	2.29281363e-01	3.12500000e-01	6.47871089e-01
3.19300000e+02	6.73747277e-01	1.52550033e-11	2.07671958e-01	6.41535115e-01	9.87722739e-01	2.27567866e-01	3.10185185e-01	6.50429194e-01
3.19400000e+02	6.73474946e-01	1.47837671e-11	2.07010582e-01	6.44220912e-01	9.93844286e-01	2.25863536e-01	3.07870370e-01	6.52987417e-01
3.19500000e+02	6.73202614e-01	1.43268046e-11	2.06349206e-01	6.46905175e-01	1.00000000e+00	2.24168378e-01	3.05555556e-01	6.55545631e-01
3.19600000e+02	6.72930283e-01	1.38836924e-11	2.05687831e-01	6.49587792e-01	9.98737374e-01	2.22482398e-01	3.03240741e-01	6.58103706e-01
3.19700000e+02	6.72657952e-01	1.34540195e-11	2.05026455e-01	6.52268648e-01	9.97474747e-01	2.20805599e-01	3.00925926e-01	6.60661515e-01
3.19800000e+02	6.72385621e-01	1.30373865e-11	2.04365079e-01	6.54947630e-01	9.96212121e-01	2.19137986e-01	2.98611111e-01	6.63218929e-01
3.19900000e+02	6.72113290e-01	1.26334060e-11	2.03703704e-01	6.57624626e-01	9.94949495e-01	2.17479562e-01	2.96296296e-01	6.65775819e-01
3.20000000e+02	6.71840959e-01	1.22417015e-11	2.03042328e-01	6.60299520e-01	9.93686869e-01	2.15830331e-01	2.93981481e-01	6.68332056e-01
3.20100000e+02	6.71568627e-01	1.18619076e-11	2.02380952e-01	6.62972199e-01	9.92424242e-01	2.14190295e-01	2.91666667e-01	6.70887510e-01
3.20200000e+02	6.71296296e-01	1.14936697e-11	2.01719577e-01	6.65642547e-01	9.91161616e-01	2.12559456e-01	2.89351852e-01	6.73442051e-01
3.20300000e+02	6.71023965e-01	1.11366433e-11	2.01058201e-01	6.68310449e-01	9.89898990e-01	2.10937815e-01	2.87037037e-01	6.75995551e-01
3.20400000e+02	6.70751634e-01	1.07904940e-11	2.00396825e-01	6.70975791e-01	9.88636364e-01	2.09325375e-01	2.84722222e-01	6.78547879e-01
3.20500000e+02	6.70479303e-01	1.04548972e-11	1.99735450e-01	6.73638455e-01	9.87373737e-01	2.07722136e-01	2.82407407e-01	6.81098904e-01
3.20600000e+02	6.70206972e-01	1.01295377e-11	1.99074074e-01	6.76298327e-01	9.86111111e-01	2.06128099e-01	2.80092593e-01	6.83648497e-01
3.20700000e+02	6.69934641e-01	9.81410970e-12	1.98412698e-01	6.78955290e-01	9.84848485e-01	2.04543263e-01	2.77777778e-01	6.86196526e-01
3.20800000e+02	6.69662309e-01	9.50831610e-12	1.97751323e-01	6.81609228e-01	9.83585859e-01	2.02967629e-01	2.75462963e-01	6.88742862e-01
3.20900000e+02	6.69389978e-01	9.21186863e-12	1.97089947e-01	6.84260022e-01	9.82323232e-01	2.01401195e-01	2.73148148e-01	6.91287373e-01
3.21000000e+02	6.69117647e-01	8.92448742e-12	1.96428571e-01	6.86907557e-01	9.81060606e-01	1.99843960e-01	2.70833333e-01	6.93829928e-01
3.21100000e+02	6.68845316e-01	8.64590081e-12	1.95767196e-01	6.89551715e-01	9.79797980e-01	1.98295923e-01	2.68518519e-01	6.96370397e-01
3.21200000e+02	6.68572985e-01	8.37584510e-12	1.95105820e-01	6.92192379e-01	9.78535354e-01	1.96757082e-01	2.66203704e-01	6.98908647e-01
3.21300000e+02	6.68300654e-01	8.11406434e-12	1.94444444e-01	6.94829429e-01	9.77272727e-01	1.95227434e-01	2.63888889e-01	7.01444547e-01
3.21400000e+02	6.68028322e-01	7.86031007e-12	1.93783069e-01	6.97462749e-01	9.76010101e-01	1.93706977e-01	2.61574074e-01	7.03977967e-01
3.21500000e+02	6.67755991e-01	7.61434114e-12	1.93121693e-01	7.00092220e-01	9.74747475e-01	1.92195707e-01	2.59259259e-01	7.06508774e-01
3.21600000e+02	6.67483660e-01	7.37592351e-12	1.92460317e-01	7.02717723e-01	9.73484848e-01	1.90693621e-01	2.56944444e-01	7.09036836e-01
3.21700000e+02	6.67211329e-01	7.14482999e-12	1.91798942e-01	7.05339139e-01	9.72222222e-01	1.89200716e-01	2.54629630e-01	7.11562022e-01
3.21800000e+02	6.66938998e-01	6.92084011e-12	1.91137566e-01	7.07956350e-01	9.70959596e-01	1.87716986e-01	2.52314815e-01	7.14084199e-01
3.21900000e+02	6.66666667e-01	6.70373987e-12	1.90476190e-01	7.10569236e-01	9.69696970e-01	1.86242427e-01	2.50000000e-01	7.16603236e-01
3.22000000e+02	6.66394336e-01	6.49332160e-12	1.89814815e-01	7.13177678e-01	9.68434343e-01	1.84777035e-01	2.47685185e-01	7.19119001e-01
3.22100000e+02	6.66122004e-01	6.28938374e-12	1.89153439e-01	7.15781557e-01	9.67171717e-01	1.83320803e-01	2.45370370e-01	7.21631361e-01
3.22200000e+02	6.65849673e-01	6.09173069e-12	1.88492063e-01	7.18380752e-01	9.65909091e-01	1.81873727e-01	2.43055556e-01	7.24140184e-01
3.22300000e+02	6.65577342e-01	5.90017263e-12	1.87830688e-01	7.20975144e-01	9.64646465e-01	1.80435800e-01	2.40740741e-01	7.26645339e-01
3.22400000e+02	6.65305011e-01	5.71452534e-12	1.87169312e-01	7.23564612e-01	9.63383838e-01	1.79007016e-01	2.38425926e-01	7.29146692e-01
3.22500000e+02	6.65032680e-01	5.53461007e-12	1.86507937e-01	7.26149037e-01	9.62121212e-01	1.77587368e-01	2.36111111e-01	7.31644111e-01
3.22600000e+02	6.64760349e-01	5.36025334e-12	1.85846561e-01	7.28728298e-01	9.60858586e-01	1.76176850e-01	2.33796296e-01	7.34137464e-01
3.22700000e+02	6.64488017e-01	5.19128683e-12	1.85185185e-01	7.31302276e-01	9.59595960e-01	1.74775453e-01	2.31481481e-01	7.36626620e-01
3.22800000e+02	6.64215686e-01	5.02754718e-12	1.84523810e-01	7.33870848e-01	9.58333333e-01	1.73383171e-01	2.29166667e-01	7.39111444e-01
3.22900000e+02	6.63943355e-01	4.86887591e-12	1.83862434e-01	7.36433895e-01	9.57070707e-01	1.71999996e-01	2.26851852e-01	7.41591806e-01
3.23000000e+02	6.63671024e-01	4.71511923e-12	1.83201058e-01	7.38991296e-01	9.55808081e-01	1.70625918e-01	2.24537037e-01	7.44067572e-01
3.23100000e+02	6.63398693e-01	4.56612791e-12	1.82539683e-01	7.41542931e-01	9.54545455e-01	1.69260930e-01	2.22222222e-01	7.46538611e-01
3.23200000e+02	6.63126362e-01	4.42175716e-12	1.81878307e-01	7.44088677e-01	9.53282828e-01	1.67905022e-01	2.19907407e-01	7.49004789e-01
3.23300000e+02	6.62854031e-01	4.28186652e-12	1.81216931e-01	7.46628415e-01	9.52020202e-01	1.66558186e-01	2.17592593e-01	7.51465976e-01
3.23400000e+02	6.62581699e-01	4.14631968e-12	1.80555556e-01	7.49162023e-01	9.50757576e-01	1.65220413e-01	2.15277778e-01	7.53922038e-01
3.23500000e+02	6.62309368e-01	4.01498440e-12	1.79894180e-01	7.51689380e-01	9.49494949e-01	1.63891691e-01	2.12962963e-01	7.56372844e-01
3.23600000e+02	6.62037037e-01	3.88773239e-12	1.79232804e-01	7.54210365e-01	9.48232323e-01	1.62572012e-01	2.10648148e-01	7.58818261e-01
3.23700000e+02	6.61764706e-01	3.76443918e-12	1.78571429e-01	7.56724858e-01	9.46969697e-01	1.61261366e-01	2.08333333e-01	7.61258158e-01
3.23800000e+02	6.61492375e-01	3.64498402e-12	1.77910053e-01	7.59232736e-01	9.45707071e-01	1.59959740e-01	2.06018519e-01	7.63692403e-01
3.23900000e+02	6.61220044e-01	3.52924975e-12	1.77248677e-01	7.61733879e-01	9.44444444e-01	1.58667126e-01	2.03703704e-01	7.66120863e-01
3.24000000e+02	6.60947712e-01	3.41712274e-12	1.76587302e-01	7.64228165e-01	9.43181818e-01	1.57383511e-01	2.01388889e-01	7.68543407e-01
3.24100000e+02	6.60675381e-01	3.30849274e-12	1.75925926e-01	7.66715474e-01	9.41919192e-01	1.56108885e-01	1.99074074e-01	7.70959904e-01
3.24200000e+02	6.60403050e-01	3.20325280e-12	1.75264550e-01	7.69195684e-01	9.40656566e-01	1.54843236e-01	1.96759259e-01	7.73370221e-01
3.24300000e+02	6.60130719e-01	3.10129919e-12	1.74603175e-01	7.71668674e-01	9.39393939e-01	1.53586552e-01	1.94444444e-01	7.75774228e-01
3.24400000e+02	6.59858388e-01	3.00253125e-12	1.73941799e-01	7.74134323e-01	9.38131313e-01	1.52338821e-01	1.92129630e-01	7.78171794e-01
3.24500000e+02	6.59586057e-01	2.90685139e-12	1.73280423e-01	7.76592510e-01	9.36868687e-01	1.51100030e-01	1.89814815e-01	7.80562787e-01
3.24600000e+02	6.59313725e-01	2.81416491e-12	1.72619048e-01	7.79043114e-01	9.35606061e-01	1.49870168e-01	1.87500000e-01	7.82947076e-01
3.24700000e+02	6.59041394e-01	2.72437997e-12	1.71957672e-01	7.81486015e-01	9.34343434e-01	1.48649222e-01	1.85185185e-01	7.85324531e-01
3.24800000e+02	6.58769063e-01	2.63740749e-12	1.71296296e-01	7.83921090e-01	9.33080808e-01	1.47437178e-01	1.82870370e-01	7.87695021e-01
3.24900000e+02	6.58496732e-01	2.55316107e-12	1.70634921e-01	7.86348221e-01	9.31818182e-01	1.46234024e-01	1.80555556e-01	7.90058416e-01
3.25000000e+02	6.58224401e-01	2.47155690e-12	1.69973545e-01	7.88767285e-01	9.30555556e-01	1.45039746e-01	1.78240741e-01	7.92414586e-01
3.25100000e+02	6.57952070e-01	2.39251371e-12	1.69312169e-01	7.91178163e-01	9.29292929e-01	1.43854331e-01	1.75925926e-01	7.94763400e-01
3.25200000e+02	6.57679739e-01	2.31595265e-12	1.68650794e-01	7.93580734e-01	9.28030303e-01	1.42677765e-01	1.73611111e-01	7.97104728e-01
3.25300000e+02	6.57407407e-01	2.24179729e-12	1.67989418e-01	7.95974878e-01	9.26767677e-01	1.41510033e-01	1.71296296e-01	7.99438442e-01
3.25400000e+02	6.57135076e-01	2.16997347e-12	1.67328042e-01	7.98360474e-01	9.25505051e-01	1.40351122e-01	1.68981481e-01	8.01764412e-01
3.25500000e+02	6.56862745e-01	2.10040929e-12	1.66666667e-01	8.00737403e-01	9.24242424e-01	1.39201018e-01	1.66666667e-01	8.04082508e-01
3.25600000e+02	6.56590414e-01	2.03303502e-12	1.66666667e-01	8.03105545e-01	9.22979798e-01	1.38059706e-01	1.66666667e-01	8.06392603e-01
3.25700000e+02	6.56318083e-01	1.96778301e-12	1.66666667e-01	8.05464779e-01	9.21717172e-01	1.36927171e-01	1.66666667e-01	8.08694566e-01
3.25800000e+02	6.56045752e-01	1.90458771e-12	1.66666667e-01	8.07814988e-01	9.20454545e-01	1.35803398e-01	1.66666667e-01	8.10988271e-01
3.25900000e+02	6.55773420e-01	1.84338551e-12	1.66666669e-01	8.10156050e-01	9.19191919e-01	1.34688373e-01	1.66666669e-01	8.13273589e-01
3.26000000e+02	6.55501089e-01	1.78411474e-12	1.66666673e-01	8.12487848e-01	9.17929293e-01	1.33582080e-01	1.66666673e-01	8.15550392e-01
3.26100000e+02	6.55228758e-01	1.72671562e-12	1.66666679e-01	8.14810262e-01	9.16666667e-01	1.32484504e-01	1.66666679e-01	8.17818553e-01
3.26200000e+02	6.54956427e-01	1.67113014e-12	1.66666690e-01	8.17123174e-01	9.15404040e-01	1.31395630e-01	1.66666690e-01	8.20077944e-01
3.26300000e+02	6.54684096e-01	1.61730210e-12	1.66666707e-01	8.19426464e-01	9.14141414e-01	1.30315441e-01	1.66666707e-01	8.22328440e-01
3.26400000e+02	6.54411765e-01	1.56517696e-12	1.66666731e-01	8.21720016e-01	9.12878788e-01	1.29243923e-01	1.66666731e-01	8.24569912e-01
3.26500000e+02	6.54139434e-01	1.51470189e-12	1.66666765e-01	8.24003710e-01	9.11616162e-01	1.28181059e-01	1.66666765e-01	8.26802236e-01
3.26600000e+02	6.53867102e-01	1.46582562e-12	1.66666810e-01	8.26277429e-01	9.10353535e-01	1.27126833e-01	1.66666810e-01	8.29025285e-01
3.26700000e+02	6.53594771e-01	1.41849847e-12	1.66666870e-01	8.28541056e-01	9.09090909e-01	1.26081229e-01	1.66666870e-01	8.31238934e-01
3.26800000e+02	6.53322440e-01	1.37267225e-12	1.66666947e-01	8.30794473e-01	9.07828283e-01	1.25044231e-01	1.66666947e-01	8.33443057e-01
3.26900000e+02	6.53050109e-01	1.32830026e-12	1.66667043e-01	8.33037564e-01	9.06565657e-01	1.24015822e-01	1.66667043e-01	8.35637531e-01
3.27000000e+02	6.52777778e-01	1.28533723e-12	1.66667163e-01	8.35270211e-01	9.05303030e-01	1.22995987e-01	1.66667163e-01	8.37822230e-01
3.27100000e+02	6.52505447e-01	1.24373923e-12	1.66667309e-01	8.37492300e-01	9.04040404e-01	1.21984707e-01	1.66667309e-01	8.39997031e-01
3.27200000e+02	6.52233115e-01	1.20346372e-12	1.66667485e-01	8.39703712e-01	9.02777778e-01	1.20981967e-01	1.66667485e-01	8.42161810e-01
3.27300000e+02	6.51960784e-01	1.16446943e-12	1.66667695e-01	8.41904334e-01	9.01515152e-01	1.19987750e-01	1.66667695e-01	8.44316443e-01
3.27400000e+02	6.51688453e-01	1.12671637e-12	1.66667944e-01	8.44094049e-01	9.00252525e-01	1.19002039e-01	1.66667944e-01	8.46460809e-01
3.27500000e+02	6.51416122e-01	1.09016576e-12	1.66668235e-01	8.46272743e-01	8.98989899e-01	1.18024817e-01	1.66668235e-01	8.48594784e-01
3.27600000e+02	6.51143791e-01	1.05478001e-12	1.66668573e-01	8.48440301e-01	8.97727273e-01	1.17056067e-01	1.66668573e-01	8.50718248e-01
3.27700000e+02	6.50871460e-01	1.02052270e-12	1.66668962e-01	8.50596608e-01	8.96464646e-01	1.16095771e-01	1.66668962e-01	8.52831078e-01
3.27800000e+02	6.50599129e-01	9.87358490e-13	1.66669409e-01	8.52741551e-01	8.95202020e-01	1.15143913e-01	1.66669409e-01	8.54933154e-01
3.27900000e+02	6.50326797e-01	9.55253161e-13	1.66669918e-01	8.54875017e-01	8.93939394e-01	1.14200475e-01	1.66669918e-01	8.57024354e-01
3.28000000e+02	6.50054466e-01	9.24173525e-13	1.66670495e-01	8.56996891e-01	8.92676768e-01	1.13265439e-01	1.66670495e-01	8.59104560e-01
3.28100000e+02	6.49782135e-01	8.94087420e-13	1.66671145e-01	8.59107063e-01	8.91414141e-01	1.12338789e-01	1.66671145e-01	8.61173651e-01
3.28200000e+02	6.49509804e-01	8.64963670e-13	1.66671875e-01	8.61205418e-01	8.90151515e-01	1.11420507e-01	1.66671875e-01	8.63231508e-01
3.28300000e+02	6.49237473e-01	8.36772060e-13	1.66672691e-01	8.63291846e-01	8.88888889e-01	1.10510576e-01	1.66672691e-01	8.65278013e-01
3.28400000e+02	6.48965142e-01	8.09483304e-13	1.66673598e-01	8.65366235e-01	8.87626263e-01	1.09608977e-01	1.66673598e-01	8.67313048e-01
3.28500000e+02	6.48692810e-01	7.83069019e-13	1.66674605e-01	8.67428473e-01	8.86363636e-01	1.08715693e-01	1.66674605e-01	8.69336495e-01
3.28600000e+02	6.48420479e-01	7.57501697e-13	1.66675718e-01	8.69478451e-01	8.85101010e-01	1.07830707e-01	1.66675718e-01	8.71348238e-01
3.28700000e+02	6.48148148e-01	7.32754677e-13	1.66676943e-01	8.71516059e-01	8.83838384e-01	1.06954000e-01	1.66676943e-01	8.73348159e-01
3.28800000e+02	6.47875817e-01	7.08802123e-13	1.66678289e-01	8.73541186e-01	8.82575758e-01	1.06085555e-01	1.66678289e-01	8.75336143e-01
3.28900000e+02	6.47603486e-01	6.85618996e-13	1.66679763e-01	8.75553724e-01	8.81313131e-01	1.05225355e-01	1.66679763e-01	8.77312075e-01
3.29000000e+02	6.47331155e-01	6.63181030e-13	1.66681373e-01	8.77553564e-01	8.80050505e-01	1.04373381e-01	1.66681373e-01	8.79275840e-01
3.29100000e+02	6.47058824e-01	6.41464711e-13	1.66683128e-01	8.79540598e-01	8.78787879e-01	1.03529616e-01	1.66683128e-01	8.81227324e-01
3.29200000e+02	6.46786492e-01	6.20447252e-13	1.66685034e-01	8.81514718e-01	8.77525253e-01	1.02694041e-01	1.66685034e-01	8.83166412e-01
3.29300000e+02	6.46514161e-01	6.00106572e-13	1.66687102e-01	8.83475818e-01	8.76262626e-01	1.01866640e-01	1.66687102e-01	8.85092993e-01
3.29400000e+02	6.46241830e-01	5.80421273e-13	1.66689339e-01	8.85423791e-01	8.75000000e-01	1.01047393e-01	1.66689339e-01	8.87006953e-01
3.29500000e+02	6.45969499e-01	5.61370622e-13	1.66691756e-01	8.87358530e-01	8.73737374e-01	1.00236284e-01	1.66691756e-01	8.88908181e-01
3.29600000e+02	6.45697168e-01	5.42934529e-13	1.66694360e-01	8.89279931e-01	8.72474747e-01	9.94332944e-02	1.66694360e-01	8.90796566e-01
3.29700000e+02	6.45424837e-01	5.25093528e-13	1.66697163e-01	8.91187889e-01	8.71212121e-01	9.86384064e-02	1.66697163e-01	8.92671997e-01
3.29800000e+02	6.45152505e-01	5.07828756e-13	1.66700172e-01	8.93082298e-01	8.69949495e-01	9.78516021e-02	1.66700172e-01	8.94534365e-01
3.29900000e+02	6.44880174e-01	4.91121939e-13	1.66703399e-01	8.94963056e-01	8.68686869e-01	9.70728639e-02	1.66703399e-01	8.96383559e-01
3.30000000e+02	6.44607843e-01	4.74955369e-13	1.66706854e-01	8.96830060e-01	8.67424242e-01	9.63021738e-02	1.66706854e-01	8.98219472e-01
3.30100000e+02	6.44335512e-01	4.59311891e-13	1.66710548e-01	8.98683206e-01	8.66161616e-01	9.55395141e-02	1.66710548e-01	9.00041996e-01
3.30200000e+02	6.44063181e-01	4.44174885e-13	1.66714489e-01	9.00522393e-01	8.64898990e-01	9.47848671e-02	1.66714489e-01	9.01851023e-01
3.30300000e+02	6.43790850e-01	4.29528247e-13	1.66718691e-01	9.02347520e-01	8.63636364e-01	9.40382150e-02	1.66718691e-01	9.03646447e-01
3.30400000e+02	6.43518519e-01	4.15356376e-13	1.66723164e-01	9.04158486e-01	8.62373737e-01	9.32995402e-02	1.66723164e-01	9.05428162e-01
3.30500000e+02	6.43246187e-01	4.01644158e-13	1.66727919e-01	9.05955191e-01	8.61111111e-01	9.25688251e-02	1.66727919e-01	9.07196063e-01
3.30600000e+02	6.42973856e-01	3.88376952e-13	1.66732968e-01	9.07737535e-01	8.59848485e-01	9.18460520e-02	1.66732968e-01	9.08950045e-01
3.30700000e+02	6.42701525e-01	3.75540574e-13	1.66738323e-01	9.09505421e-01	8.58585859e-01	9.11312033e-02	1.66738323e-01	9.10690005e-01
3.30800000e+02	6.42429194e-01	3.63121282e-13	1.66743997e-01	9.11258749e-01	8.57323232e-01	9.04242616e-02	1.66743997e-01	9.12415839e-01
3.30900000e+02	6.42156863e-01	3.51105766e-13	1.66750000e-01	9.12997422e-01	8.56060606e-01	8.97252094e-02	1.66750000e-01	9.14127446e-01
3.31000000e+02	6.41884532e-01	3.39481132e-13	1.66756346e-01	9.14721344e-01	8.54797980e-01	8.90340293e-02	1.66756346e-01	9.15824725e-01
3.31100000e+02	6.41612200e-01	3.28234890e-13	1.66763049e-01	9.16430418e-01	8.53535354e-01	8.83507040e-02	1.66763049e-01	9.17507573e-01
3.31200000e+02	6.41339869e-01	3.17354942e-13	1.66770120e-01	9.18124550e-01	8.52272727e-01	8.76752162e-02	1.66770120e-01	9.19175892e-01
3.31300000e+02	6.41067538e-01	3.06829569e-13	1.66777573e-01	9.19803644e-01	8.51010101e-01	8.70075486e-02	1.66777573e-01	9.20829581e-01
3.31400000e+02	6.40795207e-01	2.96647420e-13	1.66785422e-01	9.21467608e-01	8.49747475e-01	8.63476842e-02	1.66785422e-01	9.22468544e-01
3.31500000e+02	6.40522876e-01	2.86797501e-13	1.66793680e-01	9.23116346e-01	8.48484848e-01	8.56956059e-02	1.66793680e-01	9.24092681e-01
3.31600000e+02	6.40250545e-01	2.77269163e-13	1.66802361e-01	9.24749768e-01	8.47222222e-01	8.50512966e-02	1.66802361e-01	9.25701897e-01
3.31700000e+02	6.39978214e-01	2.68052092e-13	1.66811481e-01	9.26367782e-01	8.45959596e-01	8.44147395e-02	1.66811481e-01	9.27296095e-01
3.31800000e+02	6.39705882e-01	2.59136299e-13	1.66821052e-01	9.27970296e-01	8.44696970e-01	8.37859178e-02	1.66821052e-01	9.28875180e-01
3.31900000e+02	6.39433551e-01	2.50512109e-13	1.66831090e-01	9.29557220e-01	8.43434343e-01	8.31648147e-02	1.66831090e-01	9.30439058e-01
3.32000000e+02	6.39161220e-01	2.42170153e-13	1.66841610e-01	9.31128465e-01	8.42171717e-01	8.25514136e-02	1.66841610e-01	9.31987634e-01
3.32100000e+02	6.38888889e-01	2.34101357e-13	1.66852627e-01	9.32683943e-01	8.40909091e-01	8.19456980e-02	1.66852627e-01	9.33520817e-01
3.32200000e+02	6.38616558e-01	2.26296933e-13	1.66864156e-01	9.34223565e-01	8.39646465e-01	8.13476513e-02	1.66864156e-01	9.35038514e-01
3.32300000e+02	6.38344227e-01	2.18748370e-13	1.66876213e-01	9.35747245e-01	8.38383838e-01	8.07572573e-02	1.66876213e-01	9.36540635e-01
3.32400000e+02	6.38071895e-01	2.11447427e-13	1.66888813e-01	9.37254896e-01	8.37121212e-01	8.01744997e-02	1.66888813e-01	9.38027089e-01
3.32500000e+02	6.37799564e-01	2.04386123e-13	1.66901974e-01	9.38746432e-01	8.35858586e-01	7.95993623e-02	1.66901974e-01	9.39497787e-01
3.32600000e+02	6.37527233e-01	1.97556729e-13	1.66915711e-01	9.40221770e-01	8.34595960e-01	7.90318292e-02	1.66915711e-01	9.40952640e-01
3.32700000e+02	6.37254902e-01	1.90951762e-13	1.66930041e-01	9.41680825e-01	8.33333333e-01	7.84718844e-02	1.66930041e-01	9.42391561e-01
3.32800000e+02	6.36982571e-01	1.84563974e-13	1.66944981e-01	9.43123514e-01	8.32070707e-01	7.79195122e-02	1.66944981e-01	9.43814464e-01
3.32900000e+02	6.36710240e-01	1.78386350e-13	1.66960547e-01	9.44549756e-01	8.30808081e-01	7.73746969e-02	1.66960547e-01	9.45221262e-01
3.33000000e+02	6.36437908e-01	1.72412094e-13	1.66976757e-01	9.45959469e-01	8.29545455e-01	7.68374228e-02	1.66976757e-01	9.46611871e-01
3.33100000e+02	6.36165577e-01	1.66634627e-13	1.66993629e-01	9.47352572e-01	8.28282828e-01	7.63076747e-02	1.66993629e-01	9.47986207e-01
3.33200000e+02	6.35893246e-01	1.61047580e-13	1.67011180e-01	9.48728987e-01	8.27020202e-01	7.57854372e-02	1.67011180e-01	9.49344187e-01
3.33300000e+02	6.35620915e-01	1.55644786e-13	1.67029429e-01	9.50088634e-01	8.25757576e-01	7.52706951e-02	1.67029429e-01	9.50685729e-01
3.33400000e+02	6.35348584e-01	1.50420271e-13	1.67048393e-01	9.51431435e-01	8.24494949e-01	7.47634335e-02	1.67048393e-01	9.52010751e-01
3.33500000e+02	6.35076253e-01	1.45368256e-13	1.67068091e-01	9.52757315e-01	8.23232323e-01	7.42636374e-02	1.67068091e-01	9.53319174e-01
3.33600000e+02	6.34803922e-01	1.40483143e-13	1.67088542e-01	9.54066196e-01	8.21969697e-01	7.37712921e-02	1.67088542e-01	9.54610918e-01
3.33700000e+02	6.34531590e-01	1.35759513e-13	1.67109764e-01	9.55358004e-01	8.20707071e-01	7.32863829e-02	1.67109764e-01	9.55885905e-01
3.33800000e+02	6.34259259e-01	1.31192120e-13	1.67131777e-01	9.56632664e-01	8.19444444e-01	7.28088955e-02	1.67131777e-01	9.57144057e-01
3.33900000e+02	6.33986928e-01	1.26775885e-13	1.67154600e-01	9.57890103e-01	8.18181818e-01	7.23388156e-02	1.67154600e-01	9.58385299e-01
3.34000000e+02	6.33714597e-01	1.22505890e-13	1.67178254e-01	9.59130250e-01	8.16919192e-01	7.18761289e-02	1.67178254e-01	9.59609555e-01
3.34100000e+02	6.33442266e-01	1.18377377e-13	1.67202756e-01	9.60353031e-01	8.15656566e-01	7.14208215e-02	1.67202756e-01	9.60816750e-01
3.34200000e+02	6.33169935e-01	1.14385737e-13	1.67228129e-01	9.61558378e-01	8.14393939e-01	7.09728795e-02	1.67228129e-01	9.62006811e-01
3.34300000e+02	6.32897603e-01	1.10526511e-13	1.67254392e-01	9.62746220e-01	8.13131313e-01	7.05322893e-02	1.67254392e-01	9.63179666e-01
3.34400000e+02	6.32625272e-01	1.06795380e-13	1.67281566e-01	9.63916489e-01	8.11868687e-01	7.00990373e-02	1.67281566e-01	9.64335243e-01
3.34500000e+02	6.32352941e-01	1.03188166e-13	1.67309671e-01	9.65069118e-01	8.10606061e-01	6.96731102e-02	1.67309671e-01	9.65473473e-01
3.34600000e+02	6.32080610e-01	9.97008224e-14	1.67338729e-01	9.66204039e-01	8.09343434e-01	6.92544948e-02	1.67338729e-01	9.66594285e-01
3.34700000e+02	6.31808279e-01	9.63294344e-14	1.67368760e-01	9.67321186e-01	8.08080808e-01	6.88431780e-02	1.67368760e-01	9.67697611e-01
3.34800000e+02	6.31535948e-01	9.30702117e-14	1.67399787e-01	9.68420496e-01	8.06818182e-01	6.84391470e-02	1.67399787e-01	9.68783383e-01
3.34900000e+02	6.31263617e-01	8.99194857e-14	1.67431832e-01	9.69501905e-01	8.05555556e-01	6.80423892e-02	1.67431832e-01	9.69851537e-01
3.35000000e+02	6.30991285e-01	8.68737059e-14	1.67464915e-01	9.70565349e-01	8.04292929e-01	6.76528921e-02	1.67464915e-01	9.70902006e-01
3.35100000e+02	6.30718954e-01	8.39294357e-14	1.67499060e-01	9.71610767e-01	8.03030303e-01	6.72706432e-02	1.67499060e-01	9.71934725e-01
3.35200000e+02	6.30446623e-01	8.10833493e-14	1.67534289e-01	9.72638099e-01	8.01767677e-01	6.68956306e-02	1.67534289e-01	9.72949633e-01
3.35300000e+02	6.30174292e-01	7.83322277e-14	1.67570624e-01	9.73647284e-01	8.00505051e-01	6.65278422e-02	1.67570624e-01	9.73946667e-01
3.35400000e+02	6.29901961e-01	7.56729556e-14	1.67608089e-01	9.74638263e-01	7.99242424e-01	6.61672663e-02	1.67608089e-01	9.74925765e-01
3.35500000e+02	6.29629630e-01	7.31025182e-14	1.67646706e-01	9.75610980e-01	7.97979798e-01	6.58138913e-02	1.67646706e-01	9.75886869e-01
3.35600000e+02	6.29357298e-01	7.06179977e-14	1.67686500e-01	9.76565377e-01	7.96717172e-01	6.54677058e-02	1.67686500e-01	9.76829918e-01
3.35700000e+02	6.29084967e-01	6.82165706e-14	1.67727493e-01	9.77501399e-01	7.95454545e-01	6.51286986e-02	1.67727493e-01	9.77754856e-01
3.35800000e+02	6.28812636e-01	6.58955045e-14	1.67769710e-01	9.78418992e-01	7.94191919e-01	6.47968587e-02	1.67769710e-01	9.78661625e-01
3.35900000e+02	6.28540305e-01	6.36521552e-14	1.67813175e-01	9.79318100e-01	7.92929293e-01	6.44721753e-02	1.67813175e-01	9.79550169e-01
3.36000000e+02	6.28267974e-01	6.14839641e-14	1.67857911e-01	9.80198673e-01	7.91666667e-01	6.41546378e-02	1.67857911e-01	9.80420435e-01
3.36100000e+02	6.27995643e-01	5.93884553e-14	1.67903944e-01	9.81060659e-01	7.90404040e-01	6.38442358e-02	1.67903944e-01	9.81272369e-01
3.36200000e+02	6.27723312e-01	5.73632328e-14	1.67951299e-01	9.81904007e-01	7.89141414e-01	6.35409591e-02	1.67951299e-01	9.82105918e-01
3.36300000e+02	6.27450980e-01	5.54059787e-14	1.68000000e-01	9.82728667e-01	7.87878788e-01	6.32447976e-02	1.68000000e-01	9.82921031e-01
3.36400000e+02	6.27178649e-01	5.35144496e-14	1.68050073e-01	9.83534592e-01	7.86616162e-01	6.29557416e-02	1.68050073e-01	9.83717659e-01
3.36500000e+02	6.26906318e-01	5.16864753e-14	1.68101543e-01	9.84321735e-01	7.85353535e-01	6.26737815e-02	1.68101543e-01	9.84495751e-01
3.36600000e+02	6.26633987e-01	4.99199558e-14	1.68154436e-01	9.85090048e-01	7.84090909e-01	6.23989078e-02	1.68154436e-01	9.85255260e-01
3.36700000e+02	6.26361656e-01	4.82128594e-14	1.68208778e-01	9.85839488e-01	7.82828283e-01	6.21311115e-02	1.68208778e-01	9.85996140e-01
3.36800000e+02	6.26089325e-01	4.65632202e-14	1.68264596e-01	9.86570010e-01	7.81565657e-01	6.18703835e-02	1.68264596e-01	9.86718345e-01
3.36900000e+02	6.25816993e-01	4.49691363e-14	1.68321915e-01	9.87281572e-01	7.80303030e-01	6.16167151e-02	1.68321915e-01	9.87421830e-01
3.37000000e+02	6.25544662e-01	4.34287678e-14	1.68380762e-01	9.87974130e-01	7.79040404e-01	6.13700977e-02	1.68380762e-01	9.88106551e-01
3.37100000e+02	6.25272331e-01	4.19403344e-14	1.68441165e-01	9.88647646e-01	7.77777778e-01	6.11305231e-02	1.68441165e-01	9.88772467e-01
3.37200000e+02	6.25000000e-01	4.05021141e-14	1.68503151e-01	9.89302079e-01	7.76515152e-01	6.08979832e-02	1.68503151e-01	9.89419537e-01
3.37300000e+02	6.24727669e-01	3.91124407e-14	1.68566746e-01	9.89937390e-01	7.75252525e-01	6.06724700e-02	1.68566746e-01	9.90047721e-01
3.37400000e+02	6.24455338e-01	3.77697025e-14	1.68631979e-01	9.90553543e-01	7.73989899e-01	6.04539758e-02	1.68631979e-01	9.90656979e-01
3.37500000e+02	6.24183007e-01	3.64723403e-14	1.68698877e-01	9.91150500e-01	7.72727273e-01	6.02424934e-02	1.68698877e-01	9.91247275e-01
3.37600000e+02	6.23910675e-01	3.52188459e-14	1.68767469e-01	9.91728228e-01	7.71464646e-01	6.00380154e-02	1.68767469e-01	9.91818571e-01
3.37700000e+02	6.23638344e-01	3.40077602e-14	1.68837783e-01	9.92286692e-01	7.70202020e-01	5.98405348e-02	1.68837783e-01	9.92370833e-01
3.37800000e+02	6.23366013e-01	3.28376721e-14	1.68909847e-01	9.92825858e-01	7.68939394e-01	5.96500449e-02	1.68909847e-01	9.92904026e-01
3.37900000e+02	6.23093682e-01	3.17072162e-14	1.68983690e-01	9.93345695e-01	7.67676768e-01	5.94665392e-02	1.68983690e-01	9.93418118e-01
3.38000000e+02	6.22821351e-01	3.06150722e-14	1.69059342e-01	9.93846173e-01	7.66414141e-01	5.92900113e-02	1.69059342e-01	9.93913076e-01
3.38100000e+02	6.22549020e-01	2.95599629e-14	1.69136831e-01	9.94327262e-01	7.65151515e-01	5.91204551e-02	1.69136831e-01	9.94388870e-01
3.38200000e+02	6.22276688e-01	2.85406527e-14	1.69216188e-01	9.94788934e-01	7.63888889e-01	5.89578649e-02	1.69216188e-01	9.94845471e-01
3.38300000e+02	6.22004357e-01	2.75559469e-14	1.69297441e-01	9.95231160e-01	7.62626263e-01	5.88022349e-02	1.69297441e-01	9.95282850e-01
3.38400000e+02	6.21732026e-01	2.66046897e-14	1.69380621e-01	9.95653916e-01	7.61363636e-01	5.86535598e-02	1.69380621e-01	9.95700981e-01
3.38500000e+02	6.21459695e-01	2.56857635e-14	1.69465758e-01	9.96057176e-01	7.60101010e-01	5.85118344e-02	1.69465758e-01	9.96099836e-01
3.38600000e+02	6.21187364e-01	2.47980871e-14	1.69552883e-01	9.96440917e-01	7.58838384e-01	5.83770539e-02	1.69552883e-01	9.96479393e-01
3.38700000e+02	6.20915033e-01	2.39406151e-14	1.69642026e-01	9.96805115e-01	7.57575758e-01	5.82492134e-02	1.69642026e-01	9.96839626e-01
3.38800000e+02	6.20642702e-01	2.31123364e-14	1.69733218e-01	9.97149749e-01	7.56313131e-01	5.81283087e-02	1.69733218e-01	9.97180515e-01
3.38900000e+02	6.20370370e-01	2.23122731e-14	1.69826491e-01	9.97474799e-01	7.55050505e-01	5.80143353e-02	1.69826491e-01	9.97502037e-01
3.39000000e+02	6.20098039e-01	2.15394795e-14	1.69921875e-01	9.97780245e-01	7.53787879e-01	5.79072895e-02	1.69921875e-01	9.97804173e-01
3.39100000e+02	6.19825708e-01	2.07930411e-14	1.70019403e-01	9.98066070e-01	7.52525253e-01	5.78071674e-02	1.70019403e-01	9.98086904e-01
3.39200000e+02	6.19553377e-01	2.00720737e-14	1.70119105e-01	9.98332256e-01	7.51262626e-01	5.77139655e-02	1.70119105e-01	9.98350212e-01
3.39300000e+02	6.19281046e-01	1.93757220e-14	1.70221016e-01	9.98578789e-01	7.50000000e-01	5.76276806e-02	1.70221016e-01	9.98594082e-01
3.39400000e+02	6.19008715e-01	1.87031591e-14	1.70325165e-01	9.98805652e-01	7.48737374e-01	5.75483096e-02	1.70325165e-01	9.98818498e-01
3.39500000e+02	6.18736383e-01	1.80535853e-14	1.70431588e-01	9.99012833e-01	7.47474747e-01	5.74758498e-02	1.70431588e-01	9.99023446e-01
3.39600000e+02	6.18464052e-01	1.74262274e-14	1.70540315e-01	9.99200320e-01	7.46212121e-01	5.74102986e-02	1.70540315e-01	9.99208913e-01
3.39700000e+02	6.18191721e-01	1.68203379e-14	1.70651380e-01	9.99368101e-01	7.44949495e-01	5.73516538e-02	1.70651380e-01	9.99374889e-01
3.39800000e+02	6.17919390e-01	1.62351936e-14	1.70764817e-01	9.99516166e-01	7.43686869e-01	5.72999131e-02	1.70764817e-01	9.99521362e-01
3.39900000e+02	6.17647059e-01	1.56700958e-14	1.70880658e-01	9.99644508e-01	7.42424242e-01	5.72550749e-02	1.70880658e-01	9.99648324e-01
3.40000000e+02	6.17374728e-01	1.51243686e-14	1.70998939e-01	9.99753117e-01	7.41161616e-01	5.72171376e-02	1.70998939e-01	9.99755767e-01
3.40100000e+02	6.17102397e-01	1.45973586e-14	1.71119692e-01	9.99841988e-01	7.39898990e-01	5.71860998e-02	1.71119692e-01	9.99843683e-01
3.40200000e+02	6.16830065e-01	1.40884339e-14	1.71242952e-01	9.99911115e-01	7.38636364e-01	5.71619604e-02	1.71242952e-01	9.99912069e-01
3.40300000e+02	6.16557734e-01	1.35969840e-14	1.71368753e-01	9.99960495e-01	7.37373737e-01	5.71447186e-02	1.71368753e-01	9.99960918e-01
3.40400000e+02	6.16285403e-01	1.31224181e-14	1.71497130e-01	9.99990124e-01	7.36111111e-01	5.71343737e-02	1.71497130e-01	9.99990229e-01
3.40500000e+02	6.16013072e-01	1.26641655e-14	1.71628118e-01	1.00000000e+00	7.34848485e-01	5.71309255e-02	1.71628118e-01	1.00000000e+00
3.40600000e+02	6.15740741e-01	1.31224181e-14	1.71761752e-01	9.99990124e-01	7.33585859e-01	5.71343737e-02	1.71761752e-01	9.99990229e-01
3.40700000e+02	6.15468410e-01	1.35969840e-14	1.71898068e-01	9.99960495e-01	7.32323232e-01	5.71447186e-02	1.71898068e-01	9.99960918e-01
3.40800000e+02	6.15196078e-01	1.40884339e-14	1.72037101e-01	9.99911115e-01	7.31060606e-01	5.71619604e-02	1.72037101e-01	9.99912069e-01
3.40900000e+02	6.14923747e-01	1.45973586e-14	1.72178887e-01	9.99841988e-01	7.29797980e-01	5.71860998e-02	1.72178887e-01	9.99843683e-01
3.41000000e+02	6.14651416e-01	1.51243686e-14	1.72323463e-01	9.99753117e-01	7.28535354e-01	5.72171376e-02	1.72323463e-01	9.99755767e-01
3.41100000e+02	6.14379085e-01	1.56700958e-14	1.72470863e-01	9.99644508e-01	7.27272727e-01	5.72550749e-02	1.72470863e-01	9.99648324e-01
3.41200000e+02	6.14106754e-01	1.62351936e-14	1.72621126e-01	9.99516166e-01	7.26010101e-01	5.72999131e-02	1.72621126e-01	9.99521362e-01
3.41300000e+02	6.13834423e-01	1.68203379e-14	1.72774287e-01	9.99368101e-01	7.24747475e-01	5.73516538e-02	1.72774287e-01	9.99374889e-01
3.41400000e+02	6.13562092e-01	1.74262274e-14	1.72930385e-01	9.99200320e-01	7.23484848e-01	5.74102986e-02	1.72930385e-01	9.99208913e-01
3.41500000e+02	6.13289760e-01	1.80535853e-14	1.73089456e-01	9.99012833e-01	7.22222222e-01	5.74758498e-02	1.73089456e-01	9.99023446e-01
3.41600000e+02	6.13017429e-01	1.87031591e-14	1.73251537e-01	9.98805652e-01	7.20959596e-01	5.75483096e-02	1.73251537e-01	9.98818498e-01
3.41700000e+02	6.12745098e-01	1.93757220e-14	1.73416667e-01	9.98578789e-01	7.19696970e-01	5.76276806e-02	1.73416667e-01	9.98594082e-01
3.41800000e+02	6.12472767e-01	2.00720737e-14	1.73584883e-01	9.98332256e-01	7.18434343e-01	5.77139655e-02	1.73584883e-01	9.98350212e-01
3.41900000e+02	6.12200436e-01	2.07930411e-14	1.73756224e-01	9.98066070e-01	7.17171717e-01	5.78071674e-02	1.73756224e-01	9.98086904e-01
3.42000000e+02	6.11928105e-01	2.15394795e-14	1.73930728e-01	9.97780245e-01	7.15909091e-01	5.79072895e-02	1.73930728e-01	9.97804173e-01
3.42100000e+02	6.11655773e-01	2.23122731e-14	1.74108434e-01	9.97474799e-01	7.14646465e-01	5.80143353e-02	1.74108434e-01	9.97502037e-01
3.42200000e+02	6.11383442e-01	2.31123364e-14	1.74289380e-01	9.97149749e-01	7.13383838e-01	5.81283087e-02	1.74289380e-01	9.97180515e-01
3.42300000e+02	6.11111111e-01	2.39406151e-14	1.74473607e-01	9.96805115e-01	7.12121212e-01	5.82492134e-02	1.74473607e-01	9.96839626e-01
3.42400000e+02	6.10838780e-01	2.47980871e-14	1.74661152e-01	9.96440917e-01	7.10858586e-01	5.83770539e-02	1.74661152e-01	9.96479393e-01
3.42500000e+02	6.10566449e-01	2.56857635e-14	1.74852057e-01	9.96057176e-01	7.09595960e-01	5.85118344e-02	1.74852057e-01	9.96099836e-01
3.42600000e+02	6.10294118e-01	2.66046897e-14	1.75046361e-01	9.95653916e-01	7.08333333e-01	5.86535598e-02	1.75046361e-01	9.95700981e-01
3.42700000e+02	6.10021786e-01	2.75559469e-14	1.75244103e-01	9.95231160e-01	7.07070707e-01	5.88022349e-02	1.75244103e-01	9.95282850e-01
3.42800000e+02	6.09749455e-01	2.85406527e-14	1.75445325e-01	9.94788934e-01	7.05808081e-01	5.89578649e-02	1.75445325e-01	9.94845471e-01
3.42900000e+02	6.09477124e-01	2.95599629e-14	1.75650066e-01	9.94327262e-01	7.04545455e-01	5.91204551e-02	1.75650066e-01	9.94388870e-01
3.43000000e+02	6.09204793e-01	3.06150722e-14	1.75858368e-01	9.93846173e-01	7.03282828e-01	5.92900113e-02	1.75858368e-01	9.93913076e-01
3.43100000e+02	6.08932462e-01	3.17072162e-14	1.76070272e-01	9.93345695e-01	7.02020202e-01	5.94665392e-02	1.76070272e-01	9.93418118e-01
3.43200000e+02	6.08660131e-01	3.28376721e-14	1.76285819e-01	9.92825858e-01	7.00757576e-01	5.96500449e-02	1.76285819e-01	9.92904026e-01
3.43300000e+02	6.08387800e-01	3.40077602e-14	1.76505050e-01	9.92286692e-01	6.99494949e-01	5.98405348e-02	1.76505050e-01	9.92370833e-01
3.43400000e+02	6.08115468e-01	3.52188459e-14	1.76728007e-01	9.91728228e-01	6.98232323e-01	6.00380154e-02	1.76728007e-01	9.91818571e-01
3.43500000e+02	6.07843137e-01	3.64723403e-14	1.76954733e-01	9.91150500e-01	6.96969697e-01	6.02424934e-02	1.76954733e-01	9.91247275e-01
3.43600000e+02	6.07570806e-01	3.77697025e-14	1.77185268e-01	9.90553543e-01	6.95707071e-01	6.04539758e-02	1.77185268e-01	9.90656979e-01
3.43700000e+02	6.07298475e-01	3.91124407e-14	1.77419657e-01	9.89937390e-01	6.94444444e-01	6.06724700e-02	1.77419657e-01	9.90047721e-01
3.43800000e+02	6.07026144e-01	4.05021141e-14	1.77657942e-01	9.89302079e-01	6.93181818e-01	6.08979832e-02	1.77657942e-01	9.89419537e-01
3.43900000e+02	6.06753813e-01	4.19403344e-14	1.77900165e-01	9.88647646e-01	6.91919192e-01	6.11305231e-02	1.77900165e-01	9.88772467e-01
3.44000000e+02	6.06481481e-01	4.34287678e-14	1.78146369e-01	9.87974130e-01	6.90656566e-01	6.13700977e-02	1.78146369e-01	9.88106551e-01
3.44100000e+02	6.06209150e-01	4.49691363e-14	1.78396599e-01	9.87281572e-01	6.89393939e-01	6.16167151e-02	1.78396599e-01	9.87421830e-01
3.44200000e+02	6.05936819e-01	4.65632202e-14	1.78650897e-01	9.86570010e-01	6.88131313e-01	6.18703835e-02	1.78650897e-01	9.86718345e-01
3.44300000e+02	6.05664488e-01	4.82128594e-14	1.78909308e-01	9.85839488e-01	6.86868687e-01	6.21311115e-02	1.78909308e-01	9.85996140e-01
3.44400000e+02	6.05392157e-01	4.99199558e-14	1.79171875e-01	9.85090048e-01	6.85606061e-01	6.23989078e-02	1.79171875e-01	9.85255260e-01
3.44500000e+02	6.05119826e-01	5.16864753e-14	1.79438643e-01	9.84321735e-01	6.84343434e-01	6.26737815e-02	1.79438643e-01	9.84495751e-01
3.44600000e+02	6.04847495e-01	5.35144496e-14	1.79709657e-01	9.83534592e-01	6.83080808e-01	6.29557416e-02	1.79709657e-01	9.83717659e-01
3.44700000e+02	6.04575163e-01	5.54059787e-14	1.79984962e-01	9.82728667e-01	6.81818182e-01	6.32447976e-02	1.79984962e-01	9.82921031e-01
3.44800000e+02	6.04302832e-01	5.73632328e-14	1.80264601e-01	9.81904007e-01	6.80555556e-01	6.35409591e-02	1.80264601e-01	9.82105918e-01
3.44900000e+02	6.04030501e-01	5.93884553e-14	1.80548622e-01	9.81060659e-01	6.79292929e-01	6.38442358e-02	1.80548622e-01	9.81272369e-01
3.45000000e+02	6.03758170e-01	6.14839641e-14	1.80837068e-01	9.80198673e-01	6.78030303e-01	6.41546378e-02	1.80837068e-01	9.80420435e-01
3.45100000e+02	6.03485839e-01	6.36521552e-14	1.81129987e-01	9.79318100e-01	6.76767677e-01	6.44721753e-02	1.81129987e-01	9.79550169e-01
3.45200000e+02	6.03213508e-01	6.58955045e-14	1.81427423e-01	9.78418992e-01	6.75505051e-01	6.47968587e-02	1.81427423e-01	9.78661625e-01
3.45300000e+02	6.02941176e-01	6.82165706e-14	1.81729424e-01	9.77501399e-01	6.74242424e-01	6.51286986e-02	1.81729424e-01	9.77754856e-01
3.45400000e+02	6.02668845e-01	7.06179977e-14	1.82036035e-01	9.76565377e-01	6.72979798e-01	6.54677058e-02	1.82036035e-01	9.76829918e-01
3.45500000e+02	6.02396514e-01	7.31025182e-14	1.82347304e-01	9.75610980e-01	6.71717172e-01	6.58138913e-02	1.82347304e-01	9.75886869e-01
3.45600000e+02	6.02124183e-01	7.56729556e-14	1.82663276e-01	9.74638263e-01	6.70454545e-01	6.61672663e-02	1.82663276e-01	9.74925765e-01
3.45700000e+02	6.01851852e-01	7.83322277e-14	1.82984000e-01	9.73647284e-01	6.69191919e-01	6.65278422e-02	1.82984000e-01	9.73946667e-01
3.45800000e+02	6.01579521e-01	8.10833493e-14	1.83309523e-01	9.72638099e-01	6.67929293e-01	6.68956306e-02	1.83309523e-01	9.72949633e-01
3.45900000e+02	6.01307190e-01	8.39294357e-14	1.83639892e-01	9.71610767e-01	6.66666667e-01	6.72706432e-02	1.83639892e-01	9.71934725e-01
3.46000000e+02	6.01034858e-01	8.68737059e-14	1.83975156e-01	9.70565349e-01	6.65404040e-01	6.76528921e-02	1.83975156e-01	9.70902006e-01
3.46100000e+02	6.00762527e-01	8.99194857e-14	1.84315362e-01	9.69501905e-01	6.64141414e-01	6.80423892e-02	1.84315362e-01	9.69851537e-01
3.46200000e+02	6.00490196e-01	9.30702117e-14	1.84660558e-01	9.68420496e-01	6.62878788e-01	6.84391470e-02	1.84660558e-01	9.68783383e-01
3.46300000e+02	6.00217865e-01	9.63294344e-14	1.85010794e-01	9.67321186e-01	6.61616162e-01	6.88431780e-02	1.85010794e-01	9.67697611e-01
3.46400000e+02	5.99945534e-01	9.97008224e-14	1.85366118e-01	9.66204039e-01	6.60353535e-01	6.92544948e-02	1.85366118e-01	9.66594285e-01
3.46500000e+02	5.99673203e-01	1.03188166e-13	1.85726579e-01	9.65069118e-01	6.59090909e-01	6.96731102e-02	1.85726579e-01	9.65473473e-01
3.46600000e+02	5.99400871e-01	1.06795380e-13	1.86092226e-01	9.63916489e-01	6.57828283e-01	7.00990373e-02	1.86092226e-01	9.64335243e-01
3.46700000e+02	5.99128540e-01	1.10526511e-13	1.86463109e-01	9.62746220e-01	6.56565657e-01	7.05322893e-02	1.86463109e-01	9.63179666e-01
3.46800000e+02	5.98856209e-01	1.14385737e-13	1.86839278e-01	9.61558378e-01	6.55303030e-01	7.09728795e-02	1.86839278e-01	9.62006811e-01
3.46900000e+02	5.98583878e-01	1.18377377e-13	1.87220783e-01	9.60353031e-01	6.54040404e-01	7.14208215e-02	1.87220783e-01	9.60816750e-01
3.47000000e+02	5.98311547e-01	1.22505890e-13	1.87607673e-01	9.59130250e-01	6.52777778e-01	7.18761289e-02	1.87607673e-01	9.59609555e-01
3.47100000e+02	5.98039216e-01	1.26775885e-13	1.88000000e-01	9.57890103e-01	6.51515152e-01	7.23388156e-02	1.88000000e-01	9.58385299e-01
3.47200000e+02	5.97766885e-01	1.31192120e-13	1.88397814e-01	9.56632664e-01	6.50252525e-01	7.28088955e-02	1.88397814e-01	9.57144057e-01
3.47300000e+02	5.97494553e-01	1.35759513e-13	1.88801165e-01	9.55358004e-01	6.48989899e-01	7.32863829e-02	1.88801165e-01	9.55885905e-01
3.47400000e+02	5.97222222e-01	1.40483143e-13	1.89210106e-01	9.54066196e-01	6.47727273e-01	7.37712921e-02	1.89210106e-01	9.54610918e-01
3.47500000e+02	5.96949891e-01	1.45368256e-13	1.89624687e-01	9.52757315e-01	6.46464646e-01	7.42636374e-02	1.89624687e-01	9.53319174e-01
3.47600000e+02	5.96677560e-01	1.50420271e-13	1.90044960e-01	9.51431435e-01	6.45202020e-01	7.47634335e-02	1.90044960e-01	9.52010751e-01
3.47700000e+02	5.96405229e-01	1.55644786e-13	1.90470977e-01	9.50088634e-01	6.43939394e-01	7.52706951e-02	1.90470977e-01	9.50685729e-01
3.47800000e+02	5.96132898e-01	1.61047580e-13	1.90902791e-01	9.48728987e-01	6.42676768e-01	7.57854372e-02	1.90902791e-01	9.49344187e-01
3.47900000e+02	5.95860566e-01	1.66634627e-13	1.91340452e-01	9.47352572e-01	6.41414141e-01	7.63076747e-02	1.91340452e-01	9.47986207e-01
3.48000000e+02	5.95588235e-01	1.72412094e-13	1.91784015e-01	9.45959469e-01	6.40151515e-01	7.68374228e-02	1.91784015e-01	9.46611871e-01
3.48100000e+02	5.95315904e-01	1.78386350e-13	1.92233531e-01	9.44549756e-01	6.38888889e-01	7.73746969e-02	1.92233531e-01	9.45221262e-01
3.48200000e+02	5.95043573e-01	1.84563974e-13	1.92689054e-01	9.43123514e-01	6.37626263e-01	7.79195122e-02	1.92689054e-01	9.43814464e-01
3.48300000e+02	5.94771242e-01	1.90951762e-13	1.93150638e-01	9.41680825e-01	6.36363636e-01	7.84718844e-02	1.93150638e-01	9.42391561e-01
3.48400000e+02	5.94498911e-01	1.97556729e-13	1.93618334e-01	9.40221770e-01	6.35101010e-01	7.90318292e-02	1.93618334e-01	9.40952640e-01
3.48500000e+02	5.94226580e-01	2.04386123e-13	1.94092199e-01	9.38746432e-01	6.33838384e-01	7.95993623e-02	1.94092199e-01	9.39497787e-01
3.48600000e+02	5.93954248e-01	2.11447427e-13	1.94572284e-01	9.37254896e-01	6.32575758e-01	8.01744997e-02	1.94572284e-01	9.38027089e-01
3.48700000e+02	5.93681917e-01	2.18748370e-13	1.95058645e-01	9.35747245e-01	6.31313131e-01	8.07572573e-02	1.95058645e-01	9.36540635e-01
3.48800000e+02	5.93409586e-01	2.26296933e-13	1.95551336e-01	9.34223565e-01	6.30050505e-01	8.13476513e-02	1.95551336e-01	9.35038514e-01
3.48900000e+02	5.93137255e-01	2.34101357e-13	1.96050412e-01	9.32683943e-01	6.28787879e-01	8.19456980e-02	1.96050412e-01	9.33520817e-01
3.49000000e+02	5.92864924e-01	2.42170153e-13	1.96555927e-01	9.31128465e-01	6.27525253e-01	8.25514136e-02	1.96555927e-01	9.31987634e-01
3.49100000e+02	5.92592593e-01	2.50512109e-13	1.97067937e-01	9.29557220e-01	6.26262626e-01	8.31648147e-02	1.97067937e-01	9.30439058e-01
3.49200000e+02	5.92320261e-01	2.59136299e-13	1.97586497e-01	9.27970296e-01	6.25000000e-01	8.37859178e-02	1.97586497e-01	9.28875180e-01
3.49300000e+02	5.92047930e-01	2.68052092e-13	1.98111663e-01	9.26367782e-01	6.23737374e-01	8.44147395e-02	1.98111663e-01	9.27296095e-01
3.49400000e+02	5.91775599e-01	2.77269163e-13	1.98643490e-01	9.24749768e-01	6.22474747e-01	8.50512966e-02	1.98643490e-01	9.25701897e-01
3.49500000e+02	5.91503268e-01	2.86797501e-13	1.99182035e-01	9.23116346e-01	6.21212121e-01	8.56956059e-02	1.99182035e-01	9.24092681e-01
3.49600000e+02	5.91230937e-01	2.96647420e-13	1.99727355e-01	9.21467608e-01	6.19949495e-01	8.63476842e-02	1.99727355e-01	9.22468544e-01
3.49700000e+02	5.90958606e-01	3.06829569e-13	2.00279504e-01	9.19803644e-01	6.18686869e-01	8.70075486e-02	2.00279504e-01	9.20829581e-01
3.49800000e+02	5.90686275e-01	3.17354942e-13	2.00838542e-01	9.18124550e-01	6.17424242e-01	8.76752162e-02	2.00838542e-01	9.19175892e-01
3.49900000e+02	5.90413943e-01	3.28234890e-13	2.01404523e-01	9.16430418e-01	6.16161616e-01	8.83507040e-02	2.01404523e-01	9.17507573e-01
3.50000000e+02	5.90141612e-01	3.39481132e-13	2.01977507e-01	9.14721344e-01	6.14898990e-01	8.90340293e-02	2.01977507e-01	9.15824725e-01
3.50100000e+02	5.89869281e-01	3.51105766e-13	2.02557550e-01	9.12997422e-01	6.13636364e-01	8.97252094e-02	2.02557550e-01	9.14127446e-01
3.50200000e+02	5.89596950e-01	3.63121282e-13	2.03144709e-01	9.11258749e-01	6.12373737e-01	9.04242616e-02	2.03144709e-01	9.12415839e-01
3.50300000e+02	5.89324619e-01	3.75540574e-13	2.03739044e-01	9.09505421e-01	6.11111111e-01	9.11312033e-02	2.03739044e-01	9.10690005e-01
3.50400000e+02	5.89052288e-01	3.88376952e-13	2.04340612e-01	9.07737535e-01	6.09848485e-01	9.18460520e-02	2.04340612e-01	9.08950045e-01
3.50500000e+02	5.88779956e-01	4.01644158e-13	2.04949471e-01	9.05955191e-01	6.08585859e-01	9.25688251e-02	2.04949471e-01	9.07196063e-01
3.50600000e+02	5.88507625e-01	4.15356376e-13	2.05565681e-01	9.04158486e-01	6.07323232e-01	9.32995402e-02	2.05565681e-01	9.05428162e-01
3.50700000e+02	5.88235294e-01	4.29528247e-13	2.06189300e-01	9.02347520e-01	6.06060606e-01	9.40382150e-02	2.06189300e-01	9.03646447e-01
3.50800000e+02	5.87962963e-01	4.44174885e-13	2.06820388e-01	9.00522393e-01	6.04797980e-01	9.47848671e-02	2.06820388e-01	9.01851023e-01
3.50900000e+02	5.87690632e-01	4.59311891e-13	2.07459003e-01	8.98683206e-01	6.03535354e-01	9.55395141e-02	2.07459003e-01	9.00041996e-01
3.51000000e+02	5.87418301e-01	4.74955369e-13	2.08105206e-01	8.96830060e-01	6.02272727e-01	9.63021738e-02	2.08105206e-01	8.98219472e-01
3.51100000e+02	5.87145969e-01	4.91121939e-13	2.08759056e-01	8.94963056e-01	6.01010101e-01	9.70728639e-02	2.08759056e-01	8.96383559e-01
3.51200000e+02	5.86873638e-01	5.07828756e-13	2.09420613e-01	8.93082298e-01	5.99747475e-01	9.78516021e-02	2.09420613e-01	8.94534365e-01
3.51300000e+02	5.86601307e-01	5.25093528e-13	2.10089938e-01	8.91187889e-01	5.98484848e-01	9.86384064e-02	2.10089938e-01	8.92671997e-01
3.51400000e+02	5.86328976e-01	5.42934529e-13	2.10767091e-01	8.89279931e-01	5.97222222e-01	9.94332944e-02	2.10767091e-01	8.90796566e-01
3.51500000e+02	5.86056645e-01	5.61370622e-13	2.11452134e-01	8.87358530e-01	5.95959596e-01	1.00236284e-01	2.11452134e-01	8.88908181e-01
3.51600000e+02	5.85784314e-01	5.80421273e-13	2.12145126e-01	8.85423791e-01	5.94696970e-01	1.01047393e-01	2.12145126e-01	8.87006953e-01
3.51700000e+02	5.85511983e-01	6.00106572e-13	2.12846130e-01	8.83475818e-01	5.93434343e-01	1.01866640e-01	2.12846130e-01	8.85092993e-01
3.51800000e+02	5.85239651e-01	6.20447252e-13	2.13555207e-01	8.81514718e-01	5.92171717e-01	1.02694041e-01	2.13555207e-01	8.83166412e-01
3.51900000e+02	5.84967320e-01	6.41464711e-13	2.14272418e-01	8.79540598e-01	5.90909091e-01	1.03529616e-01	2.14272418e-01	8.81227324e-01
3.52000000e+02	5.84694989e-01	6.63181030e-13	2.14997826e-01	8.77553564e-01	5.89646465e-01	1.04373381e-01	2.14997826e-01	8.79275840e-01
3.52100000e+02	5.84422658e-01	6.85618996e-13	2.15731492e-01	8.75553724e-01	5.88383838e-01	1.05225355e-01	2.15731492e-01	8.77312075e-01
3.52200000e+02	5.84150327e-01	7.08802123e-13	2.16473480e-01	8.73541186e-01	5.87121212e-01	1.06085555e-01	2.16473480e-01	8.75336143e-01
3.52300000e+02	5.83877996e-01	7.32754677e-13	2.17223852e-01	8.71516059e-01	5.85858586e-01	1.06954000e-01	2.17223852e-01	8.73348159e-01
3.52400000e+02	5.83605664e-01	7.57501697e-13	2.17982671e-01	8.69478451e-01	5.84595960e-01	1.07830707e-01	2.17982671e-01	8.71348238e-01
3.52500000e+02	5.83333333e-01	7.83069019e-13	2.18750000e-01	8.67428473e-01	5.83333333e-01	1.08715693e-01	2.18750000e-01	8.69336495e-01
3.52600000e+02	5.83061002e-01	8.09483304e-13	2.19525902e-01	8.65366235e-01	5.82070707e-01	1.09608977e-01	2.19525902e-01	8.67313048e-01
3.52700000e+02	5.82788671e-01	8.36772060e-13	2.20310441e-01	8.63291846e-01	5.80808081e-01	1.10510576e-01	2.20310441e-01	8.65278013e-01
3.52800000e+02	5.82516340e-01	8.64963670e-13	2.21103682e-01	8.61205418e-01	5.79545455e-01	1.11420507e-01	2.21103682e-01	8.63231508e-01
3.52900000e+02	5.82244009e-01	8.94087420e-13	2.21905687e-01	8.59107063e-01	5.78282828e-01	1.12338789e-01	2.21905687e-01	8.61173651e-01
3.53000000e+02	5.81971678e-01	9.24173525e-13	2.22716521e-01	8.56996891e-01	5.77020202e-01	1.13265439e-01	2.22716521e-01	8.59104560e-01
3.53100000e+02	5.81699346e-01	9.55253161e-13	2.23536250e-01	8.54875017e-01	5.75757576e-01	1.14200475e-01	2.23536250e-01	8.57024354e-01
3.53200000e+02	5.81427015e-01	9.87358490e-13	2.24364937e-01	8.52741551e-01	5.74494949e-01	1.15143913e-01	2.24364937e-01	8.54933154e-01
3.53300000e+02	5.81154684e-01	1.02052270e-12	2.25202647e-01	8.50596608e-01	5.73232323e-01	1.16095771e-01	2.25202647e-01	8.52831078e-01
3.53400000e+02	5.80882353e-01	1.05478001e-12	2.26049447e-01	8.48440301e-01	5.71969697e-01	1.17056067e-01	2.26049447e-01	8.50718248e-01
3.53500000e+02	5.80610022e-01	1.09016576e-12	2.26905401e-01	8.46272743e-01	5.70707071e-01	1.18024817e-01	2.26905401e-01	8.48594784e-01
3.53600000e+02	5.80337691e-01	1.12671637e-12	2.27770576e-01	8.44094049e-01	5.69444444e-01	1.19002039e-01	2.27770576e-01	8.46460809e-01
3.53700000e+02	5.80065359e-01	1.16446943e-12	2.28645036e-01	8.41904334e-01	5.68181818e-01	1.19987750e-01	2.28645036e-01	8.44316443e-01
3.53800000e+02	5.79793028e-01	1.20346372e-12	2.29528849e-01	8.39703712e-01	5.66919192e-01	1.20981967e-01	2.29528849e-01	8.42161810e-01
3.53900000e+02	5.79520697e-01	1.24373923e-12	2.30422081e-01	8.37492300e-01	5.65656566e-01	1.21984707e-01	2.30422081e-01	8.39997031e-01
3.54000000e+02	5.79248366e-01	1.28533723e-12	2.31324799e-01	8.35270211e-01	5.64393939e-01	1.22995987e-01	2.31324799e-01	8.37822230e-01
3.54100000e+02	5.78976035e-01	1.32830026e-12	2.32237069e-01	8.33037564e-01	5.63131313e-01	1.24015822e-01	2.32237069e-01	8.35637531e-01
3.54200000e+02	5.78703704e-01	1.37267225e-12	2.33158958e-01	8.30794473e-01	5.61868687e-01	1.25044231e-01	2.33158958e-01	8.33443057e-01
3.54300000e+02	5.78431373e-01	1.41849847e-12	2.34090535e-01	8.28541056e-01	5.60606061e-01	1.26081229e-01	2.34090535e-01	8.31238934e-01
3.54400000e+02	5.78159041e-01	1.46582562e-12	2.35031866e-01	8.26277429e-01	5.59343434e-01	1.27126833e-01	2.35031866e-01	8.29025285e-01
3.54500000e+02	5.77886710e-01	1.51470189e-12	2.35983020e-01	8.24003710e-01	5.58080808e-01	1.28181059e-01	2.35983020e-01	8.26802236e-01
3.54600000e+02	5.77614379e-01	1.56517696e-12	2.36944064e-01	8.21720016e-01	5.56818182e-01	1.29243923e-01	2.36944064e-01	8.24569912e-01
3.54700000e+02	5.77342048e-01	1.61730210e-12	2.37915067e-01	8.19426464e-01	5.55555556e-01	1.30315441e-01	2.37915067e-01	8.22328440e-01
3.54800000e+02	5.77069717e-01	1.67113014e-12	2.38896098e-01	8.17123174e-01	5.54292929e-01	1.31395630e-01	2.38896098e-01	8.20077944e-01
3.54900000e+02	5.76797386e-01	1.72671562e-12	2.39887225e-01	8.14810262e-01	5.53030303e-01	1.32484504e-01	2.39887225e-01	8.17818553e-01
3.55000000e+02	5.76525054e-01	1.78411474e-12	2.40888517e-01	8.12487848e-01	5.51767677e-01	1.33582080e-01	2.40888517e-01	8.15550392e-01
3.55100000e+02	5.76252723e-01	1.84338551e-12	2.41900044e-01	8.10156050e-01	5.50505051e-01	1.34688373e-01	2.41900044e-01	8.13273589e-01
3.55200000e+02	5.75980392e-01	1.90458771e-12	2.42921875e-01	8.07814988e-01	5.49242424e-01	1.35803398e-01	2.42921875e-01	8.10988271e-01
3.55300000e+02	5.75708061e-01	1.96778301e-12	2.43954080e-01	8.05464779e-01	5.47979798e-01	1.36927171e-01	2.43954080e-01	8.08694566e-01
3.55400000e+02	5.75435730e-01	2.03303502e-12	2.44996728e-01	8.03105545e-01	5.46717172e-01	1.38059706e-01	2.44996728e-01	8.06392603e-01
3.55500000e+02	5.75163399e-01	2.10040929e-12	2.46049891e-01	8.00737403e-01	5.45454545e-01	1.39201018e-01	2.46049891e-01	8.04082508e-01
3.55600000e+02	5.74891068e-01	2.16997347e-12	2.47113638e-01	7.98360474e-01	5.44191919e-01	1.40351122e-01	2.47113638e-01	8.01764412e-01
3.55700000e+02	5.74618736e-01	2.24179729e-12	2.48188040e-01	7.95974878e-01	5.42929293e-01	1.41510033e-01	2.48188040e-01	7.99438442e-01
3.55800000e+02	5.74346405e-01	2.31595265e-12	2.49273168e-01	7.93580734e-01	5.41666667e-01	1.42677765e-01	2.49273168e-01	7.97104728e-01
3.55900000e+02	5.74074074e-01	2.39251371e-12	2.50369093e-01	7.91178163e-01	5.40404040e-01	1.43854331e-01	2.50369093e-01	7.94763400e-01
3.56000000e+02	5.73801743e-01	2.47155690e-12	2.51475887e-01	7.88767285e-01	5.39141414e-01	1.45039746e-01	2.51475887e-01	7.92414586e-01
3.56100000e+02	5.73529412e-01	2.55316107e-12	2.52593621e-01	7.86348221e-01	5.37878788e-01	1.46234024e-01	2.52593621e-01	7.90058416e-01
3.56200000e+02	5.73257081e-01	2.63740749e-12	2.53722368e-01	7.83921090e-01	5.36616162e-01	1.47437178e-01	2.53722368e-01	7.87695021e-01
3.56300000e+02	5.72984749e-01	2.72437997e-12	2.54862198e-01	7.81486015e-01	5.35353535e-01	1.48649222e-01	2.54862198e-01	7.85324531e-01
3.56400000e+02	5.72712418e-01	2.81416491e-12	2.56013185e-01	7.79043114e-01	5.34090909e-01	1.49870168e-01	2.56013185e-01	7.82947076e-01
3.56500000e+02	5.72440087e-01	2.90685139e-12	2.57175401e-01	7.76592510e-01	5.32828283e-01	1.51100030e-01	2.57175401e-01	7.80562787e-01
3.56600000e+02	5.72167756e-01	3.00253125e-12	2.58348918e-01	7.74134323e-01	5.31565657e-01	1.52338821e-01	2.58348918e-01	7.78171794e-01
3.56700000e+02	5.71895425e-01	3.10129919e-12	2.59533811e-01	7.71668674e-01	5.30303030e-01	1.53586552e-01	2.59533811e-01	7.75774228e-01
3.56800000e+02	5.71623094e-01	3.20325280e-12	2.60730152e-01	7.69195684e-01	5.29040404e-01	1.54843236e-01	2.60730152e-01	7.73370221e-01
3.56900000e+02	5.71350763e-01	3.30849274e-12	2.61938014e-01	7.66715474e-01	5.27777778e-01	1.56108885e-01	2.61938014e-01	7.70959904e-01
3.57000000e+02	5.71078431e-01	3.41712274e-12	2.63157472e-01	7.64228165e-01	5.26515152e-01	1.57383511e-01	2.63157472e-01	7.68543407e-01
3.57100000e+02	5.70806100e-01	3.52924975e-12	2.64388599e-01	7.61733879e-01	5.25252525e-01	1.58667126e-01	2.64388599e-01	7.66120863e-01
3.57200000e+02	5.70533769e-01	3.64498402e-12	2.65631469e-01	7.59232736e-01	5.23989899e-01	1.59959740e-01	2.65631469e-01	7.63692403e-01
3.57300000e+02	5.70261438e-01	3.76443918e-12	2.66886158e-01	7.56724858e-01	5.22727273e-01	1.61261366e-01	2.66886158e-01	7.61258158e-01
3.57400000e+02	5.69989107e-01	3.88773239e-12	2.68152739e-01	7.54210365e-01	5.21464646e-01	1.62572012e-01	2.68152739e-01	7.58818261e-01
3.57500000e+02	5.69716776e-01	4.01498440e-12	2.69431288e-01	7.51689380e-01	5.20202020e-01	1.63891691e-01	2.69431288e-01	7.56372844e-01
3.57600000e+02	5.69444444e-01	4.14631968e-12	2.70721880e-01	7.49162023e-01	5.18939394e-01	1.65220413e-01	2.70721880e-01	7.53922038e-01
3.57700000e+02	5.69172113e-01	4.28186652e-12	2.72024590e-01	7.46628415e-01	5.17676768e-01	1.66558186e-01	2.72024590e-01	7.51465976e-01
3.57800000e+02	5.68899782e-01	4.42175716e-12	2.73339493e-01	7.44088677e-01	5.16414141e-01	1.67905022e-01	2.73339493e-01	7.49004789e-01
3.57900000e+02	5.68627451e-01	4.56612791e-12	2.74666667e-01	7.41542931e-01	5.15151515e-01	1.69260930e-01	2.74666667e-01	7.46538611e-01
3.58000000e+02	5.68355120e-01	4.71511923e-12	2.76006186e-01	7.38991296e-01	5.13888889e-01	1.70625918e-01	2.76006186e-01	7.44067572e-01
3.58100000e+02	5.68082789e-01	4.86887591e-12	2.77358126e-01	7.36433895e-01	5.12626263e-01	1.71999996e-01	2.77358126e-01	7.41591806e-01
3.58200000e+02	5.67810458e-01	5.02754718e-12	2.78722566e-01	7.33870848e-01	5.11363636e-01	1.73383171e-01	2.78722566e-01	7.39111444e-01
3.58300000e+02	5.67538126e-01	5.19128683e-12	2.80099581e-01	7.31302276e-01	5.10101010e-01	1.74775453e-01	2.80099581e-01	7.36626620e-01
3.58400000e+02	5.67265795e-01	5.36025334e-12	2.81489248e-01	7.28728298e-01	5.08838384e-01	1.76176850e-01	2.81489248e-01	7.34137464e-01
3.58500000e+02	5.66993464e-01	5.53461007e-12	2.82891645e-01	7.26149037e-01	5.07575758e-01	1.77587368e-01	2.82891645e-01	7.31644111e-01
3.58600000e+02	5.66721133e-01	5.71452534e-12	2.84306849e-01	7.23564612e-01	5.06313131e-01	1.79007016e-01	2.84306849e-01	7.29146692e-01
3.58700000e+02	5.66448802e-01	5.90017263e-12	2.85734938e-01	7.20975144e-01	5.05050505e-01	1.80435800e-01	2.85734938e-01	7.26645339e-01
3.58800000e+02	5.66176471e-01	6.09173069e-12	2.87175990e-01	7.18380752e-01	5.03787879e-01	1.81873727e-01	2.87175990e-01	7.24140184e-01
3.58900000e+02	5.65904139e-01	6.28938374e-12	2.88630083e-01	7.15781557e-01	5.02525253e-01	1.83320803e-01	2.88630083e-01	7.21631361e-01
3.59000000e+02	5.65631808e-01	6.49332160e-12	2.90097296e-01	7.13177678e-01	5.01262626e-01	1.84777035e-01	2.90097296e-01	7.19119001e-01
3.59100000e+02	5.65359477e-01	6.70373987e-12	2.91577707e-01	7.10569236e-01	5.00000000e-01	1.86242427e-01	2.91577707e-01	7.16603236e-01
3.59200000e+02	5.65087146e-01	6.92084011e-12	2.93071395e-01	7.07956350e-01	4.98737374e-01	1.87716986e-01	2.93071395e-01	7.14084199e-01
3.59300000e+02	5.64814815e-01	7.14482999e-12	2.94578439e-01	7.05339139e-01	4.97474747e-01	1.89200716e-01	2.94578439e-01	7.11562022e-01
3.59400000e+02	5.64542484e-01	7.37592351e-12	2.96098919e-01	7.02717723e-01	4.96212121e-01	1.90693621e-01	2.96098919e-01	7.09036836e-01
3.59500000e+02	5.64270153e-01	7.61434114e-12	2.97632914e-01	7.00092220e-01	4.94949495e-01	1.92195707e-01	2.97632914e-01	7.06508774e-01
3.59600000e+02	5.63997821e-01	7.86031007e-12	2.99180504e-01	6.97462749e-01	4.93686869e-01	1.93706977e-01	2.99180504e-01	7.03977967e-01
3.59700000e+02	5.63725490e-01	8.11406434e-12	3.00741770e-01	6.94829429e-01	4.92424242e-01	1.95227434e-01	3.00741770e-01	7.01444547e-01
3.59800000e+02	5.63453159e-01	8.37584510e-12	3.02316791e-01	6.92192379e-01	4.91161616e-01	1.96757082e-01	3.02316791e-01	6.98908647e-01
3.59900000e+02	5.63180828e-01	8.64590081e-12	3.03905648e-01	6.89551715e-01	4.89898990e-01	1.98295923e-01	3.03905648e-01	6.96370397e-01
3.60000000e+02	5.62908497e-01	8.92448742e-12	3.05508422e-01	6.86907557e-01	4.88636364e-01	1.99843960e-01	3.05508422e-01	6.93829928e-01
